codigo_producto,caja_grosor_mm,caja_exterior_largo,caja_exterior_ancho,caja_exterior_alto
BR0001,3.0,400.0,300.0,296.42
BR0002,2.5,400.0,300.0,281.59
BR0003,2.7,400.0,300.0,163.63
BR0004,3.0,400.0,300.0,238.97
BR0005,2.7,400.0,300.0,257.14
BR0006,2.5,400.0,300.0,281.59
BR0007,3.0,400.0,300.0,300.0
BR0008,2.7,400.0,300.0,200.0
BR0009,3.0,400.0,300.0,178.34
BR0010,3.0,400.0,300.0,163.44
BR0011,3.0,400.0,300.0,296.42
BR0012,2.7,400.0,300.0,209.65
BR0013,3.0,400.0,300.0,238.97
BR0014,2.5,400.0,300.0,257.14
BR0015,2.5,400.0,300.0,257.14
BR0016,2.5,400.0,300.0,257.14
BR0017,3.0,400.0,300.0,238.97
BR0018,2.7,400.0,300.0,300.0
BR0019,2.7,400.0,276.67,250.08
BR0020,3.0,400.0,277.27,217.7
BR0021,3.0,400.0,240.0,215.57
BR0022,2.7,400.0,273.48,225.0
BR0023,3.0,400.0,240.0,196.42
BR0024,3.0,400.0,266.63,256.0
BR0025,3.0,400.0,300.0,178.34
BR0026,3.0,400.0,300.0,223.02
BR0027,3.0,400.0,300.0,178.34
BR0028,2.7,400.0,300.0,224.54
BR0029,3.0,400.0,300.0,178.34
BR0030,3.0,400.0,300.0,178.34
BR0031,3.0,400.0,300.0,178.34
BR0032,3.0,400.0,300.0,163.44
BR0033,2.7,400.0,300.0,200.0
BR0034,3.0,400.0,240.0,196.42
BR0035,2.7,400.0,300.0,224.54
BR0036,3.0,400.0,300.0,163.44
BR0037,2.7,400.0,273.48,257.14
BR0038,2.7,400.0,276.67,250.08
BR0039,3.0,400.0,266.63,250.68
BR0040,2.7,400.0,276.67,250.08
BR0041,2.7,400.0,276.67,250.08
BR0042,3.0,400.0,277.27,200.0
BR0043,3.0,400.0,240.0,159.19
BR0044,3.0,400.0,240.0,159.19
BR0045,2.5,400.0,171.42,163.63
BR0046,3.0,400.0,240.0,159.19
BR0047,3.0,400.0,240.0,159.19
BR0048,3.0,400.0,266.63,250.68
BR0049,2.7,400.0,240.0,266.03
BR0050,2.7,400.0,240.0,237.31
BR0051,2.5,400.0,273.08,245.42
BR0052,2.7,400.0,240.0,254.33
BR0053,2.7,400.0,273.48,225.0
BR0054,2.7,400.0,240.0,266.03
BR0055,2.7,400.0,240.0,254.33
BR0056,2.7,400.0,240.0,254.33
BR0057,3.0,400.0,240.0,244.29
BR0058,2.5,400.0,171.42,163.63
BR0059,2.7,400.0,240.0,266.03
BR0060,3.0,400.0,240.0,244.29
BR0061,3.0,400.0,240.0,244.29
BR0062,3.0,400.0,240.0,244.29
BR0063,3.0,400.0,240.0,244.29
BR0064,2.7,400.0,273.48,255.4
BR0065,3.0,400.0,300.0,178.34
BR0066,3.0,400.0,300.0,163.44
BR0067,2.7,400.0,276.67,250.08
BR0068,3.0,400.0,300.0,223.02
BR0069,3.0,400.0,277.27,225.0
BR0070,3.0,400.0,277.27,200.0
BR0071,3.0,400.0,277.27,217.7
BR0072,3.0,400.0,266.63,225.0
BR0073,2.7,400.0,300.0,163.63
BR0074,2.7,400.0,300.0,257.14
BR0075,2.5,400.0,300.0,281.59
BR0076,2.5,400.0,276.27,162.44
BR0077,2.7,400.0,300.0,257.14
BR0078,3.0,400.0,300.0,279.4
BR0079,2.5,400.0,276.27,255.0
BR0080,3.0,400.0,277.27,287.91
BR0081,3.0,400.0,277.27,298.55
BR0082,3.0,400.0,300.0,300.0
BR0083,3.0,400.0,300.0,279.4
BR0084,2.5,400.0,276.27,255.0
BR0085,3.0,400.0,277.27,287.91
BR0086,3.0,400.0,240.0,244.29
BR0087,2.7,400.0,240.0,225.0
BR0088,2.5,400.0,276.27,225.0
BR0089,2.5,400.0,240.0,255.0
BR0090,2.7,400.0,240.0,225.0
BR0091,2.7,400.0,240.0,225.0
BR0092,3.0,400.0,266.63,250.68
BR0092XL,3.0,400.0,300.0,238.97
BR0093,3.0,400.0,266.63,250.68
BR0094,3.0,400.0,277.27,225.0
BR0095,3.0,400.0,277.27,217.7
BR0096,3.0,400.0,277.27,200.0
BR0097,3.0,400.0,240.0,215.57
BR0098,3.0,400.0,266.63,225.0
BR0099,3.0,400.0,240.0,215.57
BR0100,3.0,400.0,300.0,178.34
BR0101,3.0,400.0,300.0,178.34
BR0102,2.7,400.0,300.0,194.76
BR0103,2.7,400.0,300.0,200.0
BR0104,2.7,400.0,300.0,200.0
BR0105,3.0,400.0,300.0,178.34
BR0106,3.0,400.0,277.27,225.0
BR0107,2.5,400.0,273.08,245.42
BR0108,3.0,400.0,300.0,317.7
BR0109,3.0,400.0,300.0,317.7
BR0110,2.7,400.0,273.48,225.0
BR0111,3.0,400.0,277.27,200.0
BR0112,2.7,400.0,273.48,225.0
BR0113,2.7,400.0,300.0,300.0
BR0114,3.0,400.0,300.0,271.95
BR0115,3.0,400.0,300.0,279.4
BR0116,3.0,400.0,300.0,163.44
BR0117,3.0,400.0,300.0,256.0
BR0118,2.5,400.0,300.0,225.0
BR0119,3.0,400.0,300.0,198.55
BR0120,3.0,400.0,300.0,223.02
BR0121,2.7,400.0,300.0,360.0
BR0122,2.7,400.0,300.0,360.0
BR0123,2.7,400.0,300.0,300.0
BR0124,2.7,400.0,300.0,360.0
BR0125,2.7,400.0,300.0,200.0
BR0126,3.0,400.0,300.0,257.14
BR0127,2.7,400.0,300.0,200.0
BR0128,3.0,400.0,277.27,225.0
BR0129,3.0,400.0,277.27,225.0
BR0130,2.7,400.0,300.0,257.14
BR0131,3.0,400.0,300.0,271.95
BR0132,3.0,400.0,240.0,248.55
BR0133,3.0,400.0,240.0,248.55
BR0134,3.0,400.0,300.0,271.95
BR0135,3.0,400.0,300.0,271.95
BR0136,3.0,400.0,300.0,271.95
BR0136XL,2.5,400.0,300.0,281.59
BR0137,3.0,400.0,277.27,298.55
BR0138,3.0,400.0,240.0,159.19
BR0139,2.5,400.0,300.0,292.23
BR0140,2.7,400.0,300.0,257.14
BR0141,2.7,400.0,300.0,257.14
BR0142,3.0,400.0,300.0,317.7
BR0143,3.0,400.0,300.0,257.14
BR0144,2.7,400.0,273.48,225.0
BR0145,3.0,400.0,300.0,179.4
BR0146,3.0,400.0,300.0,179.4
BR0147,3.0,400.0,300.0,223.02
BR0148,2.7,400.0,300.0,200.0
BR0149,3.0,400.0,300.0,175.14
BR0150,3.0,400.0,300.0,198.55
BR0151,3.0,400.0,300.0,225.0
BR0152,2.7,400.0,300.0,200.0
BR0153,2.7,400.0,300.0,249.01
BR0154,3.0,400.0,300.0,223.02
BR0155,2.7,400.0,300.0,200.0
BR0156,3.0,400.0,300.0,178.34
BR0157,2.7,400.0,300.0,249.01
BR0158,3.0,400.0,300.0,178.34
BR0159,3.0,400.0,300.0,163.44
BR0160,3.0,400.0,300.0,163.44
BR0161,3.0,400.0,300.0,200.0
BR0162,2.7,400.0,300.0,224.54
BR0163,2.7,400.0,300.0,209.65
BR0164,3.0,400.0,300.0,163.44
BR0165,2.7,400.0,300.0,200.0
BR0166,3.0,400.0,300.0,150.0
BR0167,3.0,400.0,300.0,163.44
BR0168,2.7,400.0,300.0,200.0
BR0169,2.7,400.0,273.48,225.0
BR0170,3.0,400.0,300.0,150.0
BR0171,3.0,400.0,300.0,163.44
BR0172,3.0,400.0,300.0,225.0
BR0173,3.0,400.0,277.27,225.0
BR0174,3.0,400.0,300.0,163.44
BR0175,2.5,400.0,300.0,281.59
BR0176,2.5,400.0,276.27,162.44
BR0177,2.5,400.0,276.27,162.44
BR0178,2.7,400.0,240.0,184.12
BR0179,3.0,400.0,300.0,150.0
BR0180,2.5,400.0,276.27,162.44
BR0181,2.5,400.0,276.27,162.44
BR0182,3.0,400.0,300.0,257.14
BR0183,3.0,400.0,266.63,225.0
BR0184,2.7,400.0,300.0,200.0
BR0185,3.0,400.0,277.27,298.55
BR0186,2.7,400.0,300.0,200.0
BR0187,3.0,400.0,269.82,300.0
BR0188,3.0,400.0,300.0,200.0
BR0189,2.7,400.0,276.67,250.08
BR0190,3.0,400.0,266.63,250.68
BR0191,3.0,400.0,266.63,225.0
BR0192,2.7,400.0,240.0,214.97
BR0193,3.0,400.0,277.27,287.91
BR0194,3.0,400.0,300.0,296.42
BR0195,2.7,400.0,300.0,300.0
BR0196,3.0,400.0,277.27,287.91
BR0197,2.7,400.0,300.0,200.0
BR0198,2.7,400.0,300.0,200.0
BR0199,2.7,400.0,300.0,224.54
BR0200,3.0,400.0,300.0,178.34
BR0201,3.0,400.0,300.0,223.02
BR0202,3.0,400.0,300.0,178.34
BR0203,3.0,400.0,266.63,225.0
BR0204,2.7,400.0,273.48,225.0
BR0205,3.0,400.0,300.0,225.0
BR0206,3.0,400.0,300.0,200.0
BR0207,3.0,400.0,300.0,198.55
BR0208,2.5,400.0,276.27,255.0
BR0209,3.0,400.0,300.0,178.34
BR0209XL,3.0,400.0,300.0,200.0
BR0210,3.0,400.0,300.0,178.34
BR0211,3.0,400.0,300.0,175.14
BR0212,3.0,400.0,291.1,360.0
BR0213,2.5,400.0,300.0,200.0
BR0214,2.7,400.0,300.0,194.76
BR0215,2.7,400.0,300.0,194.76
BR0216,2.5,400.0,276.27,162.44
BR0217,3.0,400.0,300.0,179.4
BR0218,3.0,400.0,300.0,178.34
BR0219,2.5,400.0,300.0,163.63
BR0220,3.0,400.0,277.27,180.0
BR0221,3.0,400.0,277.27,180.0
BR0222,3.0,400.0,277.27,200.0
BR0223,3.0,400.0,277.27,180.0
BR0224,2.5,400.0,276.27,162.44
BR0225,2.7,400.0,240.0,163.63
BR0226,3.0,400.0,277.27,180.0
BR0227,3.0,400.0,240.0,196.42
BR0228,3.0,400.0,277.27,180.0
BR0229,3.0,400.0,277.27,200.0
BR0230,3.0,400.0,300.0,150.0
BR0231,3.0,400.0,300.0,178.34
BR0232,2.7,400.0,300.0,249.01
BR0233,3.0,400.0,300.0,300.0
BR0234,3.0,400.0,277.27,180.0
BR0235,2.7,400.0,276.67,257.14
BR0236,2.7,400.0,273.48,255.4
BR0237,2.7,400.0,300.0,249.01
BR0238,3.0,400.0,300.0,257.14
BR0239,3.0,400.0,240.0,269.82
BR0240,3.0,400.0,240.0,269.82
BR0241,2.7,400.0,300.0,257.14
BR0242,2.7,400.0,300.0,257.14
BR0243,3.0,400.0,277.27,298.55
BR0244,3.0,400.0,300.0,256.0
BR0245,3.0,400.0,240.0,244.29
BR0246,2.7,400.0,240.0,257.14
BR0247,2.5,400.0,240.0,343.29
BR0248,3.0,400.0,277.27,347.48
BR0249,2.5,400.0,300.0,281.59
BR0250,2.5,400.0,300.0,281.59
BR0251,2.5,400.0,240.0,353.93
BR0252,2.5,400.0,240.0,353.93
BR0253,2.7,400.0,276.67,354.33
BR0254,2.7,400.0,276.67,354.33
BR0255,3.0,400.0,291.1,360.0
BR0256,3.0,400.0,291.1,360.0
BR0257,3.0,400.0,300.0,296.42
BR0258,2.5,400.0,300.0,281.59
BR0259,2.5,400.0,240.0,255.0
BR0260,3.0,400.0,277.27,225.0
BR0261,3.0,400.0,269.82,196.42
BR0262,3.0,400.0,277.27,200.0
BR0263,2.7,400.0,240.0,206.46
BR0264,3.0,400.0,240.0,215.57
BR0265,3.0,400.0,240.0,196.42
BR0266,2.7,400.0,300.0,257.14
BR0267,2.5,400.0,240.0,343.29
BR0268,3.0,400.0,300.0,178.34
BR0269,3.0,400.0,300.0,186.85
BR0270,3.0,400.0,300.0,200.0
BR0271,3.0,400.0,300.0,198.55
BR0272,3.0,400.0,300.0,257.14
BR0273,3.0,400.0,300.0,223.02
BR0274,2.7,400.0,300.0,257.14
BR0275,2.7,400.0,300.0,163.63
BR0276,3.0,400.0,300.0,163.44
BR0277,3.0,400.0,300.0,300.0
BR0278,3.0,400.0,300.0,300.0
BR0279,2.7,400.0,300.0,257.14
BR0280,2.7,400.0,300.0,257.14
BR0281,3.0,400.0,300.0,223.02
BR0282,3.0,400.0,300.0,271.95
BR0283,3.0,400.0,300.0,225.0
BR0284,2.7,400.0,300.0,200.0
BR0285,3.0,400.0,300.0,178.34
BR0286,3.0,400.0,300.0,179.4
BR0287,3.0,400.0,300.0,279.4
BR0288,3.0,400.0,266.63,225.0
BR0289,2.7,400.0,240.0,214.97
BR0290,3.0,400.0,300.0,300.0
BR0291,2.7,400.0,300.0,195.82
BR0292,2.5,400.0,300.0,281.59
BR0293,3.0,400.0,300.0,223.02
BR0294,2.7,400.0,300.0,179.86
BR0295,3.0,400.0,300.0,238.97
BR0296,3.0,400.0,300.0,238.97
BR0297,3.0,400.0,300.0,150.0
BR0298,3.0,400.0,300.0,150.0
BR0299,3.0,400.0,300.0,223.02
BR0300,2.7,400.0,240.0,225.0
BR0301,2.5,400.0,240.0,257.14
BR0302,3.0,400.0,240.0,215.57
BR0303,3.0,400.0,240.0,159.19
BR0304,2.7,400.0,240.0,184.12
BR0305,2.7,400.0,300.0,257.14
BR0306,3.0,400.0,300.0,257.14
BR0307,3.0,400.0,300.0,257.14
BR0308,2.7,400.0,300.0,224.54
BR0309,3.0,400.0,300.0,175.14
BR0310,2.5,400.0,268.82,300.0
BR0310XL,3.0,400.0,300.0,271.95
BR0311,3.0,400.0,300.0,223.02
BR0312,3.0,400.0,300.0,223.02
BR0313,3.0,400.0,300.0,223.02
BR0314,3.0,400.0,300.0,175.14
BR0314XL,3.0,400.0,300.0,178.34
BR0315,3.0,400.0,300.0,178.34
BR0316,3.0,400.0,300.0,163.44
BR0317,3.0,400.0,300.0,163.44
BR0318,2.7,400.0,300.0,200.0
BR0319,3.0,400.0,300.0,163.44
BR0320,3.0,400.0,300.0,225.0
BR0321,2.5,400.0,240.0,257.14
BR0322,3.0,400.0,300.0,225.0
BR0323,3.0,400.0,300.0,256.0
BR0324,3.0,400.0,269.82,180.0
BR0325,2.5,400.0,276.27,255.0
BR0326,2.7,400.0,240.0,272.42
BR0327,3.0,400.0,240.0,291.1
BR0328,2.7,400.0,240.0,225.0
BR0329,3.0,400.0,240.0,244.29
BR0330,2.7,400.0,240.0,225.0
BR0331,3.0,400.0,240.0,244.29
BR0332,3.0,400.0,266.63,256.0
BR0333,3.0,400.0,300.0,223.02
BR0334,2.5,400.0,273.08,245.42
BR0335,2.5,400.0,273.08,245.42
BR0336,3.0,400.0,277.27,200.0
BR0337,2.7,400.0,240.0,225.0
BR0338,3.0,400.0,300.0,178.34
BR0339,3.0,400.0,240.0,269.82
BR0340,3.0,400.0,277.27,225.0
BR0340XL,3.0,400.0,266.63,250.68
BR0341,2.7,400.0,240.0,225.0
BR0342,2.7,400.0,276.67,250.08
BR0343,2.7,400.0,276.67,346.88
BR0344,3.0,400.0,277.27,298.55
BR0345,3.0,400.0,300.0,317.7
BR0346,3.0,400.0,300.0,257.14
BR0347,3.0,400.0,300.0,257.14
BR0348,3.0,400.0,300.0,300.0
BR0349,3.0,400.0,300.0,257.14
BR0350,2.7,400.0,300.0,200.0
BR0351,2.7,400.0,300.0,200.0
BR0352,2.5,400.0,268.82,300.0
BR0353,2.7,400.0,240.0,266.03
BR0354,3.0,400.0,277.27,287.91
BR0355,3.0,400.0,277.27,200.0
BR0356,2.7,400.0,273.48,257.14
BR0357,3.0,400.0,240.0,244.29
BR0358,2.7,400.0,300.0,257.14
BR0359,3.0,400.0,240.0,244.29
BR0360,2.7,400.0,300.0,200.0
BR0361,3.0,400.0,300.0,163.44
BR0362,3.0,400.0,300.0,279.4
BR0363,3.0,400.0,300.0,296.42
BR0364,3.0,400.0,300.0,238.97
BR0365,3.0,400.0,300.0,178.34
BR0366,3.0,400.0,300.0,223.02
BR0367,2.7,400.0,300.0,195.82
BR0368,3.0,400.0,300.0,198.55
BR0369,3.0,400.0,300.0,279.4
BR0370,3.0,400.0,300.0,238.97
BR0371,2.5,400.0,300.0,257.14
BR0372,2.7,400.0,300.0,257.14
BR0373,2.5,400.0,300.0,292.23
BR0374,2.5,400.0,300.0,257.14
BR0375,2.5,400.0,300.0,257.14
BR0376,3.0,400.0,300.0,257.14
BR0377,2.5,400.0,300.0,257.14
BR0378,3.0,400.0,266.63,256.0
BR0379,3.0,400.0,266.63,250.68
BR0380,3.0,400.0,266.63,250.68
BR0381,3.0,400.0,277.27,225.0
BR0382,3.0,400.0,277.27,225.0
BR0383,2.7,400.0,273.48,225.0
BR0384,3.0,400.0,277.27,217.7
BR0385,3.0,400.0,277.27,217.7
BR0386,2.7,400.0,300.0,224.54
BR0387,3.0,400.0,300.0,200.0
BR0388,3.0,400.0,240.0,244.29
BR0389,3.0,400.0,277.27,225.0
BR0390,2.7,400.0,276.67,250.08
BR0391,3.0,400.0,269.82,196.42
BR0392,3.0,400.0,300.0,178.34
BR0393,3.0,400.0,269.82,196.42
BR0394,2.7,400.0,240.0,211.78
BR0395,3.0,400.0,269.82,180.0
BR0396,2.7,400.0,300.0,209.65
BR0397,3.0,400.0,300.0,225.0
BR0398,3.0,400.0,300.0,223.02
BR0399,3.0,400.0,300.0,300.0
BR0400,2.7,400.0,300.0,300.0
BR0401,2.7,400.0,300.0,209.65
BR0402,3.0,400.0,300.0,175.14
BR0403,2.5,400.0,240.0,343.29
BR0404,3.0,400.0,266.63,250.68
BR0405,3.0,400.0,300.0,178.34
BR0406,3.0,400.0,300.0,296.42
BR0407,3.0,400.0,300.0,257.14
BR0408,3.0,400.0,300.0,296.42
BR0409,3.0,400.0,266.63,250.68
BR0410,3.0,400.0,300.0,300.0
BR0411,2.7,400.0,300.0,200.0
BR0412,3.0,400.0,300.0,225.0
BR0413,2.5,400.0,300.0,257.14
BR0414,3.0,400.0,300.0,178.34
BR0415,3.0,400.0,266.63,250.68
BR0416,3.0,400.0,300.0,178.34
BR0417,3.0,400.0,240.0,248.55
BR0418,3.0,400.0,240.0,248.55
BR0419,3.0,400.0,300.0,186.85
BR0420,3.0,400.0,277.27,200.0
BR0421,2.7,400.0,273.48,225.0
