orden,n_tipos,n_nuevas_acum,seed,family,policy
50,48,,1000,routine,m1
100,54,,1000,routine,m1
250,70,,1000,routine,m1
500,91,,1000,routine,m1
50,48,,1000,routine,pallet
100,54,,1000,routine,pallet
250,70,,1000,routine,pallet
500,91,,1000,routine,pallet
50,51,,1001,routine,m1
100,63,,1001,routine,m1
250,77,,1001,routine,m1
500,93,,1001,routine,m1
50,51,,1001,routine,pallet
100,63,,1001,routine,pallet
250,77,,1001,routine,pallet
500,93,,1001,routine,pallet
50,46,,1002,routine,m1
100,57,,1002,routine,m1
250,76,,1002,routine,m1
500,94,,1002,routine,m1
50,46,,1002,routine,pallet
100,57,,1002,routine,pallet
250,76,,1002,routine,pallet
500,94,,1002,routine,pallet
50,50,,1003,routine,m1
100,55,,1003,routine,m1
250,71,,1003,routine,m1
500,85,,1003,routine,m1
50,50,,1003,routine,pallet
100,55,,1003,routine,pallet
250,71,,1003,routine,pallet
500,85,,1003,routine,pallet
50,53,,1004,routine,m1
100,59,,1004,routine,m1
250,79,,1004,routine,m1
500,94,,1004,routine,m1
50,53,,1004,routine,pallet
100,59,,1004,routine,pallet
250,79,,1004,routine,pallet
500,94,,1004,routine,pallet
50,52,,1005,routine,m1
100,59,,1005,routine,m1
250,74,,1005,routine,m1
500,95,,1005,routine,m1
50,52,,1005,routine,pallet
100,59,,1005,routine,pallet
250,74,,1005,routine,pallet
500,95,,1005,routine,pallet
50,48,,1006,routine,m1
100,61,,1006,routine,m1
250,73,,1006,routine,m1
500,92,,1006,routine,m1
50,48,,1006,routine,pallet
100,61,,1006,routine,pallet
250,73,,1006,routine,pallet
500,92,,1006,routine,pallet
50,57,,1007,routine,m1
100,65,,1007,routine,m1
250,77,,1007,routine,m1
500,94,,1007,routine,m1
50,57,,1007,routine,pallet
100,65,,1007,routine,pallet
250,77,,1007,routine,pallet
500,94,,1007,routine,pallet
50,52,,1008,routine,m1
100,60,,1008,routine,m1
250,69,,1008,routine,m1
500,88,,1008,routine,m1
50,52,,1008,routine,pallet
100,60,,1008,routine,pallet
250,69,,1008,routine,pallet
500,88,,1008,routine,pallet
50,53,,1009,routine,m1
100,58,,1009,routine,m1
250,69,,1009,routine,m1
500,90,,1009,routine,m1
50,53,,1009,routine,pallet
100,58,,1009,routine,pallet
250,69,,1009,routine,pallet
500,90,,1009,routine,pallet
50,50,,1010,routine,m1
100,54,,1010,routine,m1
250,73,,1010,routine,m1
500,93,,1010,routine,m1
50,50,,1010,routine,pallet
100,54,,1010,routine,pallet
250,73,,1010,routine,pallet
500,93,,1010,routine,pallet
50,52,,1011,routine,m1
100,59,,1011,routine,m1
250,71,,1011,routine,m1
500,89,,1011,routine,m1
50,52,,1011,routine,pallet
100,59,,1011,routine,pallet
250,71,,1011,routine,pallet
500,89,,1011,routine,pallet
50,48,,1012,routine,m1
100,56,,1012,routine,m1
250,71,,1012,routine,m1
500,94,,1012,routine,m1
50,48,,1012,routine,pallet
100,56,,1012,routine,pallet
250,71,,1012,routine,pallet
500,94,,1012,routine,pallet
50,48,,1013,routine,m1
100,57,,1013,routine,m1
250,75,,1013,routine,m1
500,94,,1013,routine,m1
50,48,,1013,routine,pallet
100,57,,1013,routine,pallet
250,75,,1013,routine,pallet
500,94,,1013,routine,pallet
50,47,,1014,routine,m1
100,55,,1014,routine,m1
250,75,,1014,routine,m1
500,91,,1014,routine,m1
50,47,,1014,routine,pallet
100,55,,1014,routine,pallet
250,75,,1014,routine,pallet
500,91,,1014,routine,pallet
50,51,,1015,routine,m1
100,60,,1015,routine,m1
250,73,,1015,routine,m1
500,92,,1015,routine,m1
50,51,,1015,routine,pallet
100,60,,1015,routine,pallet
250,73,,1015,routine,pallet
500,92,,1015,routine,pallet
50,51,,1016,routine,m1
100,59,,1016,routine,m1
250,74,,1016,routine,m1
500,89,,1016,routine,m1
50,51,,1016,routine,pallet
100,59,,1016,routine,pallet
250,74,,1016,routine,pallet
500,89,,1016,routine,pallet
50,50,,1017,routine,m1
100,64,,1017,routine,m1
250,79,,1017,routine,m1
500,91,,1017,routine,m1
50,50,,1017,routine,pallet
100,64,,1017,routine,pallet
250,79,,1017,routine,pallet
500,91,,1017,routine,pallet
50,48,,1018,routine,m1
100,62,,1018,routine,m1
250,77,,1018,routine,m1
500,92,,1018,routine,m1
50,48,,1018,routine,pallet
100,62,,1018,routine,pallet
250,77,,1018,routine,pallet
500,92,,1018,routine,pallet
50,51,,1019,routine,m1
100,58,,1019,routine,m1
250,75,,1019,routine,m1
500,90,,1019,routine,m1
50,51,,1019,routine,pallet
100,58,,1019,routine,pallet
250,75,,1019,routine,pallet
500,90,,1019,routine,pallet
50,48,,1020,routine,m1
100,58,,1020,routine,m1
250,71,,1020,routine,m1
500,80,,1020,routine,m1
50,48,,1020,routine,pallet
100,58,,1020,routine,pallet
250,71,,1020,routine,pallet
500,80,,1020,routine,pallet
50,55,,1021,routine,m1
100,64,,1021,routine,m1
250,80,,1021,routine,m1
500,96,,1021,routine,m1
50,55,,1021,routine,pallet
100,64,,1021,routine,pallet
250,80,,1021,routine,pallet
500,96,,1021,routine,pallet
50,54,,1022,routine,m1
100,60,,1022,routine,m1
250,73,,1022,routine,m1
500,88,,1022,routine,m1
50,54,,1022,routine,pallet
100,60,,1022,routine,pallet
250,73,,1022,routine,pallet
500,88,,1022,routine,pallet
50,52,,1023,routine,m1
100,61,,1023,routine,m1
250,77,,1023,routine,m1
500,93,,1023,routine,m1
50,52,,1023,routine,pallet
100,61,,1023,routine,pallet
250,77,,1023,routine,pallet
500,93,,1023,routine,pallet
50,54,,1024,routine,m1
100,64,,1024,routine,m1
250,73,,1024,routine,m1
500,84,,1024,routine,m1
50,54,,1024,routine,pallet
100,64,,1024,routine,pallet
250,73,,1024,routine,pallet
500,84,,1024,routine,pallet
50,49,,1025,routine,m1
100,59,,1025,routine,m1
250,72,,1025,routine,m1
500,86,,1025,routine,m1
50,49,,1025,routine,pallet
100,59,,1025,routine,pallet
250,72,,1025,routine,pallet
500,86,,1025,routine,pallet
50,49,,1026,routine,m1
100,55,,1026,routine,m1
250,69,,1026,routine,m1
500,90,,1026,routine,m1
50,49,,1026,routine,pallet
100,55,,1026,routine,pallet
250,69,,1026,routine,pallet
500,90,,1026,routine,pallet
50,54,,1027,routine,m1
100,60,,1027,routine,m1
250,72,,1027,routine,m1
500,94,,1027,routine,m1
50,54,,1027,routine,pallet
100,60,,1027,routine,pallet
250,72,,1027,routine,pallet
500,94,,1027,routine,pallet
50,45,,1028,routine,m1
100,56,,1028,routine,m1
250,74,,1028,routine,m1
500,93,,1028,routine,m1
50,45,,1028,routine,pallet
100,56,,1028,routine,pallet
250,74,,1028,routine,pallet
500,93,,1028,routine,pallet
50,52,,1029,routine,m1
100,62,,1029,routine,m1
250,76,,1029,routine,m1
500,92,,1029,routine,m1
50,52,,1029,routine,pallet
100,62,,1029,routine,pallet
250,76,,1029,routine,pallet
500,92,,1029,routine,pallet
50,51,,1030,routine,m1
100,59,,1030,routine,m1
250,76,,1030,routine,m1
500,94,,1030,routine,m1
50,51,,1030,routine,pallet
100,59,,1030,routine,pallet
250,76,,1030,routine,pallet
500,94,,1030,routine,pallet
50,49,,1031,routine,m1
100,57,,1031,routine,m1
250,69,,1031,routine,m1
500,91,,1031,routine,m1
50,49,,1031,routine,pallet
100,57,,1031,routine,pallet
250,69,,1031,routine,pallet
500,91,,1031,routine,pallet
50,51,,1032,routine,m1
100,59,,1032,routine,m1
250,74,,1032,routine,m1
500,95,,1032,routine,m1
50,51,,1032,routine,pallet
100,59,,1032,routine,pallet
250,74,,1032,routine,pallet
500,95,,1032,routine,pallet
50,53,,1033,routine,m1
100,60,,1033,routine,m1
250,77,,1033,routine,m1
500,94,,1033,routine,m1
50,53,,1033,routine,pallet
100,60,,1033,routine,pallet
250,77,,1033,routine,pallet
500,94,,1033,routine,pallet
50,49,,1034,routine,m1
100,56,,1034,routine,m1
250,75,,1034,routine,m1
500,94,,1034,routine,m1
50,49,,1034,routine,pallet
100,56,,1034,routine,pallet
250,75,,1034,routine,pallet
500,94,,1034,routine,pallet
50,51,,1035,routine,m1
100,62,,1035,routine,m1
250,77,,1035,routine,m1
500,97,,1035,routine,m1
50,51,,1035,routine,pallet
100,62,,1035,routine,pallet
250,77,,1035,routine,pallet
500,97,,1035,routine,pallet
50,50,,1036,routine,m1
100,58,,1036,routine,m1
250,78,,1036,routine,m1
500,91,,1036,routine,m1
50,50,,1036,routine,pallet
100,58,,1036,routine,pallet
250,78,,1036,routine,pallet
500,91,,1036,routine,pallet
50,52,,1037,routine,m1
100,58,,1037,routine,m1
250,81,,1037,routine,m1
500,96,,1037,routine,m1
50,52,,1037,routine,pallet
100,58,,1037,routine,pallet
250,81,,1037,routine,pallet
500,96,,1037,routine,pallet
50,48,,1038,routine,m1
100,55,,1038,routine,m1
250,77,,1038,routine,m1
500,96,,1038,routine,m1
50,48,,1038,routine,pallet
100,55,,1038,routine,pallet
250,77,,1038,routine,pallet
500,96,,1038,routine,pallet
50,54,,1039,routine,m1
100,63,,1039,routine,m1
250,80,,1039,routine,m1
500,101,,1039,routine,m1
50,54,,1039,routine,pallet
100,63,,1039,routine,pallet
250,80,,1039,routine,pallet
500,101,,1039,routine,pallet
