orden,p_reuse,n_tipos,n_nuevas_acum,portfolio,seed
5,0.6,57,2,optima,42
10,0.5,60,5,optima,42
15,0.6,61,6,optima,42
20,0.7,61,6,optima,42
25,0.76,61,6,optima,42
30,0.7333333333333334,63,8,optima,42
35,0.6857142857142857,66,11,optima,42
40,0.725,66,11,optima,42
45,0.7555555555555555,66,11,optima,42
50,0.78,66,11,optima,42
55,0.7636363636363637,68,13,optima,42
60,0.7833333333333333,68,13,optima,42
65,0.7846153846153846,69,14,optima,42
70,0.8,69,14,optima,42
75,0.8,70,15,optima,42
80,0.8125,70,15,optima,42
85,0.8117647058823529,71,16,optima,42
90,0.8222222222222222,71,16,optima,42
95,0.8315789473684211,71,16,optima,42
100,0.83,72,17,optima,42
105,0.8380952380952381,72,17,optima,42
110,0.8363636363636364,73,18,optima,42
115,0.8347826086956522,74,19,optima,42
120,0.8333333333333334,75,20,optima,42
125,0.84,75,20,optima,42
130,0.8384615384615385,76,21,optima,42
135,0.8444444444444444,76,21,optima,42
140,0.8428571428571429,77,22,optima,42
145,0.8482758620689655,77,22,optima,42
150,0.8466666666666667,78,23,optima,42
155,0.8516129032258064,78,23,optima,42
160,0.85,79,24,optima,42
165,0.8545454545454545,79,24,optima,42
170,0.8470588235294118,81,26,optima,42
175,0.8457142857142858,82,27,optima,42
180,0.8388888888888889,84,29,optima,42
185,0.8432432432432433,84,29,optima,42
190,0.8421052631578947,85,30,optima,42
195,0.841025641025641,86,31,optima,42
200,0.845,86,31,optima,42
205,0.848780487804878,86,31,optima,42
210,0.8523809523809524,86,31,optima,42
215,0.8511627906976744,87,32,optima,42
220,0.8545454545454545,87,32,optima,42
225,0.8533333333333333,88,33,optima,42
230,0.8565217391304347,88,33,optima,42
235,0.8595744680851064,88,33,optima,42
240,0.8583333333333334,89,34,optima,42
245,0.8612244897959184,89,34,optima,42
250,0.864,89,34,optima,42
255,0.8666666666666667,89,34,optima,42
260,0.8653846153846154,90,35,optima,42
265,0.8679245283018868,90,35,optima,42
270,0.8666666666666667,91,36,optima,42
275,0.8690909090909091,91,36,optima,42
280,0.8714285714285714,91,36,optima,42
285,0.8736842105263158,91,36,optima,42
290,0.8724137931034482,92,37,optima,42
295,0.8711864406779661,93,38,optima,42
300,0.87,94,39,optima,42
305,0.8721311475409836,94,39,optima,42
310,0.8741935483870968,94,39,optima,42
315,0.8761904761904762,94,39,optima,42
320,0.878125,94,39,optima,42
325,0.88,94,39,optima,42
330,0.8787878787878788,95,40,optima,42
335,0.8805970149253731,95,40,optima,42
340,0.8794117647058823,96,41,optima,42
345,0.8782608695652174,97,42,optima,42
350,0.8771428571428571,98,43,optima,42
355,0.876056338028169,99,44,optima,42
360,0.8777777777777778,99,44,optima,42
365,0.8794520547945206,99,44,optima,42
370,0.8810810810810811,99,44,optima,42
375,0.88,100,45,optima,42
380,0.881578947368421,100,45,optima,42
385,0.8831168831168831,100,45,optima,42
390,0.8846153846153846,100,45,optima,42
395,0.8860759493670887,100,45,optima,42
400,0.885,101,46,optima,42
405,0.8839506172839506,102,47,optima,42
410,0.8829268292682927,103,48,optima,42
415,0.8843373493975903,103,48,optima,42
420,0.8833333333333333,104,49,optima,42
425,0.8823529411764706,105,50,optima,42
430,0.8837209302325582,105,50,optima,42
435,0.8850574712643678,105,50,optima,42
440,0.8863636363636364,105,50,optima,42
445,0.8876404494382022,105,50,optima,42
450,0.8866666666666667,106,51,optima,42
455,0.8857142857142857,107,52,optima,42
460,0.8847826086956522,108,53,optima,42
465,0.886021505376344,108,53,optima,42
470,0.8872340425531915,108,53,optima,42
475,0.888421052631579,108,53,optima,42
480,0.8895833333333334,108,53,optima,42
485,0.890721649484536,108,53,optima,42
490,0.8918367346938776,108,53,optima,42
495,0.8929292929292929,108,53,optima,42
500,0.894,108,53,optima,42
5,0.4,44,3,independiente,42
10,0.6,45,4,independiente,42
15,0.6666666666666667,46,5,independiente,42
20,0.75,46,5,independiente,42
25,0.8,46,5,independiente,42
30,0.7666666666666666,48,7,independiente,42
35,0.6857142857142857,52,11,independiente,42
40,0.725,52,11,independiente,42
45,0.7555555555555555,52,11,independiente,42
50,0.78,52,11,independiente,42
55,0.7818181818181819,53,12,independiente,42
60,0.8,53,12,independiente,42
65,0.8,54,13,independiente,42
70,0.8,55,14,independiente,42
75,0.8,56,15,independiente,42
80,0.8125,56,15,independiente,42
85,0.8117647058823529,57,16,independiente,42
90,0.8222222222222222,57,16,independiente,42
95,0.8315789473684211,57,16,independiente,42
100,0.83,58,17,independiente,42
105,0.8380952380952381,58,17,independiente,42
110,0.8363636363636364,59,18,independiente,42
115,0.8347826086956522,60,19,independiente,42
120,0.8333333333333334,61,20,independiente,42
125,0.832,62,21,independiente,42
130,0.8307692307692307,63,22,independiente,42
135,0.837037037037037,63,22,independiente,42
140,0.8357142857142857,64,23,independiente,42
145,0.8344827586206897,65,24,independiente,42
150,0.8333333333333334,66,25,independiente,42
155,0.8387096774193549,66,25,independiente,42
160,0.84375,66,25,independiente,42
165,0.8484848484848485,66,25,independiente,42
170,0.8411764705882353,68,27,independiente,42
175,0.8342857142857143,70,29,independiente,42
180,0.8333333333333334,71,30,independiente,42
185,0.8378378378378378,71,30,independiente,42
190,0.8368421052631578,72,31,independiente,42
195,0.8358974358974359,73,32,independiente,42
200,0.84,73,32,independiente,42
205,0.8439024390243902,73,32,independiente,42
210,0.8476190476190476,73,32,independiente,42
215,0.8511627906976744,73,32,independiente,42
220,0.8545454545454545,73,32,independiente,42
225,0.8533333333333333,74,33,independiente,42
230,0.8565217391304347,74,33,independiente,42
235,0.8595744680851064,74,33,independiente,42
240,0.8583333333333334,75,34,independiente,42
245,0.8612244897959184,75,34,independiente,42
250,0.864,75,34,independiente,42
255,0.8666666666666667,75,34,independiente,42
260,0.8653846153846154,76,35,independiente,42
265,0.8679245283018868,76,35,independiente,42
270,0.8666666666666667,77,36,independiente,42
275,0.8690909090909091,77,36,independiente,42
280,0.8714285714285714,77,36,independiente,42
285,0.8736842105263158,77,36,independiente,42
290,0.8724137931034482,78,37,independiente,42
295,0.8711864406779661,79,38,independiente,42
300,0.87,80,39,independiente,42
305,0.8721311475409836,80,39,independiente,42
310,0.8741935483870968,80,39,independiente,42
315,0.8761904761904762,80,39,independiente,42
320,0.878125,80,39,independiente,42
325,0.88,80,39,independiente,42
330,0.8787878787878788,81,40,independiente,42
335,0.8805970149253731,81,40,independiente,42
340,0.8794117647058823,82,41,independiente,42
345,0.8782608695652174,83,42,independiente,42
350,0.8742857142857143,85,44,independiente,42
355,0.8704225352112676,87,46,independiente,42
360,0.8722222222222222,87,46,independiente,42
365,0.873972602739726,87,46,independiente,42
370,0.8756756756756756,87,46,independiente,42
375,0.8746666666666667,88,47,independiente,42
380,0.8763157894736842,88,47,independiente,42
385,0.8779220779220779,88,47,independiente,42
390,0.8794871794871795,88,47,independiente,42
395,0.8810126582278481,88,47,independiente,42
400,0.8825000000000001,88,47,independiente,42
405,0.8839506172839506,88,47,independiente,42
410,0.8853658536585366,88,47,independiente,42
415,0.8867469879518073,88,47,independiente,42
420,0.8857142857142857,89,48,independiente,42
425,0.8847058823529412,90,49,independiente,42
430,0.8860465116279069,90,49,independiente,42
435,0.8873563218390804,90,49,independiente,42
440,0.8863636363636364,91,50,independiente,42
445,0.8876404494382022,91,50,independiente,42
450,0.8866666666666667,92,51,independiente,42
455,0.8857142857142857,93,52,independiente,42
460,0.8847826086956522,94,53,independiente,42
465,0.886021505376344,94,53,independiente,42
470,0.8872340425531915,94,53,independiente,42
475,0.8863157894736842,95,54,independiente,42
480,0.8875,95,54,independiente,42
485,0.8886597938144329,95,54,independiente,42
490,0.889795918367347,95,54,independiente,42
495,0.8888888888888888,96,55,independiente,42
500,0.89,96,55,independiente,42
5,0.6,57,2,optima,43
10,0.8,57,2,optima,43
15,0.8,58,3,optima,43
20,0.8,59,4,optima,43
25,0.8,60,5,optima,43
30,0.8333333333333334,60,5,optima,43
35,0.8285714285714285,61,6,optima,43
40,0.8,63,8,optima,43
45,0.8222222222222222,63,8,optima,43
50,0.8200000000000001,64,9,optima,43
55,0.8181818181818181,65,10,optima,43
60,0.8333333333333334,65,10,optima,43
65,0.8461538461538461,65,10,optima,43
70,0.8428571428571429,66,11,optima,43
75,0.84,67,12,optima,43
80,0.85,67,12,optima,43
85,0.8588235294117648,67,12,optima,43
90,0.8666666666666667,67,12,optima,43
95,0.8631578947368421,68,13,optima,43
100,0.87,68,13,optima,43
105,0.8666666666666667,69,14,optima,43
110,0.8727272727272728,69,14,optima,43
115,0.8782608695652174,69,14,optima,43
120,0.8833333333333333,69,14,optima,43
125,0.888,69,14,optima,43
130,0.8846153846153846,70,15,optima,43
135,0.8740740740740741,72,17,optima,43
140,0.8714285714285714,73,18,optima,43
145,0.8758620689655172,73,18,optima,43
150,0.8666666666666667,75,20,optima,43
155,0.864516129032258,76,21,optima,43
160,0.8625,77,22,optima,43
165,0.8666666666666667,77,22,optima,43
170,0.8705882352941177,77,22,optima,43
175,0.8685714285714285,78,23,optima,43
180,0.8722222222222222,78,23,optima,43
185,0.8702702702702703,79,24,optima,43
190,0.868421052631579,80,25,optima,43
195,0.8666666666666667,81,26,optima,43
200,0.87,81,26,optima,43
205,0.8731707317073171,81,26,optima,43
210,0.8714285714285714,82,27,optima,43
215,0.8651162790697674,84,29,optima,43
220,0.8681818181818182,84,29,optima,43
225,0.8711111111111112,84,29,optima,43
230,0.8695652173913043,85,30,optima,43
235,0.8680851063829788,86,31,optima,43
240,0.8708333333333333,86,31,optima,43
245,0.8693877551020408,87,32,optima,43
250,0.868,88,33,optima,43
255,0.8666666666666667,89,34,optima,43
260,0.8692307692307693,89,34,optima,43
265,0.8679245283018868,90,35,optima,43
270,0.8703703703703703,90,35,optima,43
275,0.8690909090909091,91,36,optima,43
280,0.8714285714285714,91,36,optima,43
285,0.8736842105263158,91,36,optima,43
290,0.8724137931034482,92,37,optima,43
295,0.8745762711864407,92,37,optima,43
300,0.8766666666666667,92,37,optima,43
305,0.8786885245901639,92,37,optima,43
310,0.8806451612903226,92,37,optima,43
315,0.8793650793650793,93,38,optima,43
320,0.88125,93,38,optima,43
325,0.8830769230769231,93,38,optima,43
330,0.8848484848484849,93,38,optima,43
335,0.8835820895522388,94,39,optima,43
340,0.8852941176470588,94,39,optima,43
345,0.8869565217391304,94,39,optima,43
350,0.8885714285714286,94,39,optima,43
355,0.8901408450704226,94,39,optima,43
360,0.8861111111111111,96,41,optima,43
365,0.8849315068493151,97,42,optima,43
370,0.8810810810810811,99,44,optima,43
375,0.8826666666666667,99,44,optima,43
380,0.8842105263157894,99,44,optima,43
385,0.8857142857142857,99,44,optima,43
390,0.8871794871794871,99,44,optima,43
395,0.8886075949367088,99,44,optima,43
400,0.885,101,46,optima,43
405,0.8814814814814815,103,48,optima,43
410,0.8804878048780488,104,49,optima,43
415,0.8819277108433735,104,49,optima,43
420,0.8809523809523809,105,50,optima,43
425,0.8823529411764706,105,50,optima,43
430,0.8837209302325582,105,50,optima,43
435,0.8850574712643678,105,50,optima,43
440,0.8863636363636364,105,50,optima,43
445,0.8876404494382022,105,50,optima,43
450,0.8888888888888888,105,50,optima,43
455,0.8901098901098901,105,50,optima,43
460,0.8869565217391304,107,52,optima,43
465,0.8881720430107527,107,52,optima,43
470,0.8893617021276596,107,52,optima,43
475,0.8905263157894737,107,52,optima,43
480,0.8875,109,54,optima,43
485,0.8886597938144329,109,54,optima,43
490,0.8877551020408163,110,55,optima,43
495,0.8888888888888888,110,55,optima,43
500,0.89,110,55,optima,43
5,0.8,42,1,independiente,43
10,0.8,43,2,independiente,43
15,0.8,44,3,independiente,43
20,0.8,45,4,independiente,43
25,0.8,46,5,independiente,43
30,0.8333333333333334,46,5,independiente,43
35,0.8,48,7,independiente,43
40,0.8,49,8,independiente,43
45,0.8222222222222222,49,8,independiente,43
50,0.8200000000000001,50,9,independiente,43
55,0.8363636363636364,50,9,independiente,43
60,0.85,50,9,independiente,43
65,0.8461538461538461,51,10,independiente,43
70,0.8285714285714285,53,12,independiente,43
75,0.8266666666666667,54,13,independiente,43
80,0.8375,54,13,independiente,43
85,0.8470588235294118,54,13,independiente,43
90,0.8555555555555556,54,13,independiente,43
95,0.8421052631578947,56,15,independiente,43
100,0.84,57,16,independiente,43
105,0.8285714285714285,59,18,independiente,43
110,0.8363636363636364,59,18,independiente,43
115,0.8434782608695652,59,18,independiente,43
120,0.85,59,18,independiente,43
125,0.856,59,18,independiente,43
130,0.8538461538461538,60,19,independiente,43
135,0.837037037037037,63,22,independiente,43
140,0.8357142857142857,64,23,independiente,43
145,0.8344827586206897,65,24,independiente,43
150,0.8333333333333334,66,25,independiente,43
155,0.8387096774193549,66,25,independiente,43
160,0.8375,67,26,independiente,43
165,0.8424242424242424,67,26,independiente,43
170,0.8470588235294118,67,26,independiente,43
175,0.8457142857142858,68,27,independiente,43
180,0.85,68,27,independiente,43
185,0.8486486486486486,69,28,independiente,43
190,0.8473684210526315,70,29,independiente,43
195,0.841025641025641,72,31,independiente,43
200,0.84,73,32,independiente,43
205,0.8439024390243902,73,32,independiente,43
210,0.8380952380952381,75,34,independiente,43
215,0.8372093023255813,76,35,independiente,43
220,0.8409090909090909,76,35,independiente,43
225,0.8444444444444444,76,35,independiente,43
230,0.8434782608695652,77,36,independiente,43
235,0.8468085106382979,77,36,independiente,43
240,0.85,77,36,independiente,43
245,0.8489795918367347,78,37,independiente,43
250,0.844,80,39,independiente,43
255,0.8470588235294118,80,39,independiente,43
260,0.85,80,39,independiente,43
265,0.8490566037735849,81,40,independiente,43
270,0.8518518518518519,81,40,independiente,43
275,0.850909090909091,82,41,independiente,43
280,0.8535714285714285,82,41,independiente,43
285,0.856140350877193,82,41,independiente,43
290,0.8551724137931034,83,42,independiente,43
295,0.8576271186440678,83,42,independiente,43
300,0.86,83,42,independiente,43
305,0.862295081967213,83,42,independiente,43
310,0.864516129032258,83,42,independiente,43
315,0.8666666666666667,83,42,independiente,43
320,0.86875,83,42,independiente,43
325,0.8707692307692307,83,42,independiente,43
330,0.8727272727272728,83,42,independiente,43
335,0.8716417910447761,84,43,independiente,43
340,0.8735294117647059,84,43,independiente,43
345,0.8753623188405797,84,43,independiente,43
350,0.8771428571428571,84,43,independiente,43
355,0.8788732394366197,84,43,independiente,43
360,0.875,86,45,independiente,43
365,0.873972602739726,87,46,independiente,43
370,0.8729729729729729,88,47,independiente,43
375,0.8746666666666667,88,47,independiente,43
380,0.8763157894736842,88,47,independiente,43
385,0.8779220779220779,88,47,independiente,43
390,0.8794871794871795,88,47,independiente,43
395,0.8810126582278481,88,47,independiente,43
400,0.88,89,48,independiente,43
405,0.8765432098765432,91,50,independiente,43
410,0.875609756097561,92,51,independiente,43
415,0.8771084337349397,92,51,independiente,43
420,0.8761904761904762,93,52,independiente,43
425,0.8776470588235294,93,52,independiente,43
430,0.8790697674418605,93,52,independiente,43
435,0.8804597701149426,93,52,independiente,43
440,0.8818181818181818,93,52,independiente,43
445,0.8831460674157303,93,52,independiente,43
450,0.8844444444444445,93,52,independiente,43
455,0.8857142857142857,93,52,independiente,43
460,0.8847826086956522,94,53,independiente,43
465,0.886021505376344,94,53,independiente,43
470,0.8872340425531915,94,53,independiente,43
475,0.888421052631579,94,53,independiente,43
480,0.8895833333333334,94,53,independiente,43
485,0.890721649484536,94,53,independiente,43
490,0.889795918367347,95,54,independiente,43
495,0.8909090909090909,95,54,independiente,43
500,0.892,95,54,independiente,43
5,1.0,55,0,optima,44
10,1.0,55,0,optima,44
15,0.9333333333333333,56,1,optima,44
20,0.9,57,2,optima,44
25,0.92,57,2,optima,44
30,0.8666666666666667,59,4,optima,44
35,0.8571428571428572,60,5,optima,44
40,0.825,62,7,optima,44
45,0.8,64,9,optima,44
50,0.8200000000000001,64,9,optima,44
55,0.8363636363636364,64,9,optima,44
60,0.8,67,12,optima,44
65,0.8,68,13,optima,44
70,0.8142857142857143,68,13,optima,44
75,0.8266666666666667,68,13,optima,44
80,0.8375,68,13,optima,44
85,0.8352941176470589,69,14,optima,44
90,0.8444444444444444,69,14,optima,44
95,0.8315789473684211,71,16,optima,44
100,0.84,71,16,optima,44
105,0.8380952380952381,72,17,optima,44
110,0.8363636363636364,73,18,optima,44
115,0.8434782608695652,73,18,optima,44
120,0.85,73,18,optima,44
125,0.856,73,18,optima,44
130,0.8461538461538461,75,20,optima,44
135,0.8444444444444444,76,21,optima,44
140,0.8428571428571429,77,22,optima,44
145,0.8413793103448276,78,23,optima,44
150,0.8466666666666667,78,23,optima,44
155,0.8516129032258064,78,23,optima,44
160,0.85,79,24,optima,44
165,0.8545454545454545,79,24,optima,44
170,0.8529411764705882,80,25,optima,44
175,0.8571428571428572,80,25,optima,44
180,0.8611111111111112,80,25,optima,44
185,0.8594594594594595,81,26,optima,44
190,0.8526315789473684,83,28,optima,44
195,0.8512820512820513,84,29,optima,44
200,0.85,85,30,optima,44
205,0.8536585365853658,85,30,optima,44
210,0.8523809523809524,86,31,optima,44
215,0.8511627906976744,87,32,optima,44
220,0.8545454545454545,87,32,optima,44
225,0.8577777777777778,87,32,optima,44
230,0.8565217391304347,88,33,optima,44
235,0.851063829787234,90,35,optima,44
240,0.8541666666666666,90,35,optima,44
245,0.8571428571428572,90,35,optima,44
250,0.86,90,35,optima,44
255,0.8627450980392157,90,35,optima,44
260,0.8653846153846154,90,35,optima,44
265,0.8679245283018868,90,35,optima,44
270,0.8703703703703703,90,35,optima,44
275,0.8727272727272728,90,35,optima,44
280,0.875,90,35,optima,44
285,0.8736842105263158,91,36,optima,44
290,0.8758620689655172,91,36,optima,44
295,0.8711864406779661,93,38,optima,44
300,0.8666666666666667,95,40,optima,44
305,0.8688524590163934,95,40,optima,44
310,0.8677419354838709,96,41,optima,44
315,0.8698412698412699,96,41,optima,44
320,0.871875,96,41,optima,44
325,0.8707692307692307,97,42,optima,44
330,0.8696969696969696,98,43,optima,44
335,0.8716417910447761,98,43,optima,44
340,0.8705882352941177,99,44,optima,44
345,0.8695652173913043,100,45,optima,44
350,0.8714285714285714,100,45,optima,44
355,0.8732394366197183,100,45,optima,44
360,0.875,100,45,optima,44
365,0.8767123287671232,100,45,optima,44
370,0.8783783783783784,100,45,optima,44
375,0.8773333333333333,101,46,optima,44
380,0.8789473684210526,101,46,optima,44
385,0.8805194805194805,101,46,optima,44
390,0.882051282051282,101,46,optima,44
395,0.8835443037974684,101,46,optima,44
400,0.885,101,46,optima,44
405,0.8864197530864197,101,46,optima,44
410,0.8853658536585366,102,47,optima,44
415,0.8867469879518073,102,47,optima,44
420,0.888095238095238,102,47,optima,44
425,0.8894117647058823,102,47,optima,44
430,0.8906976744186046,102,47,optima,44
435,0.8919540229885058,102,47,optima,44
440,0.8931818181818182,102,47,optima,44
445,0.8943820224719101,102,47,optima,44
450,0.8955555555555555,102,47,optima,44
455,0.8945054945054945,103,48,optima,44
460,0.8934782608695653,104,49,optima,44
465,0.8924731182795699,105,50,optima,44
470,0.8936170212765957,105,50,optima,44
475,0.8947368421052632,105,50,optima,44
480,0.89375,106,51,optima,44
485,0.8948453608247423,106,51,optima,44
490,0.8959183673469387,106,51,optima,44
495,0.896969696969697,106,51,optima,44
500,0.896,107,52,optima,44
5,1.0,41,0,independiente,44
10,1.0,41,0,independiente,44
15,0.9333333333333333,42,1,independiente,44
20,0.9,43,2,independiente,44
25,0.92,43,2,independiente,44
30,0.8666666666666667,45,4,independiente,44
35,0.8571428571428572,46,5,independiente,44
40,0.825,48,7,independiente,44
45,0.8222222222222222,49,8,independiente,44
50,0.8200000000000001,50,9,independiente,44
55,0.8181818181818181,51,10,independiente,44
60,0.7833333333333333,54,13,independiente,44
65,0.7846153846153846,55,14,independiente,44
70,0.7857142857142857,56,15,independiente,44
75,0.7866666666666666,57,16,independiente,44
80,0.8,57,16,independiente,44
85,0.8,58,17,independiente,44
90,0.8,59,18,independiente,44
95,0.7894736842105263,61,20,independiente,44
100,0.8,61,20,independiente,44
105,0.8095238095238095,61,20,independiente,44
110,0.8090909090909091,62,21,independiente,44
115,0.817391304347826,62,21,independiente,44
120,0.825,62,21,independiente,44
125,0.832,62,21,independiente,44
130,0.8307692307692307,63,22,independiente,44
135,0.837037037037037,63,22,independiente,44
140,0.8285714285714285,65,24,independiente,44
145,0.8275862068965517,66,25,independiente,44
150,0.8333333333333334,66,25,independiente,44
155,0.8387096774193549,66,25,independiente,44
160,0.84375,66,25,independiente,44
165,0.8484848484848485,66,25,independiente,44
170,0.8470588235294118,67,26,independiente,44
175,0.8514285714285714,67,26,independiente,44
180,0.8555555555555556,67,26,independiente,44
185,0.8594594594594595,67,26,independiente,44
190,0.8578947368421053,68,27,independiente,44
195,0.8564102564102565,69,28,independiente,44
200,0.855,70,29,independiente,44
205,0.8585365853658536,70,29,independiente,44
210,0.8571428571428572,71,30,independiente,44
215,0.8558139534883721,72,31,independiente,44
220,0.8545454545454545,73,32,independiente,44
225,0.8577777777777778,73,32,independiente,44
230,0.8565217391304347,74,33,independiente,44
235,0.8595744680851064,74,33,independiente,44
240,0.8625,74,33,independiente,44
245,0.8653061224489795,74,33,independiente,44
250,0.868,74,33,independiente,44
255,0.8705882352941177,74,33,independiente,44
260,0.8730769230769231,74,33,independiente,44
265,0.8754716981132076,74,33,independiente,44
270,0.8777777777777778,74,33,independiente,44
275,0.8763636363636363,75,34,independiente,44
280,0.875,76,35,independiente,44
285,0.8736842105263158,77,36,independiente,44
290,0.8758620689655172,77,36,independiente,44
295,0.8677966101694915,80,39,independiente,44
300,0.8666666666666667,81,40,independiente,44
305,0.8688524590163934,81,40,independiente,44
310,0.8677419354838709,82,41,independiente,44
315,0.8698412698412699,82,41,independiente,44
320,0.871875,82,41,independiente,44
325,0.8707692307692307,83,42,independiente,44
330,0.8696969696969696,84,43,independiente,44
335,0.8686567164179104,85,44,independiente,44
340,0.8676470588235294,86,45,independiente,44
345,0.8666666666666667,87,46,independiente,44
350,0.8685714285714285,87,46,independiente,44
355,0.8704225352112676,87,46,independiente,44
360,0.8722222222222222,87,46,independiente,44
365,0.873972602739726,87,46,independiente,44
370,0.8756756756756756,87,46,independiente,44
375,0.8746666666666667,88,47,independiente,44
380,0.8763157894736842,88,47,independiente,44
385,0.8779220779220779,88,47,independiente,44
390,0.8794871794871795,88,47,independiente,44
395,0.8784810126582279,89,48,independiente,44
400,0.88,89,48,independiente,44
405,0.8814814814814815,89,48,independiente,44
410,0.8829268292682927,89,48,independiente,44
415,0.8843373493975903,89,48,independiente,44
420,0.8857142857142857,89,48,independiente,44
425,0.8870588235294118,89,48,independiente,44
430,0.8883720930232558,89,48,independiente,44
435,0.8896551724137931,89,48,independiente,44
440,0.8909090909090909,89,48,independiente,44
445,0.8921348314606742,89,48,independiente,44
450,0.8933333333333333,89,48,independiente,44
455,0.8945054945054945,89,48,independiente,44
460,0.8934782608695653,90,49,independiente,44
465,0.8924731182795699,91,50,independiente,44
470,0.8936170212765957,91,50,independiente,44
475,0.8947368421052632,91,50,independiente,44
480,0.89375,92,51,independiente,44
485,0.8948453608247423,92,51,independiente,44
490,0.8959183673469387,92,51,independiente,44
495,0.8949494949494949,93,52,independiente,44
500,0.896,93,52,independiente,44
5,0.6,57,2,optima,45
10,0.7,58,3,optima,45
15,0.6666666666666667,60,5,optima,45
20,0.7,61,6,optima,45
25,0.72,62,7,optima,45
30,0.7,64,9,optima,45
35,0.7428571428571429,64,9,optima,45
40,0.75,65,10,optima,45
45,0.7555555555555555,66,11,optima,45
50,0.76,67,12,optima,45
55,0.7818181818181819,67,12,optima,45
60,0.8,67,12,optima,45
65,0.8,68,13,optima,45
70,0.8142857142857143,68,13,optima,45
75,0.8266666666666667,68,13,optima,45
80,0.8125,70,15,optima,45
85,0.8,72,17,optima,45
90,0.8111111111111111,72,17,optima,45
95,0.8105263157894737,73,18,optima,45
100,0.81,74,19,optima,45
105,0.819047619047619,74,19,optima,45
110,0.8181818181818181,75,20,optima,45
115,0.817391304347826,76,21,optima,45
120,0.8166666666666667,77,22,optima,45
125,0.8160000000000001,78,23,optima,45
130,0.823076923076923,78,23,optima,45
135,0.8148148148148149,80,25,optima,45
140,0.8142857142857143,81,26,optima,45
145,0.8137931034482758,82,27,optima,45
150,0.8066666666666666,84,29,optima,45
155,0.8129032258064516,84,29,optima,45
160,0.8125,85,30,optima,45
165,0.8181818181818181,85,30,optima,45
170,0.8235294117647058,85,30,optima,45
175,0.8285714285714285,85,30,optima,45
180,0.8333333333333334,85,30,optima,45
185,0.8378378378378378,85,30,optima,45
190,0.8421052631578947,85,30,optima,45
195,0.8461538461538461,85,30,optima,45
200,0.845,86,31,optima,45
205,0.8439024390243902,87,32,optima,45
210,0.8476190476190476,87,32,optima,45
215,0.8511627906976744,87,32,optima,45
220,0.8545454545454545,87,32,optima,45
225,0.8577777777777778,87,32,optima,45
230,0.8608695652173913,87,32,optima,45
235,0.8595744680851064,88,33,optima,45
240,0.8625,88,33,optima,45
245,0.8653061224489795,88,33,optima,45
250,0.868,88,33,optima,45
255,0.8666666666666667,89,34,optima,45
260,0.8692307692307693,89,34,optima,45
265,0.8679245283018868,90,35,optima,45
270,0.8666666666666667,91,36,optima,45
275,0.8690909090909091,91,36,optima,45
280,0.8714285714285714,91,36,optima,45
285,0.8736842105263158,91,36,optima,45
290,0.8758620689655172,91,36,optima,45
295,0.8779661016949153,91,36,optima,45
300,0.88,91,36,optima,45
305,0.8754098360655738,93,38,optima,45
310,0.8741935483870968,94,39,optima,45
315,0.8698412698412699,96,41,optima,45
320,0.865625,98,43,optima,45
325,0.8676923076923077,98,43,optima,45
330,0.8696969696969696,98,43,optima,45
335,0.8716417910447761,98,43,optima,45
340,0.8705882352941177,99,44,optima,45
345,0.8724637681159421,99,44,optima,45
350,0.8742857142857143,99,44,optima,45
355,0.876056338028169,99,44,optima,45
360,0.8777777777777778,99,44,optima,45
365,0.8794520547945206,99,44,optima,45
370,0.8810810810810811,99,44,optima,45
375,0.8826666666666667,99,44,optima,45
380,0.8842105263157894,99,44,optima,45
385,0.8805194805194805,101,46,optima,45
390,0.882051282051282,101,46,optima,45
395,0.8835443037974684,101,46,optima,45
400,0.885,101,46,optima,45
405,0.8864197530864197,101,46,optima,45
410,0.8878048780487805,101,46,optima,45
415,0.8891566265060241,101,46,optima,45
420,0.8904761904761904,101,46,optima,45
425,0.8894117647058823,102,47,optima,45
430,0.8906976744186046,102,47,optima,45
435,0.8896551724137931,103,48,optima,45
440,0.8909090909090909,103,48,optima,45
445,0.8898876404494382,104,49,optima,45
450,0.8888888888888888,105,50,optima,45
455,0.8901098901098901,105,50,optima,45
460,0.8913043478260869,105,50,optima,45
465,0.8924731182795699,105,50,optima,45
470,0.8936170212765957,105,50,optima,45
475,0.8947368421052632,105,50,optima,45
480,0.89375,106,51,optima,45
485,0.8948453608247423,106,51,optima,45
490,0.8959183673469387,106,51,optima,45
495,0.8949494949494949,107,52,optima,45
500,0.896,107,52,optima,45
5,0.4,44,3,independiente,45
10,0.7,44,3,independiente,45
15,0.7333333333333334,45,4,independiente,45
20,0.75,46,5,independiente,45
25,0.76,47,6,independiente,45
30,0.7333333333333334,49,8,independiente,45
35,0.7714285714285715,49,8,independiente,45
40,0.775,50,9,independiente,45
45,0.7777777777777778,51,10,independiente,45
50,0.78,52,11,independiente,45
55,0.7818181818181819,53,12,independiente,45
60,0.8,53,12,independiente,45
65,0.7846153846153846,55,14,independiente,45
70,0.8,55,14,independiente,45
75,0.8,56,15,independiente,45
80,0.8,57,16,independiente,45
85,0.788235294117647,59,18,independiente,45
90,0.7888888888888889,60,19,independiente,45
95,0.7894736842105263,61,20,independiente,45
100,0.79,62,21,independiente,45
105,0.8,62,21,independiente,45
110,0.8090909090909091,62,21,independiente,45
115,0.8,64,23,independiente,45
120,0.8,65,24,independiente,45
125,0.8,66,25,independiente,45
130,0.8076923076923077,66,25,independiente,45
135,0.8,68,27,independiente,45
140,0.8,69,28,independiente,45
145,0.8,70,29,independiente,45
150,0.8,71,30,independiente,45
155,0.8064516129032258,71,30,independiente,45
160,0.80625,72,31,independiente,45
165,0.8121212121212121,72,31,independiente,45
170,0.8176470588235294,72,31,independiente,45
175,0.8228571428571428,72,31,independiente,45
180,0.8277777777777777,72,31,independiente,45
185,0.8324324324324324,72,31,independiente,45
190,0.8315789473684211,73,32,independiente,45
195,0.8358974358974359,73,32,independiente,45
200,0.835,74,33,independiente,45
205,0.8341463414634146,75,34,independiente,45
210,0.8380952380952381,75,34,independiente,45
215,0.8418604651162791,75,34,independiente,45
220,0.8454545454545455,75,34,independiente,45
225,0.8488888888888889,75,34,independiente,45
230,0.8521739130434782,75,34,independiente,45
235,0.851063829787234,76,35,independiente,45
240,0.8541666666666666,76,35,independiente,45
245,0.8530612244897959,77,36,independiente,45
250,0.856,77,36,independiente,45
255,0.8549019607843137,78,37,independiente,45
260,0.8538461538461538,79,38,independiente,45
265,0.8528301886792453,80,39,independiente,45
270,0.8555555555555556,80,39,independiente,45
275,0.8581818181818182,80,39,independiente,45
280,0.8607142857142858,80,39,independiente,45
285,0.8631578947368421,80,39,independiente,45
290,0.8655172413793104,80,39,independiente,45
295,0.864406779661017,81,40,independiente,45
300,0.8666666666666667,81,40,independiente,45
305,0.8655737704918033,82,41,independiente,45
310,0.8677419354838709,82,41,independiente,45
315,0.8634920634920635,84,43,independiente,45
320,0.859375,86,45,independiente,45
325,0.8615384615384616,86,45,independiente,45
330,0.8636363636363636,86,45,independiente,45
335,0.8656716417910448,86,45,independiente,45
340,0.8647058823529412,87,46,independiente,45
345,0.8666666666666667,87,46,independiente,45
350,0.8685714285714285,87,46,independiente,45
355,0.8704225352112676,87,46,independiente,45
360,0.8722222222222222,87,46,independiente,45
365,0.873972602739726,87,46,independiente,45
370,0.8756756756756756,87,46,independiente,45
375,0.8773333333333333,87,46,independiente,45
380,0.8789473684210526,87,46,independiente,45
385,0.8779220779220779,88,47,independiente,45
390,0.8769230769230769,89,48,independiente,45
395,0.8784810126582279,89,48,independiente,45
400,0.88,89,48,independiente,45
405,0.8814814814814815,89,48,independiente,45
410,0.8829268292682927,89,48,independiente,45
415,0.8843373493975903,89,48,independiente,45
420,0.8857142857142857,89,48,independiente,45
425,0.8870588235294118,89,48,independiente,45
430,0.8860465116279069,90,49,independiente,45
435,0.8850574712643678,91,50,independiente,45
440,0.8863636363636364,91,50,independiente,45
445,0.8853932584269663,92,51,independiente,45
450,0.8866666666666667,92,51,independiente,45
455,0.8879120879120879,92,51,independiente,45
460,0.8891304347826087,92,51,independiente,45
465,0.8881720430107527,93,52,independiente,45
470,0.8893617021276596,93,52,independiente,45
475,0.8905263157894737,93,52,independiente,45
480,0.8916666666666666,93,52,independiente,45
485,0.8927835051546392,93,52,independiente,45
490,0.8938775510204082,93,52,independiente,45
495,0.8929292929292929,94,53,independiente,45
500,0.894,94,53,independiente,45
5,0.6,57,2,optima,46
10,0.7,58,3,optima,46
15,0.8,58,3,optima,46
20,0.8,59,4,optima,46
25,0.76,61,6,optima,46
30,0.7666666666666666,62,7,optima,46
35,0.8,62,7,optima,46
40,0.8,63,8,optima,46
45,0.8,64,9,optima,46
50,0.8,65,10,optima,46
55,0.8181818181818181,65,10,optima,46
60,0.8333333333333334,65,10,optima,46
65,0.8461538461538461,65,10,optima,46
70,0.8428571428571429,66,11,optima,46
75,0.8266666666666667,68,13,optima,46
80,0.825,69,14,optima,46
85,0.8117647058823529,71,16,optima,46
90,0.8222222222222222,71,16,optima,46
95,0.8105263157894737,73,18,optima,46
100,0.8200000000000001,73,18,optima,46
105,0.8285714285714285,73,18,optima,46
110,0.8363636363636364,73,18,optima,46
115,0.8260869565217391,75,20,optima,46
120,0.8166666666666667,77,22,optima,46
125,0.8240000000000001,77,22,optima,46
130,0.8307692307692307,77,22,optima,46
135,0.8296296296296296,78,23,optima,46
140,0.8357142857142857,78,23,optima,46
145,0.8413793103448276,78,23,optima,46
150,0.8333333333333334,80,25,optima,46
155,0.8387096774193549,80,25,optima,46
160,0.8375,81,26,optima,46
165,0.8363636363636364,82,27,optima,46
170,0.8411764705882353,82,27,optima,46
175,0.84,83,28,optima,46
180,0.8444444444444444,83,28,optima,46
185,0.8432432432432433,84,29,optima,46
190,0.8421052631578947,85,30,optima,46
195,0.8358974358974359,87,32,optima,46
200,0.83,89,34,optima,46
205,0.8292682926829268,90,35,optima,46
210,0.8285714285714285,91,36,optima,46
215,0.8232558139534883,93,38,optima,46
220,0.8272727272727273,93,38,optima,46
225,0.8266666666666667,94,39,optima,46
230,0.8304347826086956,94,39,optima,46
235,0.8297872340425532,95,40,optima,46
240,0.8333333333333334,95,40,optima,46
245,0.8367346938775511,95,40,optima,46
250,0.836,96,41,optima,46
255,0.8352941176470589,97,42,optima,46
260,0.8384615384615385,97,42,optima,46
265,0.8415094339622642,97,42,optima,46
270,0.8444444444444444,97,42,optima,46
275,0.8472727272727273,97,42,optima,46
280,0.85,97,42,optima,46
285,0.8491228070175438,98,43,optima,46
290,0.8482758620689655,99,44,optima,46
295,0.847457627118644,100,45,optima,46
300,0.8466666666666667,101,46,optima,46
305,0.8491803278688524,101,46,optima,46
310,0.8516129032258064,101,46,optima,46
315,0.8539682539682539,101,46,optima,46
320,0.853125,102,47,optima,46
325,0.8553846153846154,102,47,optima,46
330,0.8545454545454545,103,48,optima,46
335,0.8567164179104477,103,48,optima,46
340,0.8588235294117648,103,48,optima,46
345,0.8608695652173913,103,48,optima,46
350,0.8628571428571429,103,48,optima,46
355,0.8619718309859155,104,49,optima,46
360,0.8611111111111112,105,50,optima,46
365,0.8602739726027397,106,51,optima,46
370,0.8621621621621621,106,51,optima,46
375,0.864,106,51,optima,46
380,0.8631578947368421,107,52,optima,46
385,0.8649350649350649,107,52,optima,46
390,0.8666666666666667,107,52,optima,46
395,0.8632911392405063,109,54,optima,46
400,0.865,109,54,optima,46
405,0.8666666666666667,109,54,optima,46
410,0.8682926829268293,109,54,optima,46
415,0.8698795180722891,109,54,optima,46
420,0.8714285714285714,109,54,optima,46
425,0.8705882352941177,110,55,optima,46
430,0.872093023255814,110,55,optima,46
435,0.8735632183908046,110,55,optima,46
440,0.875,110,55,optima,46
445,0.8741573033707866,111,56,optima,46
450,0.8733333333333333,112,57,optima,46
455,0.8747252747252747,112,57,optima,46
460,0.8760869565217391,112,57,optima,46
465,0.8774193548387097,112,57,optima,46
470,0.8787234042553191,112,57,optima,46
475,0.88,112,57,optima,46
480,0.8791666666666667,113,58,optima,46
485,0.8804123711340206,113,58,optima,46
490,0.8816326530612245,113,58,optima,46
495,0.8828282828282829,113,58,optima,46
500,0.884,113,58,optima,46
5,0.8,42,1,independiente,46
10,0.8,43,2,independiente,46
15,0.8,44,3,independiente,46
20,0.75,46,5,independiente,46
25,0.76,47,6,independiente,46
30,0.7666666666666666,48,7,independiente,46
35,0.8,48,7,independiente,46
40,0.8,49,8,independiente,46
45,0.8,50,9,independiente,46
50,0.8,51,10,independiente,46
55,0.8,52,11,independiente,46
60,0.8,53,12,independiente,46
65,0.8153846153846154,53,12,independiente,46
70,0.8285714285714285,53,12,independiente,46
75,0.8133333333333334,55,14,independiente,46
80,0.8125,56,15,independiente,46
85,0.8117647058823529,57,16,independiente,46
90,0.8222222222222222,57,16,independiente,46
95,0.8,60,19,independiente,46
100,0.81,60,19,independiente,46
105,0.819047619047619,60,19,independiente,46
110,0.8272727272727273,60,19,independiente,46
115,0.817391304347826,62,21,independiente,46
120,0.825,62,21,independiente,46
125,0.8240000000000001,63,22,independiente,46
130,0.8307692307692307,63,22,independiente,46
135,0.8222222222222222,65,24,independiente,46
140,0.8285714285714285,65,24,independiente,46
145,0.8344827586206897,65,24,independiente,46
150,0.8333333333333334,66,25,independiente,46
155,0.8387096774193549,66,25,independiente,46
160,0.8375,67,26,independiente,46
165,0.8363636363636364,68,27,independiente,46
170,0.8411764705882353,68,27,independiente,46
175,0.8457142857142858,68,27,independiente,46
180,0.8444444444444444,69,28,independiente,46
185,0.8432432432432433,70,29,independiente,46
190,0.8421052631578947,71,30,independiente,46
195,0.841025641025641,72,31,independiente,46
200,0.84,73,32,independiente,46
205,0.8390243902439024,74,33,independiente,46
210,0.8380952380952381,75,34,independiente,46
215,0.8325581395348838,77,36,independiente,46
220,0.8363636363636364,77,36,independiente,46
225,0.8355555555555556,78,37,independiente,46
230,0.8391304347826087,78,37,independiente,46
235,0.8382978723404255,79,38,independiente,46
240,0.8416666666666667,79,38,independiente,46
245,0.8448979591836735,79,38,independiente,46
250,0.844,80,39,independiente,46
255,0.8470588235294118,80,39,independiente,46
260,0.85,80,39,independiente,46
265,0.8528301886792453,80,39,independiente,46
270,0.8555555555555556,80,39,independiente,46
275,0.8581818181818182,80,39,independiente,46
280,0.8607142857142858,80,39,independiente,46
285,0.8631578947368421,80,39,independiente,46
290,0.8586206896551725,82,41,independiente,46
295,0.8576271186440678,83,42,independiente,46
300,0.8566666666666667,84,43,independiente,46
305,0.8590163934426229,84,43,independiente,46
310,0.8612903225806452,84,43,independiente,46
315,0.8634920634920635,84,43,independiente,46
320,0.8625,85,44,independiente,46
325,0.8646153846153846,85,44,independiente,46
330,0.8636363636363636,86,45,independiente,46
335,0.8656716417910448,86,45,independiente,46
340,0.8676470588235294,86,45,independiente,46
345,0.8695652173913043,86,45,independiente,46
350,0.8714285714285714,86,45,independiente,46
355,0.8704225352112676,87,46,independiente,46
360,0.8722222222222222,87,46,independiente,46
365,0.8712328767123287,88,47,independiente,46
370,0.8729729729729729,88,47,independiente,46
375,0.8746666666666667,88,47,independiente,46
380,0.8736842105263158,89,48,independiente,46
385,0.8727272727272728,90,49,independiente,46
390,0.8743589743589744,90,49,independiente,46
395,0.8734177215189873,91,50,independiente,46
400,0.875,91,50,independiente,46
405,0.8765432098765432,91,50,independiente,46
410,0.8780487804878049,91,50,independiente,46
415,0.8795180722891567,91,50,independiente,46
420,0.8809523809523809,91,50,independiente,46
425,0.88,92,51,independiente,46
430,0.8813953488372093,92,51,independiente,46
435,0.8827586206896552,92,51,independiente,46
440,0.884090909090909,92,51,independiente,46
445,0.8831460674157303,93,52,independiente,46
450,0.8822222222222222,94,53,independiente,46
455,0.8835164835164835,94,53,independiente,46
460,0.8847826086956522,94,53,independiente,46
465,0.886021505376344,94,53,independiente,46
470,0.8872340425531915,94,53,independiente,46
475,0.888421052631579,94,53,independiente,46
480,0.8875,95,54,independiente,46
485,0.8865979381443299,96,55,independiente,46
490,0.8877551020408163,96,55,independiente,46
495,0.8888888888888888,96,55,independiente,46
500,0.89,96,55,independiente,46
5,0.8,56,1,optima,47
10,0.6,59,4,optima,47
15,0.7333333333333334,59,4,optima,47
20,0.75,60,5,optima,47
25,0.76,61,6,optima,47
30,0.7666666666666666,62,7,optima,47
35,0.7714285714285715,63,8,optima,47
40,0.775,64,9,optima,47
45,0.8,64,9,optima,47
50,0.8,65,10,optima,47
55,0.7818181818181819,67,12,optima,47
60,0.7833333333333333,68,13,optima,47
65,0.7846153846153846,69,14,optima,47
70,0.8,69,14,optima,47
75,0.8133333333333334,69,14,optima,47
80,0.825,69,14,optima,47
85,0.8235294117647058,70,15,optima,47
90,0.8222222222222222,71,16,optima,47
95,0.8315789473684211,71,16,optima,47
100,0.83,72,17,optima,47
105,0.8285714285714285,73,18,optima,47
110,0.8363636363636364,73,18,optima,47
115,0.8434782608695652,73,18,optima,47
120,0.85,73,18,optima,47
125,0.856,73,18,optima,47
130,0.8615384615384616,73,18,optima,47
135,0.8666666666666667,73,18,optima,47
140,0.8642857142857143,74,19,optima,47
145,0.8413793103448276,78,23,optima,47
150,0.8466666666666667,78,23,optima,47
155,0.8451612903225807,79,24,optima,47
160,0.85,79,24,optima,47
165,0.8545454545454545,79,24,optima,47
170,0.8529411764705882,80,25,optima,47
175,0.8514285714285714,81,26,optima,47
180,0.85,82,27,optima,47
185,0.8486486486486486,83,28,optima,47
190,0.8526315789473684,83,28,optima,47
195,0.8564102564102565,83,28,optima,47
200,0.85,85,30,optima,47
205,0.8536585365853658,85,30,optima,47
210,0.8571428571428572,85,30,optima,47
215,0.8558139534883721,86,31,optima,47
220,0.8545454545454545,87,32,optima,47
225,0.8577777777777778,87,32,optima,47
230,0.8608695652173913,87,32,optima,47
235,0.8595744680851064,88,33,optima,47
240,0.8625,88,33,optima,47
245,0.8612244897959184,89,34,optima,47
250,0.86,90,35,optima,47
255,0.8627450980392157,90,35,optima,47
260,0.8653846153846154,90,35,optima,47
265,0.8679245283018868,90,35,optima,47
270,0.8666666666666667,91,36,optima,47
275,0.8618181818181818,93,38,optima,47
280,0.8642857142857143,93,38,optima,47
285,0.8631578947368421,94,39,optima,47
290,0.8655172413793104,94,39,optima,47
295,0.8677966101694915,94,39,optima,47
300,0.87,94,39,optima,47
305,0.8721311475409836,94,39,optima,47
310,0.8741935483870968,94,39,optima,47
315,0.873015873015873,95,40,optima,47
320,0.875,95,40,optima,47
325,0.8769230769230769,95,40,optima,47
330,0.8787878787878788,95,40,optima,47
335,0.8805970149253731,95,40,optima,47
340,0.8823529411764706,95,40,optima,47
345,0.8840579710144928,95,40,optima,47
350,0.8857142857142857,95,40,optima,47
355,0.8845070422535212,96,41,optima,47
360,0.8861111111111111,96,41,optima,47
365,0.8876712328767123,96,41,optima,47
370,0.8891891891891892,96,41,optima,47
375,0.888,97,42,optima,47
380,0.8894736842105263,97,42,optima,47
385,0.8909090909090909,97,42,optima,47
390,0.8897435897435897,98,43,optima,47
395,0.8911392405063291,98,43,optima,47
400,0.8925,98,43,optima,47
405,0.8938271604938272,98,43,optima,47
410,0.8926829268292683,99,44,optima,47
415,0.891566265060241,100,45,optima,47
420,0.8928571428571429,100,45,optima,47
425,0.8941176470588236,100,45,optima,47
430,0.8953488372093024,100,45,optima,47
435,0.8942528735632184,101,46,optima,47
440,0.8954545454545455,101,46,optima,47
445,0.8966292134831461,101,46,optima,47
450,0.8955555555555555,102,47,optima,47
455,0.8945054945054945,103,48,optima,47
460,0.8956521739130435,103,48,optima,47
465,0.896774193548387,103,48,optima,47
470,0.8978723404255319,103,48,optima,47
475,0.8989473684210526,103,48,optima,47
480,0.9,103,48,optima,47
485,0.9010309278350516,103,48,optima,47
490,0.9,104,49,optima,47
495,0.896969696969697,106,51,optima,47
500,0.898,106,51,optima,47
5,0.8,42,1,independiente,47
10,0.6,45,4,independiente,47
15,0.6666666666666667,46,5,independiente,47
20,0.65,48,7,independiente,47
25,0.64,50,9,independiente,47
30,0.6666666666666667,51,10,independiente,47
35,0.6571428571428571,53,12,independiente,47
40,0.675,54,13,independiente,47
45,0.7111111111111111,54,13,independiente,47
50,0.72,55,14,independiente,47
55,0.7090909090909091,57,16,independiente,47
60,0.7166666666666667,58,17,independiente,47
65,0.7384615384615385,58,17,independiente,47
70,0.7571428571428571,58,17,independiente,47
75,0.7733333333333333,58,17,independiente,47
80,0.7875,58,17,independiente,47
85,0.788235294117647,59,18,independiente,47
90,0.7888888888888889,60,19,independiente,47
95,0.8,60,19,independiente,47
100,0.8,61,20,independiente,47
105,0.8,62,21,independiente,47
110,0.8090909090909091,62,21,independiente,47
115,0.817391304347826,62,21,independiente,47
120,0.825,62,21,independiente,47
125,0.8240000000000001,63,22,independiente,47
130,0.8307692307692307,63,22,independiente,47
135,0.837037037037037,63,22,independiente,47
140,0.8357142857142857,64,23,independiente,47
145,0.8206896551724138,67,26,independiente,47
150,0.8200000000000001,68,27,independiente,47
155,0.8193548387096774,69,28,independiente,47
160,0.825,69,28,independiente,47
165,0.8303030303030303,69,28,independiente,47
170,0.8294117647058823,70,29,independiente,47
175,0.8285714285714285,71,30,independiente,47
180,0.8277777777777777,72,31,independiente,47
185,0.8324324324324324,72,31,independiente,47
190,0.8368421052631578,72,31,independiente,47
195,0.841025641025641,72,31,independiente,47
200,0.84,73,32,independiente,47
205,0.8439024390243902,73,32,independiente,47
210,0.8476190476190476,73,32,independiente,47
215,0.8465116279069768,74,33,independiente,47
220,0.8454545454545455,75,34,independiente,47
225,0.8488888888888889,75,34,independiente,47
230,0.8521739130434782,75,34,independiente,47
235,0.851063829787234,76,35,independiente,47
240,0.8541666666666666,76,35,independiente,47
245,0.8489795918367347,78,37,independiente,47
250,0.852,78,37,independiente,47
255,0.8549019607843137,78,37,independiente,47
260,0.8576923076923078,78,37,independiente,47
265,0.8603773584905661,78,37,independiente,47
270,0.8592592592592593,79,38,independiente,47
275,0.8581818181818182,80,39,independiente,47
280,0.8571428571428572,81,40,independiente,47
285,0.856140350877193,82,41,independiente,47
290,0.8586206896551725,82,41,independiente,47
295,0.8610169491525423,82,41,independiente,47
300,0.8633333333333333,82,41,independiente,47
305,0.8655737704918033,82,41,independiente,47
310,0.8677419354838709,82,41,independiente,47
315,0.8698412698412699,82,41,independiente,47
320,0.86875,83,42,independiente,47
325,0.8707692307692307,83,42,independiente,47
330,0.8727272727272728,83,42,independiente,47
335,0.8746268656716418,83,42,independiente,47
340,0.8735294117647059,84,43,independiente,47
345,0.8753623188405797,84,43,independiente,47
350,0.8771428571428571,84,43,independiente,47
355,0.876056338028169,85,44,independiente,47
360,0.8777777777777778,85,44,independiente,47
365,0.8794520547945206,85,44,independiente,47
370,0.8783783783783784,86,45,independiente,47
375,0.8773333333333333,87,46,independiente,47
380,0.8789473684210526,87,46,independiente,47
385,0.8805194805194805,87,46,independiente,47
390,0.8794871794871795,88,47,independiente,47
395,0.8810126582278481,88,47,independiente,47
400,0.8825000000000001,88,47,independiente,47
405,0.8839506172839506,88,47,independiente,47
410,0.8829268292682927,89,48,independiente,47
415,0.8843373493975903,89,48,independiente,47
420,0.8857142857142857,89,48,independiente,47
425,0.8870588235294118,89,48,independiente,47
430,0.8883720930232558,89,48,independiente,47
435,0.8873563218390804,90,49,independiente,47
440,0.8886363636363637,90,49,independiente,47
445,0.8898876404494382,90,49,independiente,47
450,0.8888888888888888,91,50,independiente,47
455,0.8901098901098901,91,50,independiente,47
460,0.8913043478260869,91,50,independiente,47
465,0.8924731182795699,91,50,independiente,47
470,0.8936170212765957,91,50,independiente,47
475,0.8947368421052632,91,50,independiente,47
480,0.89375,92,51,independiente,47
485,0.8948453608247423,92,51,independiente,47
490,0.8938775510204082,93,52,independiente,47
495,0.8929292929292929,94,53,independiente,47
500,0.894,94,53,independiente,47
5,1.0,55,0,optima,48
10,0.9,56,1,optima,48
15,0.9333333333333333,56,1,optima,48
20,0.85,58,3,optima,48
25,0.84,59,4,optima,48
30,0.8,61,6,optima,48
35,0.8285714285714285,61,6,optima,48
40,0.825,62,7,optima,48
45,0.8444444444444444,62,7,optima,48
50,0.86,62,7,optima,48
55,0.8363636363636364,64,9,optima,48
60,0.85,64,9,optima,48
65,0.8307692307692307,66,11,optima,48
70,0.8285714285714285,67,12,optima,48
75,0.8133333333333334,69,14,optima,48
80,0.8,71,16,optima,48
85,0.8,72,17,optima,48
90,0.8111111111111111,72,17,optima,48
95,0.8,74,19,optima,48
100,0.79,76,21,optima,48
105,0.8,76,21,optima,48
110,0.8090909090909091,76,21,optima,48
115,0.817391304347826,76,21,optima,48
120,0.8166666666666667,77,22,optima,48
125,0.8240000000000001,77,22,optima,48
130,0.8307692307692307,77,22,optima,48
135,0.837037037037037,77,22,optima,48
140,0.8428571428571429,77,22,optima,48
145,0.8482758620689655,77,22,optima,48
150,0.8466666666666667,78,23,optima,48
155,0.8516129032258064,78,23,optima,48
160,0.85625,78,23,optima,48
165,0.8606060606060606,78,23,optima,48
170,0.8647058823529412,78,23,optima,48
175,0.8685714285714285,78,23,optima,48
180,0.8722222222222222,78,23,optima,48
185,0.8756756756756756,78,23,optima,48
190,0.8789473684210526,78,23,optima,48
195,0.8769230769230769,79,24,optima,48
200,0.875,80,25,optima,48
205,0.8731707317073171,81,26,optima,48
210,0.8714285714285714,82,27,optima,48
215,0.8744186046511628,82,27,optima,48
220,0.8727272727272728,83,28,optima,48
225,0.8666666666666667,85,30,optima,48
230,0.8695652173913043,85,30,optima,48
235,0.8680851063829788,86,31,optima,48
240,0.8708333333333333,86,31,optima,48
245,0.8734693877551021,86,31,optima,48
250,0.876,86,31,optima,48
255,0.8784313725490196,86,31,optima,48
260,0.8769230769230769,87,32,optima,48
265,0.879245283018868,87,32,optima,48
270,0.8777777777777778,88,33,optima,48
275,0.8763636363636363,89,34,optima,48
280,0.8785714285714286,89,34,optima,48
285,0.8807017543859649,89,34,optima,48
290,0.8827586206896552,89,34,optima,48
295,0.8847457627118644,89,34,optima,48
300,0.8866666666666667,89,34,optima,48
305,0.8885245901639345,89,34,optima,48
310,0.8903225806451613,89,34,optima,48
315,0.8888888888888888,90,35,optima,48
320,0.890625,90,35,optima,48
325,0.8923076923076922,90,35,optima,48
330,0.8909090909090909,91,36,optima,48
335,0.8865671641791044,93,38,optima,48
340,0.888235294117647,93,38,optima,48
345,0.8869565217391304,94,39,optima,48
350,0.8885714285714286,94,39,optima,48
355,0.8901408450704226,94,39,optima,48
360,0.8888888888888888,95,40,optima,48
365,0.8904109589041096,95,40,optima,48
370,0.8918918918918919,95,40,optima,48
375,0.8933333333333333,95,40,optima,48
380,0.8947368421052632,95,40,optima,48
385,0.8961038961038961,95,40,optima,48
390,0.8948717948717949,96,41,optima,48
395,0.8962025316455696,96,41,optima,48
400,0.8975,96,41,optima,48
405,0.8987654320987655,96,41,optima,48
410,0.9,96,41,optima,48
415,0.8963855421686747,98,43,optima,48
420,0.8976190476190476,98,43,optima,48
425,0.8964705882352941,99,44,optima,48
430,0.8953488372093024,100,45,optima,48
435,0.896551724137931,100,45,optima,48
440,0.8977272727272727,100,45,optima,48
445,0.8966292134831461,101,46,optima,48
450,0.8977777777777778,101,46,optima,48
455,0.8989010989010989,101,46,optima,48
460,0.9,101,46,optima,48
465,0.9010752688172043,101,46,optima,48
470,0.9,102,47,optima,48
475,0.9010526315789473,102,47,optima,48
480,0.9020833333333333,102,47,optima,48
485,0.9030927835051547,102,47,optima,48
490,0.9020408163265307,103,48,optima,48
495,0.9030303030303031,103,48,optima,48
500,0.904,103,48,optima,48
5,1.0,41,0,independiente,48
10,1.0,41,0,independiente,48
15,1.0,41,0,independiente,48
20,0.8,45,4,independiente,48
25,0.8,46,5,independiente,48
30,0.7666666666666666,48,7,independiente,48
35,0.8,48,7,independiente,48
40,0.8,49,8,independiente,48
45,0.8,50,9,independiente,48
50,0.8200000000000001,50,9,independiente,48
55,0.8,52,11,independiente,48
60,0.8166666666666667,52,11,independiente,48
65,0.8307692307692307,52,11,independiente,48
70,0.8285714285714285,53,12,independiente,48
75,0.8133333333333334,55,14,independiente,48
80,0.8,57,16,independiente,48
85,0.7764705882352941,60,19,independiente,48
90,0.7888888888888889,60,19,independiente,48
95,0.7789473684210526,62,21,independiente,48
100,0.77,64,23,independiente,48
105,0.7714285714285715,65,24,independiente,48
110,0.7818181818181819,65,24,independiente,48
115,0.7913043478260869,65,24,independiente,48
120,0.7916666666666666,66,25,independiente,48
125,0.8,66,25,independiente,48
130,0.8076923076923077,66,25,independiente,48
135,0.8148148148148149,66,25,independiente,48
140,0.8142857142857143,67,26,independiente,48
145,0.8137931034482758,68,27,independiente,48
150,0.8200000000000001,68,27,independiente,48
155,0.8258064516129032,68,27,independiente,48
160,0.83125,68,27,independiente,48
165,0.8363636363636364,68,27,independiente,48
170,0.8411764705882353,68,27,independiente,48
175,0.84,69,28,independiente,48
180,0.8388888888888889,70,29,independiente,48
185,0.8432432432432433,70,29,independiente,48
190,0.8473684210526315,70,29,independiente,48
195,0.8461538461538461,71,30,independiente,48
200,0.85,71,30,independiente,48
205,0.848780487804878,72,31,independiente,48
210,0.8476190476190476,73,32,independiente,48
215,0.8511627906976744,73,32,independiente,48
220,0.8545454545454545,73,32,independiente,48
225,0.8533333333333333,74,33,independiente,48
230,0.8565217391304347,74,33,independiente,48
235,0.8553191489361702,75,34,independiente,48
240,0.8583333333333334,75,34,independiente,48
245,0.8571428571428572,76,35,independiente,48
250,0.856,77,36,independiente,48
255,0.8588235294117648,77,36,independiente,48
260,0.8576923076923078,78,37,independiente,48
265,0.8566037735849057,79,38,independiente,48
270,0.8518518518518519,81,40,independiente,48
275,0.850909090909091,82,41,independiente,48
280,0.8535714285714285,82,41,independiente,48
285,0.856140350877193,82,41,independiente,48
290,0.8586206896551725,82,41,independiente,48
295,0.8610169491525423,82,41,independiente,48
300,0.86,83,42,independiente,48
305,0.862295081967213,83,42,independiente,48
310,0.864516129032258,83,42,independiente,48
315,0.8634920634920635,84,43,independiente,48
320,0.865625,84,43,independiente,48
325,0.8676923076923077,84,43,independiente,48
330,0.8666666666666667,85,44,independiente,48
335,0.8626865671641791,87,46,independiente,48
340,0.8647058823529412,87,46,independiente,48
345,0.8666666666666667,87,46,independiente,48
350,0.8685714285714285,87,46,independiente,48
355,0.8676056338028169,88,47,independiente,48
360,0.8666666666666667,89,48,independiente,48
365,0.8684931506849315,89,48,independiente,48
370,0.8675675675675676,90,49,independiente,48
375,0.8693333333333333,90,49,independiente,48
380,0.8710526315789473,90,49,independiente,48
385,0.8727272727272728,90,49,independiente,48
390,0.8717948717948718,91,50,independiente,48
395,0.8734177215189873,91,50,independiente,48
400,0.875,91,50,independiente,48
405,0.8765432098765432,91,50,independiente,48
410,0.8780487804878049,91,50,independiente,48
415,0.8771084337349397,92,51,independiente,48
420,0.8785714285714286,92,51,independiente,48
425,0.8752941176470588,94,53,independiente,48
430,0.8767441860465116,94,53,independiente,48
435,0.8781609195402299,94,53,independiente,48
440,0.8795454545454545,94,53,independiente,48
445,0.8808988764044944,94,53,independiente,48
450,0.8822222222222222,94,53,independiente,48
455,0.8835164835164835,94,53,independiente,48
460,0.8847826086956522,94,53,independiente,48
465,0.886021505376344,94,53,independiente,48
470,0.8872340425531915,94,53,independiente,48
475,0.8863157894736842,95,54,independiente,48
480,0.8875,95,54,independiente,48
485,0.8886597938144329,95,54,independiente,48
490,0.889795918367347,95,54,independiente,48
495,0.8909090909090909,95,54,independiente,48
500,0.892,95,54,independiente,48
5,0.6,57,2,optima,49
10,0.7,58,3,optima,49
15,0.8,58,3,optima,49
20,0.75,60,5,optima,49
25,0.76,61,6,optima,49
30,0.7666666666666666,62,7,optima,49
35,0.7428571428571429,64,9,optima,49
40,0.775,64,9,optima,49
45,0.8,64,9,optima,49
50,0.8200000000000001,64,9,optima,49
55,0.8363636363636364,64,9,optima,49
60,0.85,64,9,optima,49
65,0.8307692307692307,66,11,optima,49
70,0.8285714285714285,67,12,optima,49
75,0.84,67,12,optima,49
80,0.85,67,12,optima,49
85,0.8470588235294118,68,13,optima,49
90,0.8444444444444444,69,14,optima,49
95,0.8526315789473684,69,14,optima,49
100,0.86,69,14,optima,49
105,0.8666666666666667,69,14,optima,49
110,0.8727272727272728,69,14,optima,49
115,0.8608695652173913,71,16,optima,49
120,0.8583333333333334,72,17,optima,49
125,0.864,72,17,optima,49
130,0.8615384615384616,73,18,optima,49
135,0.8666666666666667,73,18,optima,49
140,0.8642857142857143,74,19,optima,49
145,0.8689655172413793,74,19,optima,49
150,0.8733333333333333,74,19,optima,49
155,0.8774193548387097,74,19,optima,49
160,0.88125,74,19,optima,49
165,0.8727272727272728,76,21,optima,49
170,0.8764705882352941,76,21,optima,49
175,0.8742857142857143,77,22,optima,49
180,0.8777777777777778,77,22,optima,49
185,0.8702702702702703,79,24,optima,49
190,0.8736842105263158,79,24,optima,49
195,0.8717948717948718,80,25,optima,49
200,0.875,80,25,optima,49
205,0.8780487804878049,80,25,optima,49
210,0.8809523809523809,80,25,optima,49
215,0.8790697674418605,81,26,optima,49
220,0.8818181818181818,81,26,optima,49
225,0.8844444444444445,81,26,optima,49
230,0.8869565217391304,81,26,optima,49
235,0.8893617021276596,81,26,optima,49
240,0.8916666666666666,81,26,optima,49
245,0.8938775510204082,81,26,optima,49
250,0.892,82,27,optima,49
255,0.8941176470588236,82,27,optima,49
260,0.8961538461538462,82,27,optima,49
265,0.8905660377358491,84,29,optima,49
270,0.8851851851851852,86,31,optima,49
275,0.8872727272727272,86,31,optima,49
280,0.8892857142857142,86,31,optima,49
285,0.887719298245614,87,32,optima,49
290,0.8862068965517241,88,33,optima,49
295,0.888135593220339,88,33,optima,49
300,0.89,88,33,optima,49
305,0.8918032786885246,88,33,optima,49
310,0.8935483870967742,88,33,optima,49
315,0.8952380952380953,88,33,optima,49
320,0.89375,89,34,optima,49
325,0.8953846153846154,89,34,optima,49
330,0.8939393939393939,90,35,optima,49
335,0.8955223880597015,90,35,optima,49
340,0.8941176470588236,91,36,optima,49
345,0.8898550724637682,93,38,optima,49
350,0.8914285714285715,93,38,optima,49
355,0.8929577464788733,93,38,optima,49
360,0.8944444444444445,93,38,optima,49
365,0.8958904109589041,93,38,optima,49
370,0.8918918918918919,95,40,optima,49
375,0.8906666666666667,96,41,optima,49
380,0.8921052631578947,96,41,optima,49
385,0.8935064935064935,96,41,optima,49
390,0.8948717948717949,96,41,optima,49
395,0.8962025316455696,96,41,optima,49
400,0.8975,96,41,optima,49
405,0.8962962962962963,97,42,optima,49
410,0.8975609756097561,97,42,optima,49
415,0.8987951807228916,97,42,optima,49
420,0.9,97,42,optima,49
425,0.9011764705882352,97,42,optima,49
430,0.9,98,43,optima,49
435,0.8988505747126436,99,44,optima,49
440,0.9,99,44,optima,49
445,0.9011235955056179,99,44,optima,49
450,0.9022222222222223,99,44,optima,49
455,0.9010989010989011,100,45,optima,49
460,0.9,101,46,optima,49
465,0.9010752688172043,101,46,optima,49
470,0.902127659574468,101,46,optima,49
475,0.9031578947368422,101,46,optima,49
480,0.9041666666666667,101,46,optima,49
485,0.9030927835051547,102,47,optima,49
490,0.9040816326530612,102,47,optima,49
495,0.9050505050505051,102,47,optima,49
500,0.906,102,47,optima,49
5,0.6,43,2,independiente,49
10,0.8,43,2,independiente,49
15,0.8666666666666667,43,2,independiente,49
20,0.8,45,4,independiente,49
25,0.8,46,5,independiente,49
30,0.7666666666666666,48,7,independiente,49
35,0.7714285714285715,49,8,independiente,49
40,0.8,49,8,independiente,49
45,0.8222222222222222,49,8,independiente,49
50,0.84,49,8,independiente,49
55,0.8545454545454545,49,8,independiente,49
60,0.8666666666666667,49,8,independiente,49
65,0.8461538461538461,51,10,independiente,49
70,0.8428571428571429,52,11,independiente,49
75,0.84,53,12,independiente,49
80,0.85,53,12,independiente,49
85,0.8352941176470589,55,14,independiente,49
90,0.8333333333333334,56,15,independiente,49
95,0.8421052631578947,56,15,independiente,49
100,0.85,56,15,independiente,49
105,0.8571428571428572,56,15,independiente,49
110,0.8454545454545455,58,17,independiente,49
115,0.8434782608695652,59,18,independiente,49
120,0.8416666666666667,60,19,independiente,49
125,0.848,60,19,independiente,49
130,0.8461538461538461,61,20,independiente,49
135,0.8518518518518519,61,20,independiente,49
140,0.8571428571428572,61,20,independiente,49
145,0.8620689655172413,61,20,independiente,49
150,0.8666666666666667,61,20,independiente,49
155,0.8709677419354839,61,20,independiente,49
160,0.875,61,20,independiente,49
165,0.8727272727272728,62,21,independiente,49
170,0.8764705882352941,62,21,independiente,49
175,0.88,62,21,independiente,49
180,0.8833333333333333,62,21,independiente,49
185,0.8702702702702703,65,24,independiente,49
190,0.8736842105263158,65,24,independiente,49
195,0.8666666666666667,67,26,independiente,49
200,0.87,67,26,independiente,49
205,0.8731707317073171,67,26,independiente,49
210,0.8761904761904762,67,26,independiente,49
215,0.8744186046511628,68,27,independiente,49
220,0.8772727272727273,68,27,independiente,49
225,0.88,68,27,independiente,49
230,0.8782608695652174,69,28,independiente,49
235,0.8808510638297873,69,28,independiente,49
240,0.8791666666666667,70,29,independiente,49
245,0.8816326530612245,70,29,independiente,49
250,0.884,70,29,independiente,49
255,0.8862745098039215,70,29,independiente,49
260,0.8884615384615384,70,29,independiente,49
265,0.8830188679245283,72,31,independiente,49
270,0.8777777777777778,74,33,independiente,49
275,0.88,74,33,independiente,49
280,0.8821428571428571,74,33,independiente,49
285,0.8807017543859649,75,34,independiente,49
290,0.8793103448275862,76,35,independiente,49
295,0.8779661016949153,77,36,independiente,49
300,0.88,77,36,independiente,49
305,0.8819672131147541,77,36,independiente,49
310,0.8838709677419355,77,36,independiente,49
315,0.8857142857142857,77,36,independiente,49
320,0.884375,78,37,independiente,49
325,0.8861538461538462,78,37,independiente,49
330,0.8878787878787879,78,37,independiente,49
335,0.8895522388059701,78,37,independiente,49
340,0.8911764705882352,78,37,independiente,49
345,0.8898550724637682,79,38,independiente,49
350,0.8914285714285715,79,38,independiente,49
355,0.8901408450704226,80,39,independiente,49
360,0.8916666666666666,80,39,independiente,49
365,0.8931506849315068,80,39,independiente,49
370,0.8945945945945946,80,39,independiente,49
375,0.8933333333333333,81,40,independiente,49
380,0.8947368421052632,81,40,independiente,49
385,0.8961038961038961,81,40,independiente,49
390,0.8974358974358975,81,40,independiente,49
395,0.8987341772151899,81,40,independiente,49
400,0.8975,82,41,independiente,49
405,0.8962962962962963,83,42,independiente,49
410,0.8975609756097561,83,42,independiente,49
415,0.8987951807228916,83,42,independiente,49
420,0.9,83,42,independiente,49
425,0.9011764705882352,83,42,independiente,49
430,0.9,84,43,independiente,49
435,0.8988505747126436,85,44,independiente,49
440,0.9,85,44,independiente,49
445,0.9011235955056179,85,44,independiente,49
450,0.9022222222222223,85,44,independiente,49
455,0.9010989010989011,86,45,independiente,49
460,0.9,87,46,independiente,49
465,0.9010752688172043,87,46,independiente,49
470,0.902127659574468,87,46,independiente,49
475,0.9031578947368422,87,46,independiente,49
480,0.9041666666666667,87,46,independiente,49
485,0.9030927835051547,88,47,independiente,49
490,0.9040816326530612,88,47,independiente,49
495,0.9050505050505051,88,47,independiente,49
500,0.906,88,47,independiente,49
5,0.8,56,1,optima,50
10,0.7,58,3,optima,50
15,0.8,58,3,optima,50
20,0.85,58,3,optima,50
25,0.88,58,3,optima,50
30,0.9,58,3,optima,50
35,0.8857142857142857,59,4,optima,50
40,0.9,59,4,optima,50
45,0.9111111111111111,59,4,optima,50
50,0.92,59,4,optima,50
55,0.9272727272727272,59,4,optima,50
60,0.9333333333333333,59,4,optima,50
65,0.9230769230769231,60,5,optima,50
70,0.9142857142857143,61,6,optima,50
75,0.9066666666666666,62,7,optima,50
80,0.8875,64,9,optima,50
85,0.8941176470588236,64,9,optima,50
90,0.9,64,9,optima,50
95,0.8947368421052632,65,10,optima,50
100,0.89,66,11,optima,50
105,0.8761904761904762,68,13,optima,50
110,0.8636363636363636,70,15,optima,50
115,0.8608695652173913,71,16,optima,50
120,0.8583333333333334,72,17,optima,50
125,0.864,72,17,optima,50
130,0.8615384615384616,73,18,optima,50
135,0.8592592592592593,74,19,optima,50
140,0.8642857142857143,74,19,optima,50
145,0.8689655172413793,74,19,optima,50
150,0.8666666666666667,75,20,optima,50
155,0.864516129032258,76,21,optima,50
160,0.86875,76,21,optima,50
165,0.8727272727272728,76,21,optima,50
170,0.8764705882352941,76,21,optima,50
175,0.88,76,21,optima,50
180,0.8833333333333333,76,21,optima,50
185,0.8864864864864865,76,21,optima,50
190,0.8894736842105263,76,21,optima,50
195,0.8871794871794871,77,22,optima,50
200,0.89,77,22,optima,50
205,0.8926829268292683,77,22,optima,50
210,0.8857142857142857,79,24,optima,50
215,0.8883720930232558,79,24,optima,50
220,0.8909090909090909,79,24,optima,50
225,0.8933333333333333,79,24,optima,50
230,0.8869565217391304,81,26,optima,50
235,0.8893617021276596,81,26,optima,50
240,0.8916666666666666,81,26,optima,50
245,0.8938775510204082,81,26,optima,50
250,0.896,81,26,optima,50
255,0.8980392156862745,81,26,optima,50
260,0.8923076923076922,83,28,optima,50
265,0.8943396226415095,83,28,optima,50
270,0.8962962962962963,83,28,optima,50
275,0.8981818181818182,83,28,optima,50
280,0.8964285714285715,84,29,optima,50
285,0.8947368421052632,85,30,optima,50
290,0.896551724137931,85,30,optima,50
295,0.8949152542372881,86,31,optima,50
300,0.8933333333333333,87,32,optima,50
305,0.8918032786885246,88,33,optima,50
310,0.8935483870967742,88,33,optima,50
315,0.8952380952380953,88,33,optima,50
320,0.896875,88,33,optima,50
325,0.8984615384615384,88,33,optima,50
330,0.9,88,33,optima,50
335,0.9014925373134328,88,33,optima,50
340,0.9029411764705882,88,33,optima,50
345,0.9043478260869565,88,33,optima,50
350,0.9028571428571428,89,34,optima,50
355,0.9042253521126761,89,34,optima,50
360,0.9027777777777778,90,35,optima,50
365,0.9013698630136986,91,36,optima,50
370,0.9027027027027027,91,36,optima,50
375,0.904,91,36,optima,50
380,0.9026315789473685,92,37,optima,50
385,0.9038961038961039,92,37,optima,50
390,0.9051282051282051,92,37,optima,50
395,0.9037974683544304,93,38,optima,50
400,0.905,93,38,optima,50
405,0.9061728395061728,93,38,optima,50
410,0.9073170731707317,93,38,optima,50
415,0.9084337349397591,93,38,optima,50
420,0.9095238095238095,93,38,optima,50
425,0.908235294117647,94,39,optima,50
430,0.9093023255813953,94,39,optima,50
435,0.9103448275862069,94,39,optima,50
440,0.9113636363636364,94,39,optima,50
445,0.9101123595505618,95,40,optima,50
450,0.9088888888888889,96,41,optima,50
455,0.9098901098901099,96,41,optima,50
460,0.9108695652173913,96,41,optima,50
465,0.9118279569892473,96,41,optima,50
470,0.9127659574468086,96,41,optima,50
475,0.9136842105263158,96,41,optima,50
480,0.9125,97,42,optima,50
485,0.9134020618556701,97,42,optima,50
490,0.9122448979591837,98,43,optima,50
495,0.9131313131313131,98,43,optima,50
500,0.912,99,44,optima,50
5,1.0,41,0,independiente,50
10,0.8,43,2,independiente,50
15,0.8666666666666667,43,2,independiente,50
20,0.85,44,3,independiente,50
25,0.88,44,3,independiente,50
30,0.8666666666666667,45,4,independiente,50
35,0.8571428571428572,46,5,independiente,50
40,0.875,46,5,independiente,50
45,0.8888888888888888,46,5,independiente,50
50,0.9,46,5,independiente,50
55,0.9090909090909091,46,5,independiente,50
60,0.9,47,6,independiente,50
65,0.8923076923076922,48,7,independiente,50
70,0.8857142857142857,49,8,independiente,50
75,0.8533333333333333,52,11,independiente,50
80,0.8375,54,13,independiente,50
85,0.8470588235294118,54,13,independiente,50
90,0.8555555555555556,54,13,independiente,50
95,0.8526315789473684,55,14,independiente,50
100,0.85,56,15,independiente,50
105,0.8476190476190476,57,16,independiente,50
110,0.8454545454545455,58,17,independiente,50
115,0.8521739130434782,58,17,independiente,50
120,0.85,59,18,independiente,50
125,0.856,59,18,independiente,50
130,0.8615384615384616,59,18,independiente,50
135,0.8592592592592593,60,19,independiente,50
140,0.8642857142857143,60,19,independiente,50
145,0.8689655172413793,60,19,independiente,50
150,0.8666666666666667,61,20,independiente,50
155,0.8580645161290322,63,22,independiente,50
160,0.8625,63,22,independiente,50
165,0.8666666666666667,63,22,independiente,50
170,0.8588235294117648,65,24,independiente,50
175,0.8628571428571429,65,24,independiente,50
180,0.8666666666666667,65,24,independiente,50
185,0.8702702702702703,65,24,independiente,50
190,0.8736842105263158,65,24,independiente,50
195,0.8769230769230769,65,24,independiente,50
200,0.87,67,26,independiente,50
205,0.8731707317073171,67,26,independiente,50
210,0.8666666666666667,69,28,independiente,50
215,0.8697674418604651,69,28,independiente,50
220,0.8681818181818182,70,29,independiente,50
225,0.8711111111111112,70,29,independiente,50
230,0.8695652173913043,71,30,independiente,50
235,0.8680851063829788,72,31,independiente,50
240,0.8625,74,33,independiente,50
245,0.8653061224489795,74,33,independiente,50
250,0.868,74,33,independiente,50
255,0.8666666666666667,75,34,independiente,50
260,0.8653846153846154,76,35,independiente,50
265,0.8679245283018868,76,35,independiente,50
270,0.8703703703703703,76,35,independiente,50
275,0.8727272727272728,76,35,independiente,50
280,0.875,76,35,independiente,50
285,0.8701754385964913,78,37,independiente,50
290,0.8724137931034482,78,37,independiente,50
295,0.8711864406779661,79,38,independiente,50
300,0.8733333333333333,79,38,independiente,50
305,0.8688524590163934,81,40,independiente,50
310,0.8709677419354839,81,40,independiente,50
315,0.873015873015873,81,40,independiente,50
320,0.875,81,40,independiente,50
325,0.8769230769230769,81,40,independiente,50
330,0.8787878787878788,81,40,independiente,50
335,0.8805970149253731,81,40,independiente,50
340,0.8823529411764706,81,40,independiente,50
345,0.8840579710144928,81,40,independiente,50
350,0.8828571428571429,82,41,independiente,50
355,0.8845070422535212,82,41,independiente,50
360,0.8861111111111111,82,41,independiente,50
365,0.8849315068493151,83,42,independiente,50
370,0.8864864864864865,83,42,independiente,50
375,0.888,83,42,independiente,50
380,0.8868421052631579,84,43,independiente,50
385,0.8883116883116883,84,43,independiente,50
390,0.8897435897435897,84,43,independiente,50
395,0.8911392405063291,84,43,independiente,50
400,0.8925,84,43,independiente,50
405,0.8938271604938272,84,43,independiente,50
410,0.8926829268292683,85,44,independiente,50
415,0.8939759036144579,85,44,independiente,50
420,0.8952380952380953,85,44,independiente,50
425,0.8964705882352941,85,44,independiente,50
430,0.8976744186046511,85,44,independiente,50
435,0.8988505747126436,85,44,independiente,50
440,0.9,85,44,independiente,50
445,0.898876404494382,86,45,independiente,50
450,0.9,86,45,independiente,50
455,0.9010989010989011,86,45,independiente,50
460,0.9021739130434783,86,45,independiente,50
465,0.9032258064516129,86,45,independiente,50
470,0.9042553191489362,86,45,independiente,50
475,0.9052631578947369,86,45,independiente,50
480,0.90625,86,45,independiente,50
485,0.9072164948453608,86,45,independiente,50
490,0.9061224489795918,87,46,independiente,50
495,0.907070707070707,87,46,independiente,50
500,0.908,87,46,independiente,50
5,0.6,57,2,optima,51
10,0.7,58,3,optima,51
15,0.6666666666666667,60,5,optima,51
20,0.7,61,6,optima,51
25,0.72,62,7,optima,51
30,0.7333333333333334,63,8,optima,51
35,0.7428571428571429,64,9,optima,51
40,0.75,65,10,optima,51
45,0.7555555555555555,66,11,optima,51
50,0.76,67,12,optima,51
55,0.7818181818181819,67,12,optima,51
60,0.7666666666666666,69,14,optima,51
65,0.7692307692307692,70,15,optima,51
70,0.7571428571428571,72,17,optima,51
75,0.76,73,18,optima,51
80,0.775,73,18,optima,51
85,0.7764705882352941,74,19,optima,51
90,0.7888888888888889,74,19,optima,51
95,0.7894736842105263,75,20,optima,51
100,0.8,75,20,optima,51
105,0.8095238095238095,75,20,optima,51
110,0.8,77,22,optima,51
115,0.8,78,23,optima,51
120,0.8,79,24,optima,51
125,0.8,80,25,optima,51
130,0.8,81,26,optima,51
135,0.7925925925925926,83,28,optima,51
140,0.8,83,28,optima,51
145,0.806896551724138,83,28,optima,51
150,0.8066666666666666,84,29,optima,51
155,0.8064516129032258,85,30,optima,51
160,0.80625,86,31,optima,51
165,0.8121212121212121,86,31,optima,51
170,0.8176470588235294,86,31,optima,51
175,0.8228571428571428,86,31,optima,51
180,0.8277777777777777,86,31,optima,51
185,0.827027027027027,87,32,optima,51
190,0.8263157894736842,88,33,optima,51
195,0.8256410256410256,89,34,optima,51
200,0.83,89,34,optima,51
205,0.8292682926829268,90,35,optima,51
210,0.8285714285714285,91,36,optima,51
215,0.827906976744186,92,37,optima,51
220,0.8318181818181818,92,37,optima,51
225,0.8355555555555556,92,37,optima,51
230,0.8391304347826087,92,37,optima,51
235,0.8425531914893617,92,37,optima,51
240,0.8416666666666667,93,38,optima,51
245,0.8408163265306122,94,39,optima,51
250,0.844,94,39,optima,51
255,0.8470588235294118,94,39,optima,51
260,0.85,94,39,optima,51
265,0.8528301886792453,94,39,optima,51
270,0.8555555555555556,94,39,optima,51
275,0.8581818181818182,94,39,optima,51
280,0.8607142857142858,94,39,optima,51
285,0.8596491228070176,95,40,optima,51
290,0.8620689655172413,95,40,optima,51
295,0.8610169491525423,96,41,optima,51
300,0.86,97,42,optima,51
305,0.8590163934426229,98,43,optima,51
310,0.8612903225806452,98,43,optima,51
315,0.8603174603174604,99,44,optima,51
320,0.8625,99,44,optima,51
325,0.8646153846153846,99,44,optima,51
330,0.8666666666666667,99,44,optima,51
335,0.8686567164179104,99,44,optima,51
340,0.8676470588235294,100,45,optima,51
345,0.8695652173913043,100,45,optima,51
350,0.8714285714285714,100,45,optima,51
355,0.8732394366197183,100,45,optima,51
360,0.875,100,45,optima,51
365,0.8767123287671232,100,45,optima,51
370,0.8783783783783784,100,45,optima,51
375,0.88,100,45,optima,51
380,0.881578947368421,100,45,optima,51
385,0.8831168831168831,100,45,optima,51
390,0.8846153846153846,100,45,optima,51
395,0.8860759493670887,100,45,optima,51
400,0.8875,100,45,optima,51
405,0.8888888888888888,100,45,optima,51
410,0.8902439024390244,100,45,optima,51
415,0.891566265060241,100,45,optima,51
420,0.8904761904761904,101,46,optima,51
425,0.8917647058823529,101,46,optima,51
430,0.8930232558139535,101,46,optima,51
435,0.8942528735632184,101,46,optima,51
440,0.8954545454545455,101,46,optima,51
445,0.8943820224719101,102,47,optima,51
450,0.8955555555555555,102,47,optima,51
455,0.8967032967032967,102,47,optima,51
460,0.8978260869565218,102,47,optima,51
465,0.8989247311827957,102,47,optima,51
470,0.9,102,47,optima,51
475,0.9010526315789473,102,47,optima,51
480,0.9020833333333333,102,47,optima,51
485,0.9030927835051547,102,47,optima,51
490,0.9040816326530612,102,47,optima,51
495,0.901010101010101,104,49,optima,51
500,0.902,104,49,optima,51
5,0.6,43,2,independiente,51
10,0.7,44,3,independiente,51
15,0.6,47,6,independiente,51
20,0.6,49,8,independiente,51
25,0.6799999999999999,49,8,independiente,51
30,0.7,50,9,independiente,51
35,0.7428571428571429,50,9,independiente,51
40,0.75,51,10,independiente,51
45,0.7111111111111111,54,13,independiente,51
50,0.7,56,15,independiente,51
55,0.7272727272727273,56,15,independiente,51
60,0.7166666666666667,58,17,independiente,51
65,0.7230769230769231,59,18,independiente,51
70,0.7285714285714286,60,19,independiente,51
75,0.7333333333333334,61,20,independiente,51
80,0.75,61,20,independiente,51
85,0.7647058823529411,61,20,independiente,51
90,0.7777777777777778,61,20,independiente,51
95,0.7789473684210526,62,21,independiente,51
100,0.79,62,21,independiente,51
105,0.8,62,21,independiente,51
110,0.8,63,22,independiente,51
115,0.808695652173913,63,22,independiente,51
120,0.8166666666666667,63,22,independiente,51
125,0.8160000000000001,64,23,independiente,51
130,0.8153846153846154,65,24,independiente,51
135,0.8074074074074074,67,26,independiente,51
140,0.8142857142857143,67,26,independiente,51
145,0.8206896551724138,67,26,independiente,51
150,0.8200000000000001,68,27,independiente,51
155,0.8193548387096774,69,28,independiente,51
160,0.81875,70,29,independiente,51
165,0.8242424242424242,70,29,independiente,51
170,0.8294117647058823,70,29,independiente,51
175,0.8342857142857143,70,29,independiente,51
180,0.8388888888888889,70,29,independiente,51
185,0.8378378378378378,71,30,independiente,51
190,0.8368421052631578,72,31,independiente,51
195,0.8358974358974359,73,32,independiente,51
200,0.835,74,33,independiente,51
205,0.8390243902439024,74,33,independiente,51
210,0.8380952380952381,75,34,independiente,51
215,0.8372093023255813,76,35,independiente,51
220,0.8409090909090909,76,35,independiente,51
225,0.8444444444444444,76,35,independiente,51
230,0.8434782608695652,77,36,independiente,51
235,0.8468085106382979,77,36,independiente,51
240,0.8458333333333333,78,37,independiente,51
245,0.8448979591836735,79,38,independiente,51
250,0.848,79,38,independiente,51
255,0.8509803921568627,79,38,independiente,51
260,0.8538461538461538,79,38,independiente,51
265,0.8566037735849057,79,38,independiente,51
270,0.8592592592592593,79,38,independiente,51
275,0.8618181818181818,79,38,independiente,51
280,0.8642857142857143,79,38,independiente,51
285,0.8596491228070176,81,40,independiente,51
290,0.8620689655172413,81,40,independiente,51
295,0.8610169491525423,82,41,independiente,51
300,0.86,83,42,independiente,51
305,0.8590163934426229,84,43,independiente,51
310,0.8612903225806452,84,43,independiente,51
315,0.8603174603174604,85,44,independiente,51
320,0.8625,85,44,independiente,51
325,0.8646153846153846,85,44,independiente,51
330,0.8666666666666667,85,44,independiente,51
335,0.8686567164179104,85,44,independiente,51
340,0.8676470588235294,86,45,independiente,51
345,0.8695652173913043,86,45,independiente,51
350,0.8714285714285714,86,45,independiente,51
355,0.8732394366197183,86,45,independiente,51
360,0.875,86,45,independiente,51
365,0.8767123287671232,86,45,independiente,51
370,0.8756756756756756,87,46,independiente,51
375,0.8773333333333333,87,46,independiente,51
380,0.8789473684210526,87,46,independiente,51
385,0.8805194805194805,87,46,independiente,51
390,0.882051282051282,87,46,independiente,51
395,0.8835443037974684,87,46,independiente,51
400,0.885,87,46,independiente,51
405,0.8864197530864197,87,46,independiente,51
410,0.8878048780487805,87,46,independiente,51
415,0.8891566265060241,87,46,independiente,51
420,0.8904761904761904,87,46,independiente,51
425,0.8917647058823529,87,46,independiente,51
430,0.8930232558139535,87,46,independiente,51
435,0.8942528735632184,87,46,independiente,51
440,0.8954545454545455,87,46,independiente,51
445,0.8943820224719101,88,47,independiente,51
450,0.8955555555555555,88,47,independiente,51
455,0.8967032967032967,88,47,independiente,51
460,0.8978260869565218,88,47,independiente,51
465,0.8989247311827957,88,47,independiente,51
470,0.9,88,47,independiente,51
475,0.9010526315789473,88,47,independiente,51
480,0.9020833333333333,88,47,independiente,51
485,0.9030927835051547,88,47,independiente,51
490,0.9040816326530612,88,47,independiente,51
495,0.901010101010101,90,49,independiente,51
500,0.902,90,49,independiente,51
5,0.6,57,2,optima,52
10,0.7,58,3,optima,52
15,0.8,58,3,optima,52
20,0.85,58,3,optima,52
25,0.84,59,4,optima,52
30,0.8333333333333334,60,5,optima,52
35,0.8285714285714285,61,6,optima,52
40,0.825,62,7,optima,52
45,0.8444444444444444,62,7,optima,52
50,0.86,62,7,optima,52
55,0.8545454545454545,63,8,optima,52
60,0.8333333333333334,65,10,optima,52
65,0.8461538461538461,65,10,optima,52
70,0.8428571428571429,66,11,optima,52
75,0.84,67,12,optima,52
80,0.85,67,12,optima,52
85,0.8588235294117648,67,12,optima,52
90,0.8555555555555556,68,13,optima,52
95,0.8526315789473684,69,14,optima,52
100,0.85,70,15,optima,52
105,0.8476190476190476,71,16,optima,52
110,0.8454545454545455,72,17,optima,52
115,0.8521739130434782,72,17,optima,52
120,0.8583333333333334,72,17,optima,52
125,0.856,73,18,optima,52
130,0.8615384615384616,73,18,optima,52
135,0.8666666666666667,73,18,optima,52
140,0.8714285714285714,73,18,optima,52
145,0.8620689655172413,75,20,optima,52
150,0.8666666666666667,75,20,optima,52
155,0.8709677419354839,75,20,optima,52
160,0.875,75,20,optima,52
165,0.8787878787878788,75,20,optima,52
170,0.8823529411764706,75,20,optima,52
175,0.88,76,21,optima,52
180,0.8833333333333333,76,21,optima,52
185,0.8864864864864865,76,21,optima,52
190,0.8894736842105263,76,21,optima,52
195,0.882051282051282,78,23,optima,52
200,0.875,80,25,optima,52
205,0.8731707317073171,81,26,optima,52
210,0.8714285714285714,82,27,optima,52
215,0.8697674418604651,83,28,optima,52
220,0.8727272727272728,83,28,optima,52
225,0.8755555555555555,83,28,optima,52
230,0.8782608695652174,83,28,optima,52
235,0.8808510638297873,83,28,optima,52
240,0.8833333333333333,83,28,optima,52
245,0.8775510204081632,85,30,optima,52
250,0.876,86,31,optima,52
255,0.8784313725490196,86,31,optima,52
260,0.8807692307692307,86,31,optima,52
265,0.8830188679245283,86,31,optima,52
270,0.8851851851851852,86,31,optima,52
275,0.8872727272727272,86,31,optima,52
280,0.8892857142857142,86,31,optima,52
285,0.887719298245614,87,32,optima,52
290,0.8896551724137931,87,32,optima,52
295,0.8915254237288136,87,32,optima,52
300,0.8933333333333333,87,32,optima,52
305,0.8918032786885246,88,33,optima,52
310,0.8903225806451613,89,34,optima,52
315,0.8888888888888888,90,35,optima,52
320,0.890625,90,35,optima,52
325,0.8923076923076922,90,35,optima,52
330,0.8909090909090909,91,36,optima,52
335,0.8925373134328358,91,36,optima,52
340,0.8941176470588236,91,36,optima,52
345,0.8956521739130435,91,36,optima,52
350,0.8942857142857142,92,37,optima,52
355,0.895774647887324,92,37,optima,52
360,0.8888888888888888,95,40,optima,52
365,0.8904109589041096,95,40,optima,52
370,0.8918918918918919,95,40,optima,52
375,0.8906666666666667,96,41,optima,52
380,0.8868421052631579,98,43,optima,52
385,0.8883116883116883,98,43,optima,52
390,0.8897435897435897,98,43,optima,52
395,0.8911392405063291,98,43,optima,52
400,0.8925,98,43,optima,52
405,0.8938271604938272,98,43,optima,52
410,0.8951219512195122,98,43,optima,52
415,0.8963855421686747,98,43,optima,52
420,0.8976190476190476,98,43,optima,52
425,0.8988235294117647,98,43,optima,52
430,0.9,98,43,optima,52
435,0.9011494252873563,98,43,optima,52
440,0.9022727272727272,98,43,optima,52
445,0.9033707865168539,98,43,optima,52
450,0.9044444444444444,98,43,optima,52
455,0.9032967032967033,99,44,optima,52
460,0.9043478260869565,99,44,optima,52
465,0.9053763440860215,99,44,optima,52
470,0.9063829787234042,99,44,optima,52
475,0.9073684210526316,99,44,optima,52
480,0.9083333333333333,99,44,optima,52
485,0.9092783505154639,99,44,optima,52
490,0.9102040816326531,99,44,optima,52
495,0.9090909090909091,100,45,optima,52
500,0.91,100,45,optima,52
5,0.8,42,1,independiente,52
10,0.8,43,2,independiente,52
15,0.8,44,3,independiente,52
20,0.8,45,4,independiente,52
25,0.72,48,7,independiente,52
30,0.7,50,9,independiente,52
35,0.7142857142857143,51,10,independiente,52
40,0.725,52,11,independiente,52
45,0.7555555555555555,52,11,independiente,52
50,0.78,52,11,independiente,52
55,0.7818181818181819,53,12,independiente,52
60,0.8,53,12,independiente,52
65,0.8153846153846154,53,12,independiente,52
70,0.8285714285714285,53,12,independiente,52
75,0.8266666666666667,54,13,independiente,52
80,0.8375,54,13,independiente,52
85,0.8470588235294118,54,13,independiente,52
90,0.8444444444444444,55,14,independiente,52
95,0.8421052631578947,56,15,independiente,52
100,0.85,56,15,independiente,52
105,0.8476190476190476,57,16,independiente,52
110,0.8454545454545455,58,17,independiente,52
115,0.8521739130434782,58,17,independiente,52
120,0.8583333333333334,58,17,independiente,52
125,0.864,58,17,independiente,52
130,0.8692307692307693,58,17,independiente,52
135,0.8740740740740741,58,17,independiente,52
140,0.8785714285714286,58,17,independiente,52
145,0.8689655172413793,60,19,independiente,52
150,0.8733333333333333,60,19,independiente,52
155,0.8774193548387097,60,19,independiente,52
160,0.88125,60,19,independiente,52
165,0.8848484848484849,60,19,independiente,52
170,0.888235294117647,60,19,independiente,52
175,0.8857142857142857,61,20,independiente,52
180,0.8888888888888888,61,20,independiente,52
185,0.8918918918918919,61,20,independiente,52
190,0.8947368421052632,61,20,independiente,52
195,0.8923076923076922,62,21,independiente,52
200,0.885,64,23,independiente,52
205,0.8829268292682927,65,24,independiente,52
210,0.8857142857142857,65,24,independiente,52
215,0.8790697674418605,67,26,independiente,52
220,0.8818181818181818,67,26,independiente,52
225,0.8844444444444445,67,26,independiente,52
230,0.8869565217391304,67,26,independiente,52
235,0.8851063829787233,68,27,independiente,52
240,0.8875,68,27,independiente,52
245,0.8816326530612245,70,29,independiente,52
250,0.88,71,30,independiente,52
255,0.8823529411764706,71,30,independiente,52
260,0.8846153846153846,71,30,independiente,52
265,0.8867924528301887,71,30,independiente,52
270,0.8888888888888888,71,30,independiente,52
275,0.8909090909090909,71,30,independiente,52
280,0.8928571428571429,71,30,independiente,52
285,0.8912280701754386,72,31,independiente,52
290,0.8931034482758621,72,31,independiente,52
295,0.8949152542372881,72,31,independiente,52
300,0.8966666666666667,72,31,independiente,52
305,0.8950819672131147,73,32,independiente,52
310,0.8935483870967742,74,33,independiente,52
315,0.892063492063492,75,34,independiente,52
320,0.89375,75,34,independiente,52
325,0.8923076923076922,76,35,independiente,52
330,0.8878787878787879,78,37,independiente,52
335,0.8895522388059701,78,37,independiente,52
340,0.8911764705882352,78,37,independiente,52
345,0.8927536231884058,78,37,independiente,52
350,0.8914285714285715,79,38,independiente,52
355,0.8929577464788733,79,38,independiente,52
360,0.8888888888888888,81,40,independiente,52
365,0.8904109589041096,81,40,independiente,52
370,0.8918918918918919,81,40,independiente,52
375,0.8906666666666667,82,41,independiente,52
380,0.8868421052631579,84,43,independiente,52
385,0.8883116883116883,84,43,independiente,52
390,0.8897435897435897,84,43,independiente,52
395,0.8911392405063291,84,43,independiente,52
400,0.8925,84,43,independiente,52
405,0.8938271604938272,84,43,independiente,52
410,0.8951219512195122,84,43,independiente,52
415,0.8939759036144579,85,44,independiente,52
420,0.8928571428571429,86,45,independiente,52
425,0.8941176470588236,86,45,independiente,52
430,0.8953488372093024,86,45,independiente,52
435,0.8942528735632184,87,46,independiente,52
440,0.8954545454545455,87,46,independiente,52
445,0.8966292134831461,87,46,independiente,52
450,0.8955555555555555,88,47,independiente,52
455,0.8967032967032967,88,47,independiente,52
460,0.8978260869565218,88,47,independiente,52
465,0.8989247311827957,88,47,independiente,52
470,0.9,88,47,independiente,52
475,0.9010526315789473,88,47,independiente,52
480,0.9020833333333333,88,47,independiente,52
485,0.9030927835051547,88,47,independiente,52
490,0.9040816326530612,88,47,independiente,52
495,0.9050505050505051,88,47,independiente,52
500,0.906,88,47,independiente,52
5,0.6,57,2,optima,53
10,0.8,57,2,optima,53
15,0.7333333333333334,59,4,optima,53
20,0.75,60,5,optima,53
25,0.72,62,7,optima,53
30,0.7,64,9,optima,53
35,0.7142857142857143,65,10,optima,53
40,0.75,65,10,optima,53
45,0.7555555555555555,66,11,optima,53
50,0.78,66,11,optima,53
55,0.8,66,11,optima,53
60,0.8166666666666667,66,11,optima,53
65,0.8153846153846154,67,12,optima,53
70,0.8142857142857143,68,13,optima,53
75,0.8266666666666667,68,13,optima,53
80,0.8125,70,15,optima,53
85,0.8235294117647058,70,15,optima,53
90,0.8222222222222222,71,16,optima,53
95,0.8315789473684211,71,16,optima,53
100,0.84,71,16,optima,53
105,0.8476190476190476,71,16,optima,53
110,0.8545454545454545,71,16,optima,53
115,0.8608695652173913,71,16,optima,53
120,0.8416666666666667,74,19,optima,53
125,0.848,74,19,optima,53
130,0.8538461538461538,74,19,optima,53
135,0.8592592592592593,74,19,optima,53
140,0.8642857142857143,74,19,optima,53
145,0.8689655172413793,74,19,optima,53
150,0.8733333333333333,74,19,optima,53
155,0.8774193548387097,74,19,optima,53
160,0.875,75,20,optima,53
165,0.8787878787878788,75,20,optima,53
170,0.8823529411764706,75,20,optima,53
175,0.88,76,21,optima,53
180,0.8777777777777778,77,22,optima,53
185,0.8756756756756756,78,23,optima,53
190,0.8736842105263158,79,24,optima,53
195,0.8717948717948718,80,25,optima,53
200,0.875,80,25,optima,53
205,0.8780487804878049,80,25,optima,53
210,0.8761904761904762,81,26,optima,53
215,0.8790697674418605,81,26,optima,53
220,0.8818181818181818,81,26,optima,53
225,0.88,82,27,optima,53
230,0.8739130434782609,84,29,optima,53
235,0.8723404255319149,85,30,optima,53
240,0.875,85,30,optima,53
245,0.8775510204081632,85,30,optima,53
250,0.88,85,30,optima,53
255,0.8823529411764706,85,30,optima,53
260,0.8807692307692307,86,31,optima,53
265,0.8830188679245283,86,31,optima,53
270,0.8814814814814815,87,32,optima,53
275,0.88,88,33,optima,53
280,0.8821428571428571,88,33,optima,53
285,0.8842105263157894,88,33,optima,53
290,0.8862068965517241,88,33,optima,53
295,0.888135593220339,88,33,optima,53
300,0.89,88,33,optima,53
305,0.8918032786885246,88,33,optima,53
310,0.8935483870967742,88,33,optima,53
315,0.892063492063492,89,34,optima,53
320,0.890625,90,35,optima,53
325,0.8923076923076922,90,35,optima,53
330,0.8939393939393939,90,35,optima,53
335,0.8955223880597015,90,35,optima,53
340,0.8941176470588236,91,36,optima,53
345,0.8956521739130435,91,36,optima,53
350,0.8971428571428571,91,36,optima,53
355,0.8985915492957747,91,36,optima,53
360,0.9,91,36,optima,53
365,0.8986301369863013,92,37,optima,53
370,0.9,92,37,optima,53
375,0.9013333333333333,92,37,optima,53
380,0.9026315789473685,92,37,optima,53
385,0.9038961038961039,92,37,optima,53
390,0.9051282051282051,92,37,optima,53
395,0.9063291139240506,92,37,optima,53
400,0.9,95,40,optima,53
405,0.9012345679012346,95,40,optima,53
410,0.9024390243902439,95,40,optima,53
415,0.9012048192771085,96,41,optima,53
420,0.9023809523809524,96,41,optima,53
425,0.9035294117647059,96,41,optima,53
430,0.9046511627906977,96,41,optima,53
435,0.9057471264367816,96,41,optima,53
440,0.9068181818181819,96,41,optima,53
445,0.9078651685393259,96,41,optima,53
450,0.9088888888888889,96,41,optima,53
455,0.9076923076923077,97,42,optima,53
460,0.908695652173913,97,42,optima,53
465,0.9075268817204301,98,43,optima,53
470,0.9085106382978724,98,43,optima,53
475,0.9073684210526316,99,44,optima,53
480,0.9083333333333333,99,44,optima,53
485,0.9072164948453608,100,45,optima,53
490,0.9081632653061225,100,45,optima,53
495,0.9090909090909091,100,45,optima,53
500,0.91,100,45,optima,53
5,0.6,43,2,independiente,53
10,0.7,44,3,independiente,53
15,0.6666666666666667,46,5,independiente,53
20,0.6,49,8,independiente,53
25,0.64,50,9,independiente,53
30,0.6,53,12,independiente,53
35,0.6285714285714286,54,13,independiente,53
40,0.675,54,13,independiente,53
45,0.6888888888888889,55,14,independiente,53
50,0.72,55,14,independiente,53
55,0.7454545454545455,55,14,independiente,53
60,0.7666666666666666,55,14,independiente,53
65,0.7538461538461538,57,16,independiente,53
70,0.7571428571428571,58,17,independiente,53
75,0.7733333333333333,58,17,independiente,53
80,0.7625,60,19,independiente,53
85,0.7647058823529411,61,20,independiente,53
90,0.7666666666666666,62,21,independiente,53
95,0.7789473684210526,62,21,independiente,53
100,0.79,62,21,independiente,53
105,0.8,62,21,independiente,53
110,0.8090909090909091,62,21,independiente,53
115,0.817391304347826,62,21,independiente,53
120,0.8083333333333333,64,23,independiente,53
125,0.8160000000000001,64,23,independiente,53
130,0.823076923076923,64,23,independiente,53
135,0.8296296296296296,64,23,independiente,53
140,0.8357142857142857,64,23,independiente,53
145,0.8413793103448276,64,23,independiente,53
150,0.8466666666666667,64,23,independiente,53
155,0.8516129032258064,64,23,independiente,53
160,0.8375,67,26,independiente,53
165,0.8424242424242424,67,26,independiente,53
170,0.8470588235294118,67,26,independiente,53
175,0.8457142857142858,68,27,independiente,53
180,0.85,68,27,independiente,53
185,0.854054054054054,68,27,independiente,53
190,0.8526315789473684,69,28,independiente,53
195,0.8564102564102565,69,28,independiente,53
200,0.86,69,28,independiente,53
205,0.8585365853658536,70,29,independiente,53
210,0.8523809523809524,72,31,independiente,53
215,0.8558139534883721,72,31,independiente,53
220,0.8590909090909091,72,31,independiente,53
225,0.8622222222222222,72,31,independiente,53
230,0.8652173913043478,72,31,independiente,53
235,0.8638297872340426,73,32,independiente,53
240,0.8666666666666667,73,32,independiente,53
245,0.8693877551020408,73,32,independiente,53
250,0.872,73,32,independiente,53
255,0.8745098039215686,73,32,independiente,53
260,0.8730769230769231,74,33,independiente,53
265,0.8754716981132076,74,33,independiente,53
270,0.8740740740740741,75,34,independiente,53
275,0.8727272727272728,76,35,independiente,53
280,0.875,76,35,independiente,53
285,0.8736842105263158,77,36,independiente,53
290,0.8758620689655172,77,36,independiente,53
295,0.8779661016949153,77,36,independiente,53
300,0.88,77,36,independiente,53
305,0.8819672131147541,77,36,independiente,53
310,0.8838709677419355,77,36,independiente,53
315,0.8857142857142857,77,36,independiente,53
320,0.884375,78,37,independiente,53
325,0.8861538461538462,78,37,independiente,53
330,0.8878787878787879,78,37,independiente,53
335,0.8895522388059701,78,37,independiente,53
340,0.888235294117647,79,38,independiente,53
345,0.8869565217391304,80,39,independiente,53
350,0.8885714285714286,80,39,independiente,53
355,0.8901408450704226,80,39,independiente,53
360,0.8916666666666666,80,39,independiente,53
365,0.8904109589041096,81,40,independiente,53
370,0.8918918918918919,81,40,independiente,53
375,0.8906666666666667,82,41,independiente,53
380,0.8921052631578947,82,41,independiente,53
385,0.8909090909090909,83,42,independiente,53
390,0.8923076923076922,83,42,independiente,53
395,0.8911392405063291,84,43,independiente,53
400,0.8875,86,45,independiente,53
405,0.8888888888888888,86,45,independiente,53
410,0.8902439024390244,86,45,independiente,53
415,0.8891566265060241,87,46,independiente,53
420,0.8904761904761904,87,46,independiente,53
425,0.8917647058823529,87,46,independiente,53
430,0.8930232558139535,87,46,independiente,53
435,0.8942528735632184,87,46,independiente,53
440,0.8954545454545455,87,46,independiente,53
445,0.8966292134831461,87,46,independiente,53
450,0.8977777777777778,87,46,independiente,53
455,0.8967032967032967,88,47,independiente,53
460,0.8978260869565218,88,47,independiente,53
465,0.8989247311827957,88,47,independiente,53
470,0.9,88,47,independiente,53
475,0.9010526315789473,88,47,independiente,53
480,0.9020833333333333,88,47,independiente,53
485,0.9030927835051547,88,47,independiente,53
490,0.9040816326530612,88,47,independiente,53
495,0.9050505050505051,88,47,independiente,53
500,0.906,88,47,independiente,53
