seed,t,m1,pallet,gap_m1_minus_pallet
1000,50,192435198.7737447,189312174.23006016,3123024.543684542
1000,100,196902192.81800365,190613036.3385016,6289156.479502052
1000,250,208947352.3373437,198835702.9293971,10111649.407946587
1000,500,227499815.0662432,210488191.50036788,17011623.56587532
1001,50,190526524.72996444,190526524.72996444,0.0
1001,100,191809518.97350764,191804129.7882381,5389.185269534588
1001,250,203644386.39589489,197033866.6906225,6610519.705272377
1001,500,232447448.27696905,210317119.93025488,22130328.34671417
1002,50,190495148.76416376,190435460.88416377,59687.87999999523
1002,100,191851741.75404307,191305961.903324,545779.8507190645
1002,250,204764063.8623172,196545801.9031595,8218261.959157705
1002,500,223710822.0476004,199998662.2078028,23712159.839797586
1003,50,192725389.20571533,192627862.0857153,97527.12000003457
1003,100,200340435.5440269,194576229.84928137,5764205.694745541
1003,250,211226590.76926392,199091989.1422674,12134601.626996517
1003,500,229154742.9840356,201134658.3403735,28020084.643662125
1004,50,191578319.0042619,190673691.5883281,904627.4159338176
1004,100,193519211.0419327,192567641.31487167,951569.7270610332
1004,250,207900668.9122968,198800320.7064511,9100348.205845714
1004,500,229229557.87503764,205160523.7502012,24069034.124836445
1005,50,193024064.15155303,193018654.4497265,5409.701826542616
1005,100,197143150.9576444,197105782.10067955,37368.856964856386
1005,250,216508398.39921165,213977212.0124788,2531186.3867328465
1005,500,239433215.0739037,222195408.67235765,17237806.40154606
1006,50,195144768.22923484,192776845.73523945,2367922.4939953983
1006,100,204823309.8485898,200697509.25108665,4125800.5975031555
1006,250,218723260.42398244,206475599.1388732,12247661.285109252
1006,500,229560939.08374736,219059944.16397628,10500994.919771075
1007,50,193353126.7334588,193096208.2334588,256918.5
1007,100,193341449.06418657,191658398.5154879,1683050.5486986637
1007,250,212027789.07187867,203804252.9851688,8223536.086709857
1007,500,240650203.5979592,215587056.64563727,25063146.952321917
1008,50,194742613.18861884,194716495.84861884,26117.340000003576
1008,100,199232640.961007,199211724.48228908,20916.478717923164
1008,250,208286987.88872325,206611164.48284364,1675823.4058796167
1008,500,224109348.44150025,219589013.258088,4520335.183412254
1009,50,198529222.5322551,198496072.5322551,33150.0
1009,100,206984806.64712223,206302098.1208416,682708.5262806416
1009,250,220263634.07145748,212136467.6677032,8127166.403754264
1009,500,235195119.4523641,220157469.9748217,15037649.4775424
1010,50,192922952.1288532,192912983.25500613,9968.873847067356
1010,100,197275707.182836,194225383.5171636,3050323.6656723917
1010,250,229535995.3370792,212119663.92643145,17416331.41064775
1010,500,256525639.41673288,234923676.95305824,21601962.463674635
1011,50,189847844.91633773,189847844.91633773,0.0
1011,100,193279157.4934089,191983980.7782853,1295176.7151235938
1011,250,214640896.9320139,201101391.2874904,13539505.644523501
1011,500,221320626.44767144,202950545.143546,18370081.304125458
1012,50,191560409.2774989,189592038.1560297,1968371.1214691997
1012,100,191752262.4210601,189242146.64174545,2510115.779314637
1012,250,201503494.12380543,195695335.9513748,5808158.1724306345
1012,500,226529415.44846365,209224837.8193149,17304577.62914875
1013,50,191430916.81284463,191371976.41284463,58940.40000000596
1013,100,195662567.7869003,195649817.7869003,12750.0
1013,250,205780813.79008272,202853816.71440816,2926997.0756745636
1013,500,220246507.8006228,209421358.96056813,10825148.840054661
1014,50,191826198.42460105,191779501.56460103,46696.860000014305
1014,100,192197521.065435,192066961.930794,130559.13464099169
1014,250,212306123.5824003,198602939.3186857,13703184.263714582
1014,500,226492251.98492748,204614376.34011632,21877875.644811153
1015,50,193156818.37447703,193111311.19447705,45507.17999997735
1015,100,195029638.60698,194754056.93909103,275581.6678889692
1015,250,206269790.3469623,197364334.130842,8905456.216120303
1015,500,227566935.85009667,206530727.6643677,21036208.185728967
1016,50,192274623.20089108,191895483.3111873,379139.8897037804
1016,100,196045347.7451081,192947593.6152413,3097754.1298668087
1016,250,202552910.69298467,197580689.4621484,4972221.230836272
1016,500,230673718.54287776,216156566.6232192,14517151.919658571
1017,50,188690226.33464423,188379962.97464424,310263.3599999845
1017,100,193871307.33292925,190816400.1541524,3054907.1787768602
1017,250,210111645.5298666,202743405.44232315,7368240.087543458
1017,500,222483458.54573065,210957413.11821383,11526045.427516818
1018,50,188750607.4699473,188750607.4699473,0.0
1018,100,195062535.96004128,193395556.8088496,1666979.1511916816
1018,250,209279462.7634737,202446657.6687952,6832805.094678491
1018,500,242696757.43855345,210204051.98141733,32492705.457136124
1019,50,191068955.10819507,191068955.10819507,0.0
1019,100,192817036.1158964,192586437.3360077,230598.77988868952
1019,250,196975867.6706229,191005153.3670157,5970714.303607196
1019,500,236013793.69395456,209700715.2937664,26313078.400188148
1020,50,189894825.9425776,189811379.4123305,83446.53024709225
1020,100,191449403.5952733,190853501.99568543,595901.5995878577
1020,250,210088717.844862,205015267.95933512,5073449.8855268955
1020,500,221932302.9583069,208063418.6584524,13868884.299854517
1021,50,190054216.4403604,189872449.12757137,181767.31278902292
1021,100,193064293.0956652,191756104.47574204,1308188.6199231446
1021,250,208623222.52560407,197228584.7948777,11394637.730726361
1021,500,234354291.6493822,211911963.3072492,22442328.342133015
1022,50,193025331.23158225,193020093.77158225,5237.460000008345
1022,100,194126723.14996305,194121789.986594,4933.163369059563
1022,250,200925258.02908736,198002516.83881623,2922741.190271139
1022,500,209532475.8167715,203172716.3886242,6359759.428147316
1023,50,197812157.2323792,192910235.7439795,4901921.488399684
1023,100,206018431.16883644,200837058.27544367,5181372.8933927715
1023,250,220285051.4782168,212832256.33084625,7452795.147370547
1023,500,241096041.44471484,224511911.0315281,16584130.413186759
1024,50,195908485.7531472,195879129.2278244,29356.525322824717
1024,100,202667221.24668688,201982202.98230103,685018.2643858492
1024,250,213574372.97950324,212100236.67956027,1474136.2999429703
1024,500,244086462.4801261,233105077.8113691,10981384.668757021
1025,50,189823437.688032,189823437.688032,0.0
1025,100,204875467.34362185,196372525.1355796,8502942.208042264
1025,250,221894947.2004336,203789005.4341524,18105941.766281217
1025,500,229725177.35214108,205713344.56028265,24011832.791858435
1026,50,191504319.15361217,191283986.7336121,220332.4200000763
1026,100,193852722.40760472,193367668.3097764,485054.0978283286
1026,250,213886677.7551933,209913532.22035828,3973145.5348350108
1026,500,244010954.0783093,232648179.01868263,11362775.059626669
1027,50,197423098.38997817,192519068.2747403,4904030.115237862
1027,100,200034492.52372035,193740583.5437204,6293908.9799999595
1027,250,206955556.1833684,196679281.9990137,10276274.184354722
1027,500,224715047.4690781,210595992.2235336,14119055.245544493
1028,50,190364610.4614768,190248618.8793921,115991.58208471537
1028,100,198319951.58293587,197828629.61680305,491321.96613281965
1028,250,210424009.7018728,206233567.09032512,4190442.6115476787
1028,500,233360538.7547156,222117407.80773023,11243130.946985364
1029,50,200032242.7848764,190798499.8248764,9233742.960000008
1029,100,200536188.7442785,194354588.5345572,6181600.209721297
1029,250,223716360.3808773,212231440.62109685,11484919.759780437
1029,500,237527336.79884768,217118502.64277995,20408834.15606773
1030,50,191567447.4514812,190359626.99818683,1207820.4532943666
1030,100,198717135.54867685,196057505.15385777,2659630.394819081
1030,250,203591925.22143936,197884128.9175463,5707796.3038930595
1030,500,226707334.85700232,204740435.76889,21966899.088112324
1031,50,189767874.02970603,189763189.2836723,4684.746033728123
1031,100,198792780.57857817,197839909.82445964,952870.754118532
1031,250,209499425.1684188,202753349.1552488,6746076.013170004
1031,500,222501054.68292585,212577634.45668447,9923420.22624138
1032,50,193229291.05548903,192419112.07345083,810178.9820381999
1032,100,199306891.3650676,198058790.1220753,1248101.2429923117
1032,250,219182072.52075616,211484134.0016867,7697938.519069463
1032,500,229039141.6111357,216183722.5546902,12855419.05644548
1033,50,195783820.8965896,195783820.8965896,0.0
1033,100,206422476.3117584,205288066.2116184,1134410.1001400054
1033,250,213732615.5043881,211936506.1538593,1796109.3505288064
1033,500,220441588.95052385,214069132.39014697,6372456.560376883
1034,50,192040450.29471183,192006286.65471184,34163.639999985695
1034,100,196668448.1860417,195527384.67756885,1141063.5084728599
1034,250,207685026.16164976,196095048.0016172,11589978.16003257
1034,500,224710628.67832872,204081432.53584704,20629196.142481685
1035,50,197304972.9367101,196778983.9673884,525988.969321698
1035,100,196613267.66461465,195889311.6939872,723955.9706274569
1035,250,203298342.31720683,199827918.8841808,3470423.4330260158
1035,500,222783562.3606911,212774826.5701776,10008735.790513486
1036,50,191611535.35975528,191611535.35975528,0.0
1036,100,193295129.44787085,192878758.6826245,416370.7652463615
1036,250,204924409.7950574,201541948.5336721,3382461.261385292
1036,500,208753637.76713577,202492621.1684829,6261016.598652869
1037,50,190057597.3089257,190057597.3089257,0.0
1037,100,198240691.8757217,191344390.4415424,6896301.434179306
1037,250,221892208.8579188,210319020.2338906,11573188.624028206
1037,500,240390451.5702043,223919724.87069893,16470726.699505359
1038,50,192655815.47925985,192268398.47925985,387417.0
1038,100,201827581.7815504,196824701.9527672,5002879.828783214
1038,250,207476108.93491325,200764861.173646,6711247.761267245
1038,500,224115462.8824328,205580793.51590028,18534669.366532505
1039,50,193424845.1077121,193424845.1077121,0.0
1039,100,197803353.03432623,195981732.1086909,1821620.9256353378
1039,250,220901580.9088941,208140501.6220173,12761079.286876798
1039,500,224268060.1425503,209965388.7148504,14302671.427699894
