seed,family,demand_mode,policy,t,tipos_ini,tipos_local,delta_tipos,p_nueva,pct_catalogo_inicial,tipos_per_100,cost_local,pack_local,flete_local,util_local,cost_oracle,tipos_oracle,regret,regret_pct,oracle_s,oracle_ok
1000,routine,cannibal,m1,50,41,48,7,0.14,0.78,14.0,192435198.7737447,27268848.773744702,165166350.0,0.9217181348581412,,,,,,False
1000,routine,cannibal,m1,100,41,54,13,0.13,0.76,13.0,196902192.81800365,27380292.818003666,169521900.0,0.9117541174205726,,,,,,False
1000,routine,cannibal,m1,250,41,70,29,0.116,0.704,11.6,208947352.3373437,27726202.33734376,181221150.0,0.8680727072320698,,,,,,False
1000,routine,cannibal,m1,500,41,91,50,0.1,0.636,10.0,227499815.0662432,27966365.066243183,199533450.0,0.8295141916162974,,,,,,False
1000,routine,cannibal,pallet,50,41,48,7,0.14,0.84,14.0,189312174.23006016,27275124.23006015,162037050.0,0.930270803049997,,,,,,False
1000,routine,cannibal,pallet,100,41,54,13,0.13,0.82,13.0,190613036.3385016,27379436.33850156,163233600.0,0.92931704144849,,,,,,False
1000,routine,cannibal,pallet,250,41,70,29,0.116,0.8,11.6,198835702.9293971,27646702.92939709,171189000.0,0.8960986726803994,,,,,,False
1000,routine,cannibal,pallet,500,41,91,50,0.1,0.752,10.0,210488191.50036788,27981391.50036788,182506800.0,0.8749224312605491,,,,,,False
1001,routine,cannibal,m1,50,41,51,10,0.2,0.72,20.0,190526524.72996444,27159124.72996445,163367400.0,0.9295475177375344,,,,,,False
1001,routine,cannibal,m1,100,41,63,22,0.22,0.72,22.0,191809518.97350764,27273018.97350765,164536500.0,0.9237986141800122,,,,,,False
1001,routine,cannibal,m1,250,41,77,36,0.144,0.672,14.4,203644386.39589489,27640386.39589488,176004000.0,0.8825388240292746,,,,,,False
1001,routine,cannibal,m1,500,41,93,52,0.104,0.632,10.4,232447448.27696905,28172948.276969045,204274500.0,0.8003355870054146,,,,,,False
1001,routine,cannibal,pallet,50,41,51,10,0.2,0.72,20.0,190526524.72996444,27159124.72996445,163367400.0,0.9295475177375344,,,,,,False
1001,routine,cannibal,pallet,100,41,63,22,0.22,0.73,22.0,191804129.7882381,27273629.788238097,164530500.0,0.9238299738459322,,,,,,False
1001,routine,cannibal,pallet,250,41,77,36,0.144,0.744,14.4,197033866.6906225,27549466.690622523,169484400.0,0.8995677342895384,,,,,,False
1001,routine,cannibal,pallet,500,41,93,52,0.104,0.754,10.4,210317119.93025488,28025719.93025487,182291400.0,0.8608450799725144,,,,,,False
1002,routine,cannibal,m1,50,41,46,5,0.1,0.9,10.0,190495148.76416376,27109448.76416377,163385700.0,0.932369495229324,,,,,,False
1002,routine,cannibal,m1,100,41,57,16,0.16,0.79,16.0,191851741.75404307,27221641.754043072,164630100.0,0.9264756878520142,,,,,,False
1002,routine,cannibal,m1,250,41,76,35,0.14,0.668,14.0,204764063.8623172,27550913.86231716,177213150.0,0.8856505051294323,,,,,,False
1002,routine,cannibal,m1,500,41,94,53,0.106,0.594,10.6,223710822.0476004,27992622.04760034,195718200.0,0.8302886650736833,,,,,,False
1002,routine,cannibal,pallet,50,41,46,5,0.1,0.9,10.0,190435460.88416377,27117410.884163763,163318050.0,0.9329214154348152,,,,,,False
1002,routine,cannibal,pallet,100,41,57,16,0.16,0.81,16.0,191305961.903324,27261011.903324,164044950.0,0.9287895327614554,,,,,,False
1002,routine,cannibal,pallet,250,41,76,35,0.14,0.752,14.0,196545801.9031595,27517551.90315951,169028250.0,0.9077766791837072,,,,,,False
1002,routine,cannibal,pallet,500,41,94,53,0.106,0.73,10.6,199998662.2078028,27863612.20780281,172135050.0,0.898218676436128,,,,,,False
1003,routine,cannibal,m1,50,41,50,9,0.18,0.78,18.0,192725389.20571533,27255739.20571534,165469650.0,0.9310876460248668,,,,,,False
1003,routine,cannibal,m1,100,41,55,14,0.14,0.73,14.0,200340435.5440269,27386835.544026934,172953600.0,0.9143916080452988,,,,,,False
1003,routine,cannibal,m1,250,41,71,30,0.12,0.688,12.0,211226590.76926392,27636340.76926393,183590250.0,0.8886722746785839,,,,,,False
1003,routine,cannibal,m1,500,41,85,44,0.088,0.61,8.8,229154742.9840356,28010142.9840356,201144600.0,0.8324054040154093,,,,,,False
1003,routine,cannibal,pallet,50,41,50,9,0.18,0.8,18.0,192627862.0857153,27254062.08571534,165373800.0,0.9313187628374682,,,,,,False
1003,routine,cannibal,pallet,100,41,55,14,0.14,0.78,14.0,194576229.84928137,27341229.84928138,167235000.0,0.926013034100328,,,,,,False
1003,routine,cannibal,pallet,250,41,71,30,0.12,0.792,12.0,199091989.1422674,27564289.14226742,171527700.0,0.914817269498368,,,,,,False
1003,routine,cannibal,pallet,500,41,85,44,0.088,0.776,8.8,201134658.3403735,27793158.340373497,173341500.0,0.8991990146528724,,,,,,False
1004,routine,cannibal,m1,50,41,53,12,0.24,0.72,24.0,191578319.0042619,27096419.00426191,164481900.0,0.9261662759042656,,,,,,False
1004,routine,cannibal,m1,100,41,59,18,0.18,0.74,18.0,193519211.0419327,27202961.04193269,166316250.0,0.9207835293429064,,,,,,False
1004,routine,cannibal,m1,250,41,79,38,0.152,0.664,15.2,207900668.9122968,27499268.91229679,180401400.0,0.8836597622473065,,,,,,False
1004,routine,cannibal,m1,500,41,94,53,0.106,0.596,10.6,229229557.87503764,28033657.875037648,201195900.0,0.8095835118378276,,,,,,False
1004,routine,cannibal,pallet,50,41,53,12,0.24,0.74,24.0,190673691.5883281,27098091.58832812,163575600.0,0.9278958267628532,,,,,,False
1004,routine,cannibal,pallet,100,41,59,18,0.18,0.78,18.0,192567641.31487167,27211541.31487168,165356100.0,0.9225874245712016,,,,,,False
1004,routine,cannibal,pallet,250,41,79,38,0.152,0.748,15.2,198800320.7064511,27491020.70645108,171309300.0,0.90386046917697,,,,,,False
1004,routine,cannibal,pallet,500,41,94,53,0.106,0.748,10.6,205160523.7502012,27907773.750201136,177252750.0,0.8723763736015991,,,,,,False
1005,routine,cannibal,m1,50,41,52,11,0.22,0.74,22.0,193024064.15155303,27232064.15155303,165792000.0,0.9218944670336588,,,,,,False
1005,routine,cannibal,m1,100,41,59,18,0.18,0.75,18.0,197143150.9576444,27282550.95764441,169860600.0,0.9105192722496523,,,,,,False
1005,routine,cannibal,m1,250,41,74,33,0.132,0.668,13.2,216508398.39921165,27666648.399211653,188841750.0,0.8598280253825762,,,,,,False
1005,routine,cannibal,m1,500,41,95,54,0.108,0.642,10.8,239433215.0739037,28055315.07390375,211377900.0,0.8023727557672748,,,,,,False
1005,routine,cannibal,pallet,50,41,52,11,0.22,0.74,22.0,193018654.4497265,27233704.44972648,165784950.0,0.9219618594889076,,,,,,False
1005,routine,cannibal,pallet,100,41,59,18,0.18,0.76,18.0,197105782.10067955,27276982.10067954,169828800.0,0.9107319254731124,,,,,,False
1005,routine,cannibal,pallet,250,41,74,33,0.132,0.744,13.2,213977212.0124788,27588262.012478728,186388950.0,0.8679784015933083,,,,,,False
1005,routine,cannibal,pallet,500,41,95,54,0.108,0.758,10.8,222195408.67235765,27895608.67235765,194299800.0,0.8507349409150868,,,,,,False
1006,routine,cannibal,m1,50,41,48,7,0.14,0.78,14.0,195144768.22923484,27099468.22923484,168045300.0,0.9230943940580908,,,,,,False
1006,routine,cannibal,m1,100,41,61,20,0.2,0.68,20.0,204823309.8485898,27329659.8485898,177493650.0,0.903569442459542,,,,,,False
1006,routine,cannibal,m1,250,41,73,32,0.128,0.696,12.8,218723260.42398244,27601810.423982445,191121450.0,0.8705933116904668,,,,,,False
1006,routine,cannibal,m1,500,41,92,51,0.102,0.634,10.2,229560939.08374736,28064739.08374736,201496200.0,0.8307848621858526,,,,,,False
1006,routine,cannibal,pallet,50,41,48,7,0.14,0.82,14.0,192776845.73523945,27130345.73523943,165646500.0,0.9286320594088484,,,,,,False
1006,routine,cannibal,pallet,100,41,61,20,0.2,0.75,20.0,200697509.25108665,27336359.251086622,173361150.0,0.9125541804355648,,,,,,False
1006,routine,cannibal,pallet,250,41,73,32,0.128,0.78,12.8,206475599.1388732,27625799.13887319,178849800.0,0.8958938930833312,,,,,,False
1006,routine,cannibal,pallet,500,41,92,51,0.102,0.764,10.2,219059944.16397628,27958444.16397628,191101500.0,0.8583799237428941,,,,,,False
1007,routine,cannibal,m1,50,41,57,16,0.32,0.66,32.0,193353126.7334588,27129876.73345875,166223250.0,0.9228367977571336,,,,,,False
1007,routine,cannibal,m1,100,41,65,24,0.24,0.62,24.0,193341449.06418657,27308099.064186577,166033350.0,0.9187931991804252,,,,,,False
1007,routine,cannibal,m1,250,41,77,36,0.144,0.628,14.4,212027789.07187867,27672239.071878664,184355550.0,0.8700308595140627,,,,,,False
1007,routine,cannibal,m1,500,41,94,53,0.106,0.59,10.6,240650203.5979592,28147603.597959183,212502600.0,0.7876224569807597,,,,,,False
1007,routine,cannibal,pallet,50,41,57,16,0.32,0.68,32.0,193096208.2334588,27119708.23345875,165976500.0,0.9234945784239332,,,,,,False
1007,routine,cannibal,pallet,100,41,65,24,0.24,0.69,24.0,191658398.5154879,27237698.5154879,164420700.0,0.924734158772326,,,,,,False
1007,routine,cannibal,pallet,250,41,77,36,0.144,0.744,14.4,203804252.9851688,27602252.98516878,176202000.0,0.8943665817241545,,,,,,False
1007,routine,cannibal,pallet,500,41,94,53,0.106,0.736,10.6,215587056.64563727,28072806.64563728,187514250.0,0.8606770811917,,,,,,False
1008,routine,cannibal,m1,50,41,52,11,0.22,0.72,22.0,194742613.18861884,27277513.18861883,167465100.0,0.9261817803944082,,,,,,False
1008,routine,cannibal,m1,100,41,60,19,0.19,0.69,19.0,199232640.961007,27461640.961006988,171771000.0,0.9166857193071082,,,,,,False
1008,routine,cannibal,m1,250,41,69,28,0.112,0.696,11.2,208286987.88872325,27566687.88872325,180720300.0,0.8960463828424581,,,,,,False
1008,routine,cannibal,m1,500,41,88,47,0.094,0.664,9.4,224109348.44150025,27966348.44150023,196143000.0,0.8563629011475425,,,,,,False
1008,routine,cannibal,pallet,50,41,52,11,0.22,0.72,22.0,194716495.84861884,27279295.84861883,167437200.0,0.9264099656881796,,,,,,False
1008,routine,cannibal,pallet,100,41,60,19,0.19,0.69,19.0,199211724.48228908,27463074.482289083,171748650.0,0.9168692139021976,,,,,,False
1008,routine,cannibal,pallet,250,41,69,28,0.112,0.772,11.2,206611164.48284364,27506964.482843623,179104200.0,0.9003677495451844,,,,,,False
1008,routine,cannibal,pallet,500,41,88,47,0.094,0.748,9.4,219589013.258088,27974063.25808803,191614950.0,0.869374391761617,,,,,,False
1009,routine,cannibal,m1,50,41,53,12,0.24,0.74,24.0,198529222.5322551,27266122.53225512,171263100.0,0.9120682126801692,,,,,,False
1009,routine,cannibal,m1,100,41,58,17,0.17,0.69,17.0,206984806.64712223,27562756.64712223,179422050.0,0.888158565120412,,,,,,False
1009,routine,cannibal,m1,250,41,69,28,0.112,0.72,11.2,220263634.07145748,27701884.071457475,192561750.0,0.846152109533475,,,,,,False
1009,routine,cannibal,m1,500,41,90,49,0.098,0.68,9.8,235195119.4523641,28024719.45236413,207170400.0,0.8033236221388935,,,,,,False
1009,routine,cannibal,pallet,50,41,53,12,0.24,0.76,24.0,198496072.5322551,27266122.53225512,171229950.0,0.9121443588236554,,,,,,False
1009,routine,cannibal,pallet,100,41,58,17,0.17,0.74,17.0,206302098.1208416,27558498.12084152,178743600.0,0.8899601041795498,,,,,,False
1009,routine,cannibal,pallet,250,41,69,28,0.112,0.76,11.2,212136467.6677032,27777617.66770322,184358850.0,0.8670864121573281,,,,,,False
1009,routine,cannibal,pallet,500,41,90,49,0.098,0.774,9.8,220157469.97482172,28055769.974821765,192101700.0,0.8428111845148689,,,,,,False
1010,routine,cannibal,m1,50,41,50,9,0.18,0.78,18.0,192922952.1288532,27309752.128853183,165613200.0,0.9237814576348292,,,,,,False
1010,routine,cannibal,m1,100,41,54,13,0.13,0.74,13.0,197275707.182836,27408657.182835974,169867050.0,0.91050532750162,,,,,,False
1010,routine,cannibal,m1,250,41,73,32,0.128,0.636,12.8,229535995.3370792,27916045.337079182,201619950.0,0.8333277829744004,,,,,,False
1010,routine,cannibal,m1,500,41,93,52,0.104,0.602,10.4,256525639.41673288,28147489.416732863,228378150.0,0.7394142700408091,,,,,,False
1010,routine,cannibal,pallet,50,41,50,9,0.18,0.8,18.0,192912983.25500613,27308933.255006146,165604050.0,0.92380695501041,,,,,,False
1010,routine,cannibal,pallet,100,41,54,13,0.13,0.82,13.0,194225383.5171636,27388483.51716357,166836900.0,0.91870631477669,,,,,,False
1010,routine,cannibal,pallet,250,41,73,32,0.128,0.744,12.8,212119663.92643145,27763063.92643144,184356600.0,0.8806048420953494,,,,,,False
1010,routine,cannibal,pallet,500,41,93,52,0.104,0.73,10.4,234923676.95305824,27984426.953058228,206939250.0,0.8008851120392081,,,,,,False
1011,routine,cannibal,m1,50,41,52,11,0.22,0.74,22.0,189847844.91633773,27242294.91633772,162605550.0,0.9311065043800212,,,,,,False
1011,routine,cannibal,m1,100,41,59,18,0.18,0.73,18.0,193279157.4934089,27376307.493408896,165902850.0,0.920098143564292,,,,,,False
1011,routine,cannibal,m1,250,41,71,30,0.12,0.712,12.0,214640896.9320139,27746596.93201389,186894300.0,0.8687947799170942,,,,,,False
1011,routine,cannibal,m1,500,41,89,48,0.096,0.632,9.6,221320626.44767144,28162776.44767144,193157850.0,0.8448214118653852,,,,,,False
1011,routine,cannibal,pallet,50,41,52,11,0.22,0.74,22.0,189847844.91633773,27242294.91633772,162605550.0,0.9311065043800212,,,,,,False
1011,routine,cannibal,pallet,100,41,59,18,0.18,0.78,18.0,191983980.7782853,27361830.77828534,164622150.0,0.9235230751920218,,,,,,False
1011,routine,cannibal,pallet,250,41,71,30,0.12,0.82,12.0,201101391.2874904,27643791.28749039,173457600.0,0.9021979824480608,,,,,,False
1011,routine,cannibal,pallet,500,41,89,48,0.096,0.778,9.6,202950545.143546,28040495.143545985,174910050.0,0.8925725005770163,,,,,,False
1012,routine,cannibal,m1,50,41,48,7,0.14,0.8,14.0,191560409.2774989,27264359.277498893,164296050.0,0.9278475130961472,,,,,,False
1012,routine,cannibal,m1,100,41,56,15,0.15,0.78,15.0,191752262.4210601,27369512.42106005,164382750.0,0.92193332051625,,,,,,False
1012,routine,cannibal,m1,250,41,71,30,0.12,0.716,12.0,201503494.12380543,27681244.123805422,173822250.0,0.8960590829362709,,,,,,False
1012,routine,cannibal,m1,500,41,94,53,0.106,0.668,10.6,226529415.44846365,27988215.44846364,198541200.0,0.8256430226369195,,,,,,False
1012,routine,cannibal,pallet,50,41,48,7,0.14,0.84,14.0,189592038.1560297,27263238.1560297,162328800.0,0.9331373485220206,,,,,,False
1012,routine,cannibal,pallet,100,41,56,15,0.15,0.82,15.0,189242146.64174545,27350896.641745463,161891250.0,0.9290630869172548,,,,,,False
1012,routine,cannibal,pallet,250,41,71,30,0.12,0.788,12.0,195695335.9513748,27567235.95137473,168128100.0,0.9124903985428726,,,,,,False
1012,routine,cannibal,pallet,500,41,94,53,0.106,0.8,10.6,209224837.8193149,27910687.8193149,181314150.0,0.876040769847701,,,,,,False
1013,routine,cannibal,m1,50,41,48,7,0.14,0.8,14.0,191430916.81284463,27264316.812844664,164166600.0,0.9234618348331448,,,,,,False
1013,routine,cannibal,m1,100,41,57,16,0.16,0.75,16.0,195662567.7869003,27427667.786900323,168234900.0,0.9172042206761608,,,,,,False
1013,routine,cannibal,m1,250,41,75,34,0.136,0.644,13.6,205780813.79008272,27879613.79008272,177901200.0,0.8815509209880944,,,,,,False
1013,routine,cannibal,m1,500,41,94,53,0.106,0.58,10.6,220246507.8006228,28201207.8006228,192045300.0,0.8493055802582034,,,,,,False
1013,routine,cannibal,pallet,50,41,48,7,0.14,0.82,14.0,191371976.41284463,27265226.412844665,164106750.0,0.9236565591672024,,,,,,False
1013,routine,cannibal,pallet,100,41,57,16,0.16,0.76,16.0,195649817.7869003,27427667.786900323,168222150.0,0.917245707600362,,,,,,False
1013,routine,cannibal,pallet,250,41,75,34,0.136,0.704,13.6,202853816.71440816,27835916.71440817,175017900.0,0.8893715389565016,,,,,,False
1013,routine,cannibal,pallet,500,41,94,53,0.106,0.72,10.6,209421358.96056813,27999358.960568145,181422000.0,0.8736459388432463,,,,,,False
1014,routine,cannibal,m1,50,41,47,6,0.12,0.86,12.0,191826198.42460105,27298698.42460104,164527500.0,0.9316138933401342,,,,,,False
1014,routine,cannibal,m1,100,41,55,14,0.14,0.78,14.0,192197521.065435,27453871.06543499,164743650.0,0.929465933821472,,,,,,False
1014,routine,cannibal,m1,250,41,75,34,0.136,0.716,13.6,212306123.5824003,27749573.582400285,184556550.0,0.8694285469929843,,,,,,False
1014,routine,cannibal,m1,500,41,91,50,0.1,0.642,10.0,226492251.98492748,28250001.98492749,198242250.0,0.8310138514324429,,,,,,False
1014,routine,cannibal,pallet,50,41,47,6,0.12,0.88,12.0,191779501.56460103,27296101.56460104,164483400.0,0.9317562357375924,,,,,,False
1014,routine,cannibal,pallet,100,41,55,14,0.14,0.8,14.0,192066961.930794,27447661.930794008,164619300.0,0.929857563535092,,,,,,False
1014,routine,cannibal,pallet,250,41,75,34,0.136,0.788,13.6,198602939.3186857,27697139.318685696,170905800.0,0.907077101668849,,,,,,False
1014,routine,cannibal,pallet,500,41,91,50,0.1,0.772,10.0,204614376.34011632,28046676.340116337,176567700.0,0.8893074461609851,,,,,,False
1015,routine,cannibal,m1,50,41,51,10,0.2,0.8,20.0,193156818.37447703,27211818.374477044,165945000.0,0.9230327993110324,,,,,,False
1015,routine,cannibal,m1,100,41,60,19,0.19,0.72,19.0,195029638.60698,27385738.60698,167643900.0,0.913943207279579,,,,,,False
1015,routine,cannibal,m1,250,41,73,32,0.128,0.716,12.8,206269790.3469623,27699440.346962303,178570350.0,0.8795054741902245,,,,,,False
1015,routine,cannibal,m1,500,41,92,51,0.102,0.628,10.2,227566935.85009667,28214835.85009668,199352100.0,0.8013956548086952,,,,,,False
1015,routine,cannibal,pallet,50,41,51,10,0.2,0.8,20.0,193111311.19447705,27212811.194477044,165898500.0,0.9235231434496652,,,,,,False
1015,routine,cannibal,pallet,100,41,60,19,0.19,0.76,19.0,194754056.93909103,27353456.93909105,167400600.0,0.9152178999116296,,,,,,False
1015,routine,cannibal,pallet,250,41,73,32,0.128,0.796,12.8,197364334.130842,27615934.130842,169748400.0,0.9049984591795122,,,,,,False
1015,routine,cannibal,pallet,500,41,92,51,0.102,0.756,10.2,206530727.6643677,27995777.66436773,178534950.0,0.8615930971444583,,,,,,False
1016,routine,cannibal,m1,50,41,51,10,0.2,0.72,20.0,192274623.20089108,27291123.20089109,164983500.0,0.927578813610962,,,,,,False
1016,routine,cannibal,m1,100,41,59,18,0.18,0.7,18.0,196045347.7451081,27443547.7451081,168601800.0,0.9134717496145364,,,,,,False
1016,routine,cannibal,m1,250,41,74,33,0.132,0.684,13.2,202552910.69298467,27730760.692984663,174822150.0,0.8931415360580596,,,,,,False
1016,routine,cannibal,m1,500,41,89,48,0.096,0.646,9.6,230673718.54287776,28123918.542877764,202549800.0,0.8134371664150151,,,,,,False
1016,routine,cannibal,pallet,50,41,51,10,0.2,0.78,20.0,191895483.3111873,27294333.31118729,164601150.0,0.9287009144715422,,,,,,False
1016,routine,cannibal,pallet,100,41,59,18,0.18,0.75,18.0,192947593.6152413,27419893.615241323,165527700.0,0.9222394318364155,,,,,,False
1016,routine,cannibal,pallet,250,41,74,33,0.132,0.772,13.2,197580689.4621484,27643139.46214834,169937550.0,0.9069649579815844,,,,,,False
1016,routine,cannibal,pallet,500,41,89,48,0.096,0.764,9.6,216156566.6232192,28080266.62321921,188076300.0,0.8510952190050307,,,,,,False
1017,routine,cannibal,m1,50,41,50,9,0.18,0.78,18.0,188690226.33464423,27182376.334644243,161507850.0,0.9323887986460276,,,,,,False
1017,routine,cannibal,m1,100,41,64,23,0.23,0.66,23.0,193871307.33292925,27454257.332929265,166417050.0,0.9189973807319152,,,,,,False
1017,routine,cannibal,m1,250,41,79,38,0.152,0.64,15.2,210111645.5298666,27763995.5298666,182347650.0,0.8778169124180182,,,,,,False
1017,routine,cannibal,m1,500,41,91,50,0.1,0.626,10.0,222483458.54573065,28036658.545730643,194446800.0,0.8415900939551823,,,,,,False
1017,routine,cannibal,pallet,50,41,50,9,0.18,0.8,18.0,188379962.97464424,27175112.974644244,161204850.0,0.9334796596851423,,,,,,False
1017,routine,cannibal,pallet,100,41,64,23,0.23,0.71,23.0,190816400.1541524,27443900.15415233,163372500.0,0.927964160555931,,,,,,False
1017,routine,cannibal,pallet,250,41,79,38,0.152,0.736,15.2,202743405.44232315,27742605.442323145,175000800.0,0.8969124969125011,,,,,,False
1017,routine,cannibal,pallet,500,41,91,50,0.1,0.746,10.0,210957413.11821383,27945263.118213844,183012150.0,0.8729127102245988,,,,,,False
1018,routine,cannibal,m1,50,41,48,7,0.14,0.84,14.0,188750607.4699473,27215157.46994735,161535450.0,0.938812709068948,,,,,,False
1018,routine,cannibal,m1,100,41,62,21,0.21,0.71,21.0,195062535.96004128,27560535.96004129,167502000.0,0.9219773412842304,,,,,,False
1018,routine,cannibal,m1,250,41,77,36,0.144,0.636,14.4,209279462.76347372,27839912.763473783,181439550.0,0.8825234844679828,,,,,,False
1018,routine,cannibal,m1,500,41,92,51,0.102,0.56,10.2,242696757.43855345,28241607.438553456,214455150.0,0.777560119494595,,,,,,False
1018,routine,cannibal,pallet,50,41,48,7,0.14,0.84,14.0,188750607.4699473,27215157.46994735,161535450.0,0.938812709068948,,,,,,False
1018,routine,cannibal,pallet,100,41,62,21,0.21,0.75,21.0,193395556.8088496,27483406.808849607,165912150.0,0.9272170199542182,,,,,,False
1018,routine,cannibal,pallet,250,41,77,36,0.144,0.756,14.4,202446657.6687952,27726807.66879513,174719850.0,0.8992791842105579,,,,,,False
1018,routine,cannibal,pallet,500,41,92,51,0.102,0.756,10.2,210204051.98141733,28141101.98141733,182062950.0,0.8717219680879895,,,,,,False
1019,routine,cannibal,m1,50,41,51,10,0.2,0.74,20.0,191068955.10819507,27280355.10819508,163788600.0,0.9298753935577712,,,,,,False
1019,routine,cannibal,m1,100,41,58,17,0.17,0.72,17.0,192817036.1158964,27388486.115896333,165428550.0,0.9209874862031489,,,,,,False
1019,routine,cannibal,m1,250,41,75,34,0.136,0.68,13.6,196975867.6706229,27801667.67062286,169174200.0,0.8988941780846611,,,,,,False
1019,routine,cannibal,m1,500,41,90,49,0.098,0.65,9.8,236013793.69395456,28028743.69395455,207985050.0,0.809942722013084,,,,,,False
1019,routine,cannibal,pallet,50,41,51,10,0.2,0.74,20.0,191068955.10819507,27280355.10819508,163788600.0,0.9298753935577712,,,,,,False
1019,routine,cannibal,pallet,100,41,58,17,0.17,0.76,17.0,192586437.3360077,27373587.336007744,165212850.0,0.9220832469365058,,,,,,False
1019,routine,cannibal,pallet,250,41,75,34,0.136,0.744,13.6,191005153.3670157,27730753.367015705,163274400.0,0.9146826628047584,,,,,,False
1019,routine,cannibal,pallet,500,41,90,49,0.098,0.75,9.8,209700715.2937664,27904765.293766383,181795950.0,0.8750068262016347,,,,,,False
1020,routine,cannibal,m1,50,41,48,7,0.14,0.84,14.0,189894825.9425776,27084225.94257758,162810600.0,0.9343418624087207,,,,,,False
1020,routine,cannibal,m1,100,41,58,17,0.17,0.76,17.0,191449403.5952733,27281303.595273297,164168100.0,0.9274615277097742,,,,,,False
1020,routine,cannibal,m1,250,41,71,30,0.12,0.696,12.0,210088717.844862,27690817.84486197,182397900.0,0.8871151368976274,,,,,,False
1020,routine,cannibal,m1,500,41,80,39,0.078,0.676,7.8,221932302.9583069,28010802.958306946,193921500.0,0.8388308750969221,,,,,,False
1020,routine,cannibal,pallet,50,41,48,7,0.14,0.84,14.0,189811379.4123305,27086879.412330545,162724500.0,0.9350441346045988,,,,,,False
1020,routine,cannibal,pallet,100,41,58,17,0.17,0.77,17.0,190853501.99568543,27252851.995685466,163600650.0,0.9292565042788822,,,,,,False
1020,routine,cannibal,pallet,250,41,71,30,0.12,0.768,12.0,205015267.95933512,27625717.959335107,177389550.0,0.9003012640128885,,,,,,False
1020,routine,cannibal,pallet,500,41,80,39,0.078,0.774,7.8,208063418.6584524,27889418.658452336,180174000.0,0.8735029565635201,,,,,,False
1021,routine,cannibal,m1,50,41,55,14,0.28,0.66,28.0,190054216.4403604,27112366.44036039,162941850.0,0.9300704664992248,,,,,,False
1021,routine,cannibal,m1,100,41,64,23,0.23,0.65,23.0,193064293.0956652,27321943.095665146,165742350.0,0.92100566450754,,,,,,False
1021,routine,cannibal,m1,250,41,80,39,0.156,0.6,15.6,208623222.52560407,27824922.525604084,180798300.0,0.8676726115905681,,,,,,False
1021,routine,cannibal,m1,500,41,96,55,0.11,0.596,11.0,234354291.6493822,28247991.64938221,206106300.0,0.793831954151246,,,,,,False
1021,routine,cannibal,pallet,50,41,55,14,0.28,0.7,28.0,189872449.12757137,27117199.12757137,162755250.0,0.9313723260230696,,,,,,False
1021,routine,cannibal,pallet,100,41,64,23,0.23,0.7,23.0,191756104.47574204,27329254.475742035,164426850.0,0.9254824622939926,,,,,,False
1021,routine,cannibal,pallet,250,41,80,39,0.156,0.692,15.6,197228584.7948777,27700384.79487773,169528200.0,0.9037774819544871,,,,,,False
1021,routine,cannibal,pallet,500,41,96,55,0.11,0.73,11.0,211911963.3072492,28119963.307249133,183792000.0,0.8632245867752271,,,,,,False
1022,routine,cannibal,m1,50,41,54,13,0.26,0.7,26.0,193025331.23158225,27165831.23158221,165859500.0,0.9221818568385052,,,,,,False
1022,routine,cannibal,m1,100,41,60,19,0.19,0.74,19.0,194126723.14996305,27244373.149963047,166882350.0,0.9194183781607868,,,,,,False
1022,routine,cannibal,m1,250,41,73,32,0.128,0.7,12.8,200925258.02908736,27838908.02908736,173086350.0,0.8920132954488994,,,,,,False
1022,routine,cannibal,m1,500,41,88,47,0.094,0.662,9.4,209532475.8167715,28002325.816771515,181530150.0,0.8532602743514763,,,,,,False
1022,routine,cannibal,pallet,50,41,54,13,0.26,0.72,26.0,193020093.77158225,27164943.77158221,165855150.0,0.9222544667326948,,,,,,False
1022,routine,cannibal,pallet,100,41,60,19,0.19,0.75,19.0,194121789.986594,27243489.98659395,166878300.0,0.9194906365147206,,,,,,False
1022,routine,cannibal,pallet,250,41,73,32,0.128,0.748,12.8,198002516.83881623,27836666.83881625,170165850.0,0.9007469497806012,,,,,,False
1022,routine,cannibal,pallet,500,41,88,47,0.094,0.77,9.4,203172716.3886242,27869216.38862419,175303500.0,0.8734055837644359,,,,,,False
1023,routine,cannibal,m1,50,41,52,11,0.22,0.7,22.0,197812157.2323792,27314207.232379142,170497950.0,0.9155130210880388,,,,,,False
1023,routine,cannibal,m1,100,41,61,20,0.2,0.71,20.0,206018431.16883644,27375481.16883644,178642950.0,0.8955298751944273,,,,,,False
1023,routine,cannibal,m1,250,41,77,36,0.144,0.72,14.4,220285051.4782168,27727501.47821677,192557550.0,0.8504700575336744,,,,,,False
1023,routine,cannibal,m1,500,41,93,52,0.104,0.644,10.4,241096041.44471484,28012191.44471485,213083850.0,0.7959517602081954,,,,,,False
1023,routine,cannibal,pallet,50,41,52,11,0.22,0.74,22.0,192910235.7439795,27304985.7439795,165605250.0,0.9250577027417908,,,,,,False
1023,routine,cannibal,pallet,100,41,61,20,0.2,0.76,20.0,200837058.27544367,27396558.27544368,173440500.0,0.9057941978558232,,,,,,False
1023,routine,cannibal,pallet,250,41,77,36,0.144,0.78,14.4,212832256.33084625,27675406.330846243,185156850.0,0.8671861476021026,,,,,,False
1023,routine,cannibal,pallet,500,41,93,52,0.104,0.752,10.4,224511911.0315281,27830561.03152815,196681350.0,0.84114062883957,,,,,,False
1024,routine,cannibal,m1,50,41,54,13,0.26,0.62,26.0,195908485.7531472,27340735.753147136,168567750.0,0.9197415033578056,,,,,,False
1024,routine,cannibal,m1,100,41,64,23,0.23,0.63,23.0,202667221.24668688,27469621.24668687,175197600.0,0.9067894759270272,,,,,,False
1024,routine,cannibal,m1,250,41,73,32,0.128,0.668,12.8,213574372.97950324,27745972.979503244,185828400.0,0.884960053962827,,,,,,False
1024,routine,cannibal,m1,500,41,84,43,0.086,0.64,8.6,244086462.4801261,28154412.480126105,215932050.0,0.81722811483595,,,,,,False
1024,routine,cannibal,pallet,50,41,54,13,0.26,0.64,26.0,195879129.2278244,27335229.22782437,168543900.0,0.9199549998788964,,,,,,False
1024,routine,cannibal,pallet,100,41,64,23,0.23,0.68,23.0,201982202.98230103,27455252.98230104,174526950.0,0.908461317426244,,,,,,False
1024,routine,cannibal,pallet,250,41,73,32,0.128,0.728,12.8,212100236.67956027,27737936.67956028,184362300.0,0.888494859537029,,,,,,False
1024,routine,cannibal,pallet,500,41,84,43,0.086,0.738,8.6,233105077.8113691,28111627.811369088,204993450.0,0.8445432652671181,,,,,,False
1025,routine,cannibal,m1,50,41,49,8,0.16,0.84,16.0,189823437.688032,27181887.68803193,162641550.0,0.9329460010340092,,,,,,False
1025,routine,cannibal,m1,100,41,59,18,0.18,0.71,18.0,204875467.34362185,27384667.34362184,177490800.0,0.8920982983575446,,,,,,False
1025,routine,cannibal,m1,250,41,72,31,0.124,0.644,12.4,221894947.2004336,27887497.2004336,194007450.0,0.845729711664536,,,,,,False
1025,routine,cannibal,m1,500,41,86,45,0.09,0.602,9.0,229725177.35214108,28047177.35214109,201678000.0,0.8243795418579699,,,,,,False
1025,routine,cannibal,pallet,50,41,49,8,0.16,0.84,16.0,189823437.688032,27181887.68803193,162641550.0,0.9329460010340092,,,,,,False
1025,routine,cannibal,pallet,100,41,59,18,0.18,0.78,18.0,196372525.1355796,27346075.135579623,169026450.0,0.9161085133681968,,,,,,False
1025,routine,cannibal,pallet,250,41,72,31,0.124,0.784,12.4,203789005.4341524,27801205.434152424,175987800.0,0.8969860836361017,,,,,,False
1025,routine,cannibal,pallet,500,41,86,45,0.09,0.8,9.0,205713344.56028265,27867794.56028264,177845550.0,0.8888894256627663,,,,,,False
1026,routine,cannibal,m1,50,41,49,8,0.16,0.8,16.0,191504319.15361217,27176319.153612163,164328000.0,0.9247137402071084,,,,,,False
1026,routine,cannibal,m1,100,41,55,14,0.14,0.74,14.0,193852722.40760472,27242022.40760473,166610700.0,0.9193749211416924,,,,,,False
1026,routine,cannibal,m1,250,41,69,28,0.112,0.684,11.2,213886677.7551933,27674127.755193263,186212550.0,0.8760976304282074,,,,,,False
1026,routine,cannibal,m1,500,41,90,49,0.098,0.63,9.8,244010954.0783093,28103804.078309305,215907150.0,0.7973915654298237,,,,,,False
1026,routine,cannibal,pallet,50,41,49,8,0.16,0.82,16.0,191283986.7336121,27166136.73361216,164117850.0,0.9254595538758192,,,,,,False
1026,routine,cannibal,pallet,100,41,55,14,0.14,0.79,14.0,193367668.3097764,27224968.30977633,166142700.0,0.9208166889025752,,,,,,False
1026,routine,cannibal,pallet,250,41,69,28,0.112,0.752,11.2,209913532.22035828,27627982.220358275,182285550.0,0.888536770493144,,,,,,False
1026,routine,cannibal,pallet,500,41,90,49,0.098,0.73,9.8,232648179.01868263,28034079.01868264,204614100.0,0.8310388030358162,,,,,,False
1027,routine,cannibal,m1,50,41,54,13,0.26,0.7,26.0,197423098.38997817,27320848.38997818,170102250.0,0.9145848286948284,,,,,,False
1027,routine,cannibal,m1,100,41,60,19,0.19,0.74,19.0,200034492.52372035,27418392.523720343,172616100.0,0.9061795298822068,,,,,,False
1027,routine,cannibal,m1,250,41,72,31,0.124,0.66,12.4,206955556.1833684,27831256.183368344,179124300.0,0.8851888791938107,,,,,,False
1027,routine,cannibal,m1,500,41,94,53,0.106,0.594,10.6,224715047.4690781,28134497.46907816,196580550.0,0.8205683351202153,,,,,,False
1027,routine,cannibal,pallet,50,41,54,13,0.26,0.74,26.0,192519068.2747403,27302918.27474031,165216150.0,0.9279893502147316,,,,,,False
1027,routine,cannibal,pallet,100,41,60,19,0.19,0.78,19.0,193740583.5437204,27396733.543720342,166343850.0,0.9230906299750464,,,,,,False
1027,routine,cannibal,pallet,250,41,72,31,0.124,0.78,12.4,196679281.9990137,27723631.99901366,168955650.0,0.91459407672723,,,,,,False
1027,routine,cannibal,pallet,500,41,94,53,0.106,0.758,10.6,210595992.2235336,27858042.22353356,182737950.0,0.8589285410142711,,,,,,False
1028,routine,cannibal,m1,50,41,45,4,0.08,0.88,8.0,190364610.4614768,27210660.4614768,163153950.0,0.929358123033894,,,,,,False
1028,routine,cannibal,m1,100,41,56,15,0.15,0.78,15.0,198319951.58293587,27407551.58293588,170912400.0,0.9060715851560084,,,,,,False
1028,routine,cannibal,m1,250,41,74,33,0.132,0.7,13.2,210424009.7018728,27698209.701872773,182725800.0,0.8784019450179084,,,,,,False
1028,routine,cannibal,m1,500,41,93,52,0.104,0.642,10.4,233360538.7547156,28061688.75471553,205298850.0,0.8196943983611,,,,,,False
1028,routine,cannibal,pallet,50,41,45,4,0.08,0.92,8.0,190248618.8793921,27193218.879392147,163055400.0,0.9296397044259832,,,,,,False
1028,routine,cannibal,pallet,100,41,56,15,0.15,0.83,15.0,197828629.61680305,27389929.616803017,170438700.0,0.9071517742928256,,,,,,False
1028,routine,cannibal,pallet,250,41,74,33,0.132,0.776,13.2,206233567.09032512,27601567.090325125,178632000.0,0.8884471362283757,,,,,,False
1028,routine,cannibal,pallet,500,41,93,52,0.104,0.754,10.4,222117407.80773023,27839207.807730272,194278200.0,0.8477511277384772,,,,,,False
1029,routine,cannibal,m1,50,41,52,11,0.22,0.66,22.0,200032242.7848764,27293442.784876365,172738800.0,0.9054662657985298,,,,,,False
1029,routine,cannibal,m1,100,41,62,21,0.21,0.65,21.0,200536188.7442785,27388188.74427852,173148000.0,0.9068932306146658,,,,,,False
1029,routine,cannibal,m1,250,41,76,35,0.14,0.656,14.0,223716360.3808773,27796860.38087736,195919500.0,0.8454642532433535,,,,,,False
1029,routine,cannibal,m1,500,41,92,51,0.102,0.59,10.2,237527336.79884768,28286036.79884767,209241300.0,0.8002011604811453,,,,,,False
1029,routine,cannibal,pallet,50,41,52,11,0.22,0.72,22.0,190798499.8248764,27261149.824876364,163537350.0,0.9299156313495786,,,,,,False
1029,routine,cannibal,pallet,100,41,62,21,0.21,0.72,21.0,194354588.5345572,27318788.534557164,167035800.0,0.9229569614041644,,,,,,False
1029,routine,cannibal,pallet,250,41,76,35,0.14,0.76,14.0,212231440.62109685,27731290.621096857,184500150.0,0.878323599131134,,,,,,False
1029,routine,cannibal,pallet,500,41,92,51,0.102,0.762,10.2,217118502.64277995,28136202.64277996,188982300.0,0.8597888342908674,,,,,,False
1030,routine,cannibal,m1,50,41,51,10,0.2,0.62,20.0,191567447.4514812,27185747.45148118,164381700.0,0.927753991025088,,,,,,False
1030,routine,cannibal,m1,100,41,59,18,0.18,0.62,18.0,198717135.54867685,27441885.54867684,171275250.0,0.9100165806390422,,,,,,False
1030,routine,cannibal,m1,250,41,76,35,0.14,0.616,14.0,203591925.22143936,27726525.221439373,175865400.0,0.8880870089512007,,,,,,False
1030,routine,cannibal,m1,500,41,94,53,0.106,0.6,10.6,226707334.85700232,28099234.857002307,198608100.0,0.8204289128033377,,,,,,False
1030,routine,cannibal,pallet,50,41,51,10,0.2,0.76,20.0,190359626.99818683,27158576.99818684,163201050.0,0.931590269887781,,,,,,False
1030,routine,cannibal,pallet,100,41,59,18,0.18,0.73,18.0,196057505.15385777,27368405.15385776,168689100.0,0.9176516844607424,,,,,,False
1030,routine,cannibal,pallet,250,41,76,35,0.14,0.744,14.0,197884128.9175463,27578478.91754631,170305650.0,0.904118937551226,,,,,,False
1030,routine,cannibal,pallet,500,41,94,53,0.106,0.768,10.6,204740435.76889,27912035.768890023,176828400.0,0.8757005568722657,,,,,,False
1031,routine,cannibal,m1,50,41,49,8,0.16,0.82,16.0,189767874.02970603,27104274.029706024,162663600.0,0.9335717099652376,,,,,,False
1031,routine,cannibal,m1,100,41,57,16,0.16,0.76,16.0,198792780.57857817,27323130.57857817,171469650.0,0.9092582185781584,,,,,,False
1031,routine,cannibal,m1,250,41,69,28,0.112,0.712,11.2,209499425.1684188,27704075.168418832,181795350.0,0.8752489794829937,,,,,,False
1031,routine,cannibal,m1,500,41,91,50,0.1,0.658,10.0,222501054.68292585,28049904.68292586,194451150.0,0.8360933029489848,,,,,,False
1031,routine,cannibal,pallet,50,41,49,8,0.16,0.84,16.0,189763189.2836723,27103939.28367229,162659250.0,0.9335829944528364,,,,,,False
1031,routine,cannibal,pallet,100,41,57,16,0.16,0.8,16.0,197839909.82445964,27288409.82445964,170551500.0,0.9113356545799683,,,,,,False
1031,routine,cannibal,pallet,250,41,69,28,0.112,0.792,11.2,202753349.1552488,27721499.155248817,175031850.0,0.8955781195982456,,,,,,False
1031,routine,cannibal,pallet,500,41,91,50,0.1,0.778,10.0,212577634.45668447,27919834.456684463,184657800.0,0.8666213034414763,,,,,,False
1032,routine,cannibal,m1,50,41,51,10,0.2,0.68,20.0,193229291.05548903,27315041.055489056,165914250.0,0.921842690789109,,,,,,False
1032,routine,cannibal,m1,100,41,59,18,0.18,0.67,18.0,199306891.3650676,27430741.36506755,171876150.0,0.9082106529655202,,,,,,False
1032,routine,cannibal,m1,250,41,74,33,0.132,0.656,13.2,219182072.52075616,27942122.52075617,191239950.0,0.8531807566664307,,,,,,False
1032,routine,cannibal,m1,500,41,95,54,0.108,0.618,10.8,229039141.6111357,28168741.61113565,200870400.0,0.8153061861957773,,,,,,False
1032,routine,cannibal,pallet,50,41,51,10,0.2,0.7,20.0,192419112.07345083,27316362.07345084,165102750.0,0.9252677253753798,,,,,,False
1032,routine,cannibal,pallet,100,41,59,18,0.18,0.73,18.0,198058790.1220753,27412940.122075245,170645850.0,0.912687869203079,,,,,,False
1032,routine,cannibal,pallet,250,41,74,33,0.132,0.752,13.2,211484134.0016867,27819184.001686685,183664950.0,0.8780223945644854,,,,,,False
1032,routine,cannibal,pallet,500,41,95,54,0.108,0.728,10.8,216183722.5546902,27953972.554690205,188229750.0,0.8546219308159443,,,,,,False
1033,routine,cannibal,m1,50,41,53,12,0.24,0.74,24.0,195783820.8965896,27267970.896589585,168515850.0,0.9234999890995228,,,,,,False
1033,routine,cannibal,m1,100,41,60,19,0.19,0.75,19.0,206422476.3117584,27364326.3117584,179058150.0,0.8955805964496498,,,,,,False
1033,routine,cannibal,m1,250,41,77,36,0.144,0.7,14.4,213732615.5043881,27721515.50438814,186011100.0,0.8708141260288053,,,,,,False
1033,routine,cannibal,m1,500,41,94,53,0.106,0.678,10.6,220441588.95052385,27761488.950523823,192680100.0,0.8355371756520594,,,,,,False
1033,routine,cannibal,pallet,50,41,53,12,0.24,0.74,24.0,195783820.8965896,27267970.896589585,168515850.0,0.9234999890995228,,,,,,False
1033,routine,cannibal,pallet,100,41,60,19,0.19,0.79,19.0,205288066.2116184,27349966.21161836,177938100.0,0.898721587130575,,,,,,False
1033,routine,cannibal,pallet,250,41,77,36,0.144,0.772,14.4,211936506.1538593,27694206.1538593,184242300.0,0.875958767707719,,,,,,False
1033,routine,cannibal,pallet,500,41,94,53,0.106,0.764,10.6,214069132.39014697,27748882.39014696,186320250.0,0.8549535740626093,,,,,,False
1034,routine,cannibal,m1,50,41,49,8,0.16,0.78,16.0,192040450.29471183,27181150.29471183,164859300.0,0.9268944036977964,,,,,,False
1034,routine,cannibal,m1,100,41,56,15,0.15,0.73,15.0,196668448.1860417,27412198.18604174,169256250.0,0.9124905430190412,,,,,,False
1034,routine,cannibal,m1,250,41,75,34,0.136,0.692,13.6,207685026.16164976,27582876.16164977,180102150.0,0.8813952448743073,,,,,,False
1034,routine,cannibal,m1,500,41,94,53,0.106,0.624,10.6,224710628.67832872,28047128.678328715,196663500.0,0.8266275944885566,,,,,,False
1034,routine,cannibal,pallet,50,41,49,8,0.16,0.8,16.0,192006286.65471184,27179836.65471183,164826450.0,0.926995809279902,,,,,,False
1034,routine,cannibal,pallet,100,41,56,15,0.15,0.79,15.0,195527384.67756885,27342434.67756884,168184950.0,0.918797158773115,,,,,,False
1034,routine,cannibal,pallet,250,41,75,34,0.136,0.776,13.6,196095048.0016172,27485298.00161715,168609750.0,0.9163751943545512,,,,,,False
1034,routine,cannibal,pallet,500,41,94,53,0.106,0.768,10.6,204081432.53584704,27827382.53584704,176254050.0,0.8854030116314798,,,,,,False
1035,routine,cannibal,m1,50,41,51,10,0.2,0.66,20.0,197304972.9367101,27264822.93671013,170040150.0,0.916104853562798,,,,,,False
1035,routine,cannibal,m1,100,41,62,21,0.21,0.64,21.0,196613267.66461465,27430517.664614607,169182750.0,0.9175964621505056,,,,,,False
1035,routine,cannibal,m1,250,41,77,36,0.144,0.636,14.4,203298342.31720683,27758292.31720684,175540050.0,0.8942989593561018,,,,,,False
1035,routine,cannibal,m1,500,41,97,56,0.112,0.574,11.2,222783562.3606911,28248412.360691108,194535150.0,0.8238431387867724,,,,,,False
1035,routine,cannibal,pallet,50,41,51,10,0.2,0.72,20.0,196778983.9673884,27262483.967388384,169516500.0,0.9177761969193688,,,,,,False
1035,routine,cannibal,pallet,100,41,62,21,0.21,0.74,21.0,195889311.6939872,27412761.6939872,168476550.0,0.9199137054668356,,,,,,False
1035,routine,cannibal,pallet,250,41,77,36,0.144,0.744,14.4,199827918.8841808,27718818.88418082,172109100.0,0.9037017449860152,,,,,,False
1035,routine,cannibal,pallet,500,41,97,56,0.112,0.734,11.2,212774826.5701776,28062276.570177525,184712550.0,0.8511133721928182,,,,,,False
1036,routine,cannibal,m1,50,41,50,9,0.18,0.76,18.0,191611535.35975528,27202385.359755285,164409150.0,0.926759024099815,,,,,,False
1036,routine,cannibal,m1,100,41,58,17,0.17,0.75,17.0,193295129.44787085,27358079.447870847,165937050.0,0.9218792726458612,,,,,,False
1036,routine,cannibal,m1,250,41,78,37,0.148,0.68,14.8,204924409.7950574,27772459.79505738,177151950.0,0.8808775385714525,,,,,,False
1036,routine,cannibal,m1,500,41,91,50,0.1,0.638,10.0,208753637.76713577,28059137.76713578,180694500.0,0.8647680026088863,,,,,,False
1036,routine,cannibal,pallet,50,41,50,9,0.18,0.76,18.0,191611535.35975528,27202385.359755285,164409150.0,0.926759024099815,,,,,,False
1036,routine,cannibal,pallet,100,41,58,17,0.17,0.77,17.0,192878758.6826245,27339958.682624508,165538800.0,0.923017638262597,,,,,,False
1036,routine,cannibal,pallet,250,41,78,37,0.148,0.776,14.8,201541948.5336721,27612148.53367207,173929800.0,0.8910101523549974,,,,,,False
1036,routine,cannibal,pallet,500,41,91,50,0.1,0.764,10.0,202492621.1684829,27916771.16848289,174575850.0,0.8869008052413762,,,,,,False
1037,routine,cannibal,m1,50,41,52,11,0.22,0.76,22.0,190057597.3089257,27168547.30892571,162889050.0,0.9296620011096904,,,,,,False
1037,routine,cannibal,m1,100,41,58,17,0.17,0.73,17.0,198240691.87572172,27304741.875721782,170935950.0,0.9032532719049776,,,,,,False
1037,routine,cannibal,m1,250,41,81,40,0.16,0.66,16.0,221892208.8579188,27711208.857918806,194181000.0,0.8439066626967081,,,,,,False
1037,routine,cannibal,m1,500,41,96,55,0.11,0.608,11.0,240390451.5702043,28237501.570204288,212152950.0,0.7874836714987068,,,,,,False
1037,routine,cannibal,pallet,50,41,52,11,0.22,0.76,22.0,190057597.3089257,27168547.30892571,162889050.0,0.9296620011096904,,,,,,False
1037,routine,cannibal,pallet,100,41,58,17,0.17,0.77,17.0,191344390.4415424,27278890.441542417,164065500.0,0.9215517205406838,,,,,,False
1037,routine,cannibal,pallet,250,41,81,40,0.16,0.732,16.0,210319020.2338906,27664470.233890586,182654550.0,0.8750519746165456,,,,,,False
1037,routine,cannibal,pallet,500,41,96,55,0.11,0.748,11.0,223919724.87069893,28145424.87069892,195774300.0,0.8323646235258285,,,,,,False
1038,routine,cannibal,m1,50,41,48,7,0.14,0.84,14.0,192655815.47925985,27267615.47925981,165388200.0,0.9264417785072384,,,,,,False
1038,routine,cannibal,m1,100,41,55,14,0.14,0.81,14.0,201827581.7815504,27412231.78155039,174415350.0,0.905517134824709,,,,,,False
1038,routine,cannibal,m1,250,41,77,36,0.144,0.684,14.4,207476108.93491325,27702008.93491324,179774100.0,0.8854568524206619,,,,,,False
1038,routine,cannibal,m1,500,41,96,55,0.11,0.64,11.0,224115462.8824328,28077162.88243283,196038300.0,0.8405002933262552,,,,,,False
1038,routine,cannibal,pallet,50,41,48,7,0.14,0.86,14.0,192268398.47925985,27254448.47925981,165013950.0,0.9272164629475044,,,,,,False
1038,routine,cannibal,pallet,100,41,55,14,0.14,0.84,14.0,196824701.9527672,27390551.95276716,169434150.0,0.9158483829470276,,,,,,False
1038,routine,cannibal,pallet,250,41,77,36,0.144,0.772,14.4,200764861.173646,27616711.173645955,173148150.0,0.9003125096092437,,,,,,False
1038,routine,cannibal,pallet,500,41,96,55,0.11,0.77,11.0,205580793.51590028,27876093.51590028,177704700.0,0.8858139805594122,,,,,,False
1039,routine,cannibal,m1,50,41,54,13,0.26,0.72,26.0,193424845.10771212,27179095.107712183,166245750.0,0.9271067696139984,,,,,,False
1039,routine,cannibal,m1,100,41,63,22,0.22,0.71,22.0,197803353.03432623,27386703.03432624,170416650.0,0.9164151508993772,,,,,,False
1039,routine,cannibal,m1,250,41,80,39,0.156,0.656,15.6,220901580.9088941,27731580.908894066,193170000.0,0.8675250015634041,,,,,,False
1039,routine,cannibal,m1,500,41,101,60,0.12,0.606,12.0,224268060.1425503,28186710.142550293,196081350.0,0.834458548543902,,,,,,False
1039,routine,cannibal,pallet,50,41,54,13,0.26,0.72,26.0,193424845.10771212,27179095.107712183,166245750.0,0.9271067696139984,,,,,,False
1039,routine,cannibal,pallet,100,41,63,22,0.22,0.73,22.0,195981732.1086909,27353982.10869085,168627750.0,0.921707346534168,,,,,,False
1039,routine,cannibal,pallet,250,41,80,39,0.156,0.72,15.6,208140501.6220173,27642351.62201733,180498150.0,0.8961678517170115,,,,,,False
1039,routine,cannibal,pallet,500,41,101,60,0.12,0.696,12.0,209965388.7148504,28047038.714850392,181918350.0,0.8750822913635985,,,,,,False
5000,drift,cannibal,pallet,50,41,78,37,0.74,0.08,74.0,203605705.10213375,27417655.10213375,176188050.0,0.8854047359797819,,,,,,False
5000,drift,cannibal,pallet,100,41,106,65,0.65,0.13,65.0,213279279.46289727,27844479.462897275,185434800.0,0.8440912690452791,,,,,,False
5000,drift,cannibal,pallet,250,41,154,113,0.452,0.16,45.2,223761236.85590762,28444436.85590761,195316800.0,0.8062460807081885,,,,,,False
5000,drift,cannibal,pallet,500,41,194,153,0.306,0.158,30.6,264261853.65288505,28992703.652885046,235269150.0,0.6990208819818918,,,,,,False
5001,drift,cannibal,pallet,50,41,72,31,0.62,0.08,62.0,192931264.43145478,27290464.431454785,165640800.0,0.9174935785981807,,,,,,False
5001,drift,cannibal,pallet,100,41,98,57,0.57,0.11,57.0,200706467.73031834,27604667.73031835,173101800.0,0.8984631534747086,,,,,,False
5001,drift,cannibal,pallet,250,41,138,97,0.388,0.172,38.8,221532422.93971974,28307222.939719744,193225200.0,0.8350900340242704,,,,,,False
5001,drift,cannibal,pallet,500,41,185,144,0.288,0.204,28.8,242565218.03718176,28856168.037181765,213709050.0,0.7489432720122764,,,,,,False
5002,drift,cannibal,pallet,50,41,75,34,0.68,0.1,68.0,198816306.20647958,27394356.206479575,171421950.0,0.9053524655069736,,,,,,False
5002,drift,cannibal,pallet,100,41,92,51,0.51,0.16,51.0,205406088.950431,27684138.950431,177721950.0,0.885733089271984,,,,,,False
5002,drift,cannibal,pallet,250,41,138,97,0.388,0.188,38.8,234488729.0427466,28273379.04274662,206215350.0,0.8111546237687652,,,,,,False
5002,drift,cannibal,pallet,500,41,192,151,0.302,0.176,30.2,267266734.83738345,29017834.837383464,238248900.0,0.709976332390086,,,,,,False
5003,drift,cannibal,pallet,50,41,71,30,0.6,0.26,60.0,198646634.51452523,27355034.51452523,171291600.0,0.9085802903176409,,,,,,False
5003,drift,cannibal,pallet,100,41,95,54,0.54,0.22,54.0,212488432.64373648,27723382.643736478,184765050.0,0.8642125612722814,,,,,,False
5003,drift,cannibal,pallet,250,41,144,103,0.412,0.176,41.2,240687353.68930998,28447553.689309984,212239800.0,0.7791207664773316,,,,,,False
5003,drift,cannibal,pallet,500,41,176,135,0.27,0.216,27.0,254204412.6538393,28909062.653839298,225295350.0,0.7290682081625239,,,,,,False
5004,drift,cannibal,pallet,50,41,70,29,0.58,0.24,58.0,195313760.9324453,27260810.932445303,168052950.0,0.9142515454666043,,,,,,False
5004,drift,cannibal,pallet,100,41,93,52,0.52,0.2,52.0,198980661.97655505,27527811.97655505,171452850.0,0.8984722625971592,,,,,,False
5004,drift,cannibal,pallet,250,41,138,97,0.388,0.168,38.8,220506418.41569465,28227268.415694654,192279150.0,0.8291418642740092,,,,,,False
5004,drift,cannibal,pallet,500,41,191,150,0.3,0.164,30.0,264772134.49079457,29010384.49079457,235761750.0,0.734667728256931,,,,,,False
5005,drift,cannibal,pallet,50,41,73,32,0.64,0.2,64.0,206620736.92623493,27407786.92623492,179212950.0,0.8863883434317957,,,,,,False
5005,drift,cannibal,pallet,100,41,92,51,0.51,0.27,51.0,212857572.12649894,27619122.12649895,185238450.0,0.871179930798672,,,,,,False
5005,drift,cannibal,pallet,250,41,134,93,0.372,0.236,37.2,227043408.10422966,28260558.104229655,198782850.0,0.8339650989044026,,,,,,False
5005,drift,cannibal,pallet,500,41,176,135,0.27,0.198,27.0,269336918.3378406,28982618.33784059,240354300.0,0.7194106009111154,,,,,,False
5006,drift,cannibal,pallet,50,41,72,31,0.62,0.2,62.0,194737407.12501746,27439107.125017475,167298300.0,0.9169583533359963,,,,,,False
5006,drift,cannibal,pallet,100,41,97,56,0.56,0.18,56.0,203927426.14767054,27675476.14767053,176251950.0,0.8903562176300297,,,,,,False
5006,drift,cannibal,pallet,250,41,140,99,0.396,0.204,39.6,245828158.43479115,28357258.434791133,217470900.0,0.7953657874669497,,,,,,False
5006,drift,cannibal,pallet,500,41,185,144,0.288,0.188,28.8,267892620.30547255,29154570.305472545,238738050.0,0.7106177066734573,,,,,,False
5007,drift,cannibal,pallet,50,41,76,35,0.7,0.16,70.0,196290223.23980138,27263923.239801373,169026300.0,0.9051874545216517,,,,,,False
5007,drift,cannibal,pallet,100,41,105,64,0.64,0.17,64.0,202103517.8599395,27528117.859939497,174575400.0,0.8897981016739707,,,,,,False
5007,drift,cannibal,pallet,250,41,144,103,0.412,0.22,41.2,220809441.2793862,28284141.279386193,192525300.0,0.8202519688508937,,,,,,False
5007,drift,cannibal,pallet,500,41,171,130,0.26,0.22,26.0,246016133.07368118,29026283.07368117,216989850.0,0.7318314807454633,,,,,,False
5008,drift,cannibal,pallet,50,41,78,37,0.74,0.14,74.0,195875526.9086681,27413676.90866809,168461850.0,0.9124463139722788,,,,,,False
5008,drift,cannibal,pallet,100,41,100,59,0.59,0.2,59.0,210186329.68383634,27627029.683836337,182559300.0,0.8728074043952444,,,,,,False
5008,drift,cannibal,pallet,250,41,141,100,0.4,0.192,40.0,226535040.3368209,28563540.33682089,197971500.0,0.800388523951514,,,,,,False
5008,drift,cannibal,pallet,500,41,180,139,0.278,0.194,27.8,258737422.415312,28928722.415312,229808700.0,0.7161448028147415,,,,,,False
5009,drift,cannibal,pallet,50,41,79,38,0.76,0.16,76.0,193764995.7022101,27416345.702210106,166348650.0,0.9125094079649039,,,,,,False
5009,drift,cannibal,pallet,100,41,100,59,0.59,0.17,59.0,198970040.37242758,27832940.372427594,171137100.0,0.889557458234973,,,,,,False
5009,drift,cannibal,pallet,250,41,142,101,0.404,0.156,40.4,217969832.30000567,28563182.300005667,189406650.0,0.8340444756716445,,,,,,False
5009,drift,cannibal,pallet,500,41,173,132,0.264,0.188,26.4,240373482.53361046,29004282.53361046,211369200.0,0.7547583693067265,,,,,,False
5010,drift,cannibal,pallet,50,41,77,36,0.72,0.12,72.0,200942258.9795874,27564908.979587402,173377350.0,0.8951956075487545,,,,,,False
5010,drift,cannibal,pallet,100,41,97,56,0.56,0.17,56.0,209141286.83421513,27933036.834215127,181208250.0,0.8750349090102273,,,,,,False
5010,drift,cannibal,pallet,250,41,139,98,0.392,0.184,39.2,236698222.15991864,28570372.159918644,208127850.0,0.7945123301139324,,,,,,False
5010,drift,cannibal,pallet,500,41,184,143,0.286,0.188,28.6,253243740.14627346,29141790.14627346,224101950.0,0.740916902397114,,,,,,False
5011,drift,cannibal,pallet,50,41,69,28,0.56,0.14,56.0,201698972.1640337,27465722.164033722,174233250.0,0.8877828528028545,,,,,,False
5011,drift,cannibal,pallet,100,41,91,50,0.5,0.15,50.0,206377425.39733,27797925.397329986,178579500.0,0.8704145711739866,,,,,,False
5011,drift,cannibal,pallet,250,41,130,89,0.356,0.168,35.6,220024840.3591728,28351240.35917279,191673600.0,0.8118392720148156,,,,,,False
5011,drift,cannibal,pallet,500,41,167,126,0.252,0.172,25.2,245274634.00722978,28769284.007229768,216505350.0,0.7269524793791724,,,,,,False
5000,outlier,cannibal,pallet,50,41,50,9,0.18,0.82,18.0,192403940.6471615,27174590.64716152,165229350.0,0.9276559123190374,,,,,,False
5000,outlier,cannibal,pallet,100,41,60,19,0.19,0.78,19.0,195480366.77306408,27310716.773064084,168169650.0,0.9193321932443542,,,,,,False
5000,outlier,cannibal,pallet,250,41,87,46,0.184,0.712,18.4,217476806.14492786,27694856.144927856,189781950.0,0.8794217004005009,,,,,,False
5000,outlier,cannibal,pallet,500,41,112,71,0.142,0.684,14.2,243212163.7497607,28106013.749760672,215106150.0,0.832239840909177,,,,,,False
5001,outlier,cannibal,pallet,50,41,54,13,0.26,0.68,26.0,194746137.6506567,27319137.650656696,167427000.0,0.9210575380375974,,,,,,False
5001,outlier,cannibal,pallet,100,41,70,29,0.29,0.65,29.0,206165719.28619516,27459619.28619515,178706100.0,0.8983245279210189,,,,,,False
5001,outlier,cannibal,pallet,250,41,96,55,0.22,0.64,22.0,232026687.3712051,27729987.371205084,204296700.0,0.8550076636583672,,,,,,False
5001,outlier,cannibal,pallet,500,41,131,90,0.18,0.632,18.0,249532490.56668085,28173590.566680863,221358900.0,0.8048207148060206,,,,,,False
5002,outlier,cannibal,pallet,50,41,56,15,0.3,0.64,30.0,194333468.97924,27228368.979240008,167105100.0,0.9296905780152965,,,,,,False
5002,outlier,cannibal,pallet,100,41,64,23,0.23,0.71,23.0,198867265.47007895,27309565.470078934,171557700.0,0.920573345128551,,,,,,False
5002,outlier,cannibal,pallet,250,41,95,54,0.216,0.684,21.6,202372228.493291,27867778.493291,174504450.0,0.8922928014214299,,,,,,False
5002,outlier,cannibal,pallet,500,41,116,75,0.15,0.69,15.0,232891789.08959058,28194739.089590587,204697050.0,0.8682288128798227,,,,,,False
5003,outlier,cannibal,pallet,50,41,53,12,0.24,0.74,24.0,194030695.07018608,27224695.070186067,166806000.0,0.9246784748030085,,,,,,False
5003,outlier,cannibal,pallet,100,41,61,20,0.2,0.78,20.0,208216082.15321407,27370682.15321406,180845400.0,0.9035558302108828,,,,,,False
5003,outlier,cannibal,pallet,250,41,90,49,0.196,0.744,19.6,220558273.04984424,27845023.049844228,192713250.0,0.8795448555943266,,,,,,False
5003,outlier,cannibal,pallet,500,41,139,98,0.196,0.704,19.6,231157428.93288752,28262178.932887513,202895250.0,0.8561712387195402,,,,,,False
5004,outlier,cannibal,pallet,50,41,56,15,0.3,0.7,30.0,195423522.57148054,27157122.571480535,168266400.0,0.9270921497477266,,,,,,False
5004,outlier,cannibal,pallet,100,41,70,29,0.29,0.67,29.0,206685581.25016147,27327581.25016146,179358000.0,0.9112272091441853,,,,,,False
5004,outlier,cannibal,pallet,250,41,92,51,0.204,0.664,20.4,220052059.49565625,27846109.495656263,192205950.0,0.880461555849497,,,,,,False
5004,outlier,cannibal,pallet,500,41,117,76,0.152,0.698,15.2,249800641.68309215,28119391.68309216,221681250.0,0.8488680926994067,,,,,,False
5005,outlier,cannibal,pallet,50,41,54,13,0.26,0.7,26.0,193330657.65516546,27149857.655165475,166180800.0,0.9283917634845155,,,,,,False
5005,outlier,cannibal,pallet,100,41,69,28,0.28,0.7,28.0,202267976.41477907,27466376.414779052,174801600.0,0.9068255529201098,,,,,,False
5005,outlier,cannibal,pallet,250,41,94,53,0.212,0.668,21.2,225315390.97579306,27807540.97579306,197507850.0,0.8629881322942717,,,,,,False
5005,outlier,cannibal,pallet,500,41,123,82,0.164,0.674,16.4,224422155.04583743,28052805.045837432,196369350.0,0.8586318811631681,,,,,,False
5006,outlier,cannibal,pallet,50,41,56,15,0.3,0.66,30.0,191400186.70392573,27187086.703925718,164213100.0,0.9297948723414174,,,,,,False
5006,outlier,cannibal,pallet,100,41,61,20,0.2,0.73,20.0,192179966.07318267,27283616.073182665,164896350.0,0.9285902112808752,,,,,,False
5006,outlier,cannibal,pallet,250,41,87,46,0.184,0.696,18.4,198781931.89322636,27652031.893226366,171129900.0,0.9101144330907672,,,,,,False
5006,outlier,cannibal,pallet,500,41,123,82,0.164,0.672,16.4,211790238.07271075,28015938.07271076,183774300.0,0.8910025117104733,,,,,,False
5007,outlier,cannibal,pallet,50,41,52,11,0.22,0.74,22.0,194031312.22003913,27175362.22003912,166855950.0,0.9289399392590256,,,,,,False
5007,outlier,cannibal,pallet,100,41,69,28,0.28,0.67,28.0,203164764.30293664,27387114.302936632,175777650.0,0.9122287125179822,,,,,,False
5007,outlier,cannibal,pallet,250,41,95,54,0.216,0.692,21.6,210693367.8078354,27810667.80783541,182882700.0,0.9007874996587624,,,,,,False
5007,outlier,cannibal,pallet,500,41,128,87,0.174,0.676,17.4,224676631.49372384,28192231.493723836,196484400.0,0.8681085531597726,,,,,,False
5008,outlier,cannibal,pallet,50,41,54,13,0.26,0.72,26.0,194380327.89014703,27136477.890147045,167243850.0,0.9275487987786732,,,,,,False
5008,outlier,cannibal,pallet,100,41,68,27,0.27,0.68,27.0,199137407.95485723,27202157.954857223,171935250.0,0.920627467442474,,,,,,False
5008,outlier,cannibal,pallet,250,41,93,52,0.208,0.68,20.8,223195021.72397745,27912271.723977454,195282750.0,0.8779059488776124,,,,,,False
5008,outlier,cannibal,pallet,500,41,126,85,0.17,0.702,17.0,254771012.415388,27987362.415387988,226783650.0,0.8460003084772988,,,,,,False
5009,outlier,cannibal,pallet,50,41,51,10,0.2,0.76,20.0,198807227.24492657,27245927.244926587,171561300.0,0.9171635699313352,,,,,,False
5009,outlier,cannibal,pallet,100,41,64,23,0.23,0.7,23.0,210543118.69934627,27402568.699346274,183140550.0,0.8983249845456835,,,,,,False
5009,outlier,cannibal,pallet,250,41,90,49,0.196,0.668,19.6,232243391.12759864,27915041.12759863,204328350.0,0.8621366645338655,,,,,,False
5009,outlier,cannibal,pallet,500,41,126,85,0.17,0.658,17.0,237291637.25987002,28305337.25987003,208986300.0,0.8300143501188855,,,,,,False
5010,outlier,cannibal,pallet,50,41,60,19,0.38,0.56,38.0,203732923.98101062,27417823.98101063,176315100.0,0.9061695883013868,,,,,,False
5010,outlier,cannibal,pallet,100,41,68,27,0.27,0.63,27.0,209930740.46048892,27610240.46048893,182320500.0,0.8895973782493288,,,,,,False
5010,outlier,cannibal,pallet,250,41,98,57,0.228,0.668,22.8,228586935.3745641,27855135.374564126,200731800.0,0.8608538537043344,,,,,,False
5010,outlier,cannibal,pallet,500,41,132,91,0.182,0.672,18.2,226041144.41776615,28343994.417766165,197697150.0,0.8481593309017453,,,,,,False
5011,outlier,cannibal,pallet,50,41,54,13,0.26,0.72,26.0,195635414.64809683,27210914.64809684,168424500.0,0.922250079657631,,,,,,False
5011,outlier,cannibal,pallet,100,41,65,24,0.24,0.7,24.0,200664230.44304442,27350480.44304442,173313750.0,0.9155508328791725,,,,,,False
5011,outlier,cannibal,pallet,250,41,84,43,0.172,0.708,17.2,229291694.21698684,27740744.216986835,201550950.0,0.8789675607775636,,,,,,False
5011,outlier,cannibal,pallet,500,41,117,76,0.152,0.684,15.2,261944217.12344018,28122717.12344017,233821500.0,0.8333641745302666,,,,,,False
5000,routine,additive,pallet,50,41,49,8,0.16,0.84,16.0,217238322.42341486,30721122.423414867,186517200.0,0.9272964571114942,,,,,,False
5000,routine,additive,pallet,100,41,56,15,0.15,0.83,15.0,240150448.07721555,33753748.07721557,206396700.0,0.9229644652048049,,,,,,False
5000,routine,additive,pallet,250,41,71,30,0.12,0.78,12.0,310171592.29294086,42180692.292940885,267990900.0,0.9052264824783633,,,,,,False
5000,routine,additive,pallet,500,41,87,46,0.092,0.77,9.2,457392397.6469295,59884897.64692947,397507500.0,0.8917076858963047,,,,,,False
5001,routine,additive,pallet,50,41,52,11,0.22,0.72,22.0,219899739.7725062,30665439.7725062,189234300.0,0.9210589367402551,,,,,,False
5001,routine,additive,pallet,100,41,63,22,0.22,0.71,22.0,247178098.24049753,33050848.240497522,214127250.0,0.9057490705943425,,,,,,False
5001,routine,additive,pallet,250,41,78,37,0.148,0.716,14.8,360317140.12806094,44709190.12806091,315607950.0,0.8807174822464726,,,,,,False
5001,routine,additive,pallet,500,41,98,57,0.114,0.708,11.4,490555777.380539,59043577.380538985,431512200.0,0.8592257612274579,,,,,,False
5002,routine,additive,pallet,50,41,53,12,0.24,0.74,24.0,211194319.2306496,29853319.23064959,181341000.0,0.9319265864824566,,,,,,False
5002,routine,additive,pallet,100,41,57,16,0.16,0.79,16.0,230158238.99899247,32054738.99899248,198103500.0,0.9247630061438534,,,,,,False
5002,routine,additive,pallet,250,41,79,38,0.152,0.756,15.2,293017567.756507,40527217.756506994,252490350.0,0.9086645671285529,,,,,,False
5002,routine,additive,pallet,500,41,85,44,0.088,0.772,8.8,413507259.7807511,56287809.78075108,357219450.0,0.9029723489550133,,,,,,False
5003,routine,additive,pallet,50,41,51,10,0.2,0.78,20.0,212223658.56170326,29792608.561703272,182431050.0,0.9262711830951668,,,,,,False
5003,routine,additive,pallet,100,41,57,16,0.16,0.82,16.0,238712065.35361856,33542365.353618547,205169700.0,0.9242377640519018,,,,,,False
5003,routine,additive,pallet,250,41,73,32,0.128,0.792,12.8,303316888.91417044,42087238.914170444,261229650.0,0.9124297283650229,,,,,,False
5003,routine,additive,pallet,500,41,99,58,0.116,0.766,11.6,465336723.53519297,59552823.53519296,405783900.0,0.8736386597219672,,,,,,False
5004,routine,additive,pallet,50,41,49,8,0.16,0.84,16.0,215006109.90298843,30487209.902988434,184518900.0,0.9366454785836381,,,,,,False
5004,routine,additive,pallet,100,41,57,16,0.16,0.8,16.0,226536548.77552605,32233298.77552604,194303250.0,0.9341894537199122,,,,,,False
5004,routine,additive,pallet,250,41,74,33,0.132,0.76,13.2,300843453.8416927,40922253.841692716,259921200.0,0.9072460962631909,,,,,,False
5004,routine,additive,pallet,500,41,88,47,0.094,0.78,9.4,438665768.77462035,57461618.774620354,381204150.0,0.8981211707386447,,,,,,False
5005,routine,additive,pallet,50,41,49,8,0.16,0.8,16.0,210188713.9309527,29959513.930952698,180229200.0,0.9330959682319545,,,,,,False
5005,routine,additive,pallet,100,41,58,17,0.17,0.8,17.0,233345589.7699271,33043839.769927114,200301750.0,0.9282625444836821,,,,,,False
5005,routine,additive,pallet,250,41,72,31,0.124,0.764,12.4,307576667.1967718,41854067.196771786,265722600.0,0.9109664442070502,,,,,,False
5005,routine,additive,pallet,500,41,91,50,0.1,0.76,10.0,432519472.2022991,57957772.2022991,374561700.0,0.9025604833102734,,,,,,False
5006,routine,additive,pallet,50,41,53,12,0.24,0.72,24.0,201717385.63860267,28963735.638602678,172753650.0,0.9339056653768137,,,,,,False
5006,routine,additive,pallet,100,41,55,14,0.14,0.79,14.0,238138942.2357672,33943492.23576719,204195450.0,0.9295197377147776,,,,,,False
5006,routine,additive,pallet,250,41,73,32,0.128,0.748,12.8,312658323.5712557,42994623.571255654,269663700.0,0.9158014439738235,,,,,,False
5006,routine,additive,pallet,500,41,89,48,0.096,0.746,9.6,458052475.20789015,62008225.20789015,396044250.0,0.9052019984457641,,,,,,False
5007,routine,additive,pallet,50,41,48,7,0.14,0.82,14.0,221890366.1712648,31143916.171264805,190746450.0,0.9276222760168514,,,,,,False
5007,routine,additive,pallet,100,41,60,19,0.19,0.76,19.0,255269092.34570065,34735192.345700644,220533900.0,0.9178725604307512,,,,,,False
5007,routine,additive,pallet,250,41,75,34,0.136,0.776,13.6,353381277.71260005,46043877.71260006,307337400.0,0.9037880632277497,,,,,,False
5007,routine,additive,pallet,500,41,90,49,0.098,0.748,9.8,471093372.08931816,60851622.08931816,410241750.0,0.8893326936324163,,,,,,False
5008,routine,additive,pallet,50,41,51,10,0.2,0.78,20.0,211103371.11560905,29954671.115609057,181148700.0,0.933818125016548,,,,,,False
5008,routine,additive,pallet,100,41,59,18,0.18,0.76,18.0,221482958.51774335,31532858.517743364,189950100.0,0.9324686109617734,,,,,,False
5008,routine,additive,pallet,250,41,71,30,0.12,0.768,12.0,280595413.7567977,39363013.7567977,241232400.0,0.916488289490226,,,,,,False
5008,routine,additive,pallet,500,41,90,49,0.098,0.772,9.8,421496308.594484,55849558.594484,365646750.0,0.8932620424995132,,,,,,False
5009,routine,additive,pallet,50,41,47,6,0.12,0.84,12.0,228281127.42844677,31221777.428446762,197059350.0,0.9241295547574655,,,,,,False
5009,routine,additive,pallet,100,41,56,15,0.15,0.78,15.0,253957985.83949912,34825085.839499116,219132900.0,0.9190729249227388,,,,,,False
5009,routine,additive,pallet,250,41,73,32,0.128,0.74,12.8,330978018.31649995,44169168.31649998,286808850.0,0.8991712680538766,,,,,,False
5009,routine,additive,pallet,500,41,94,53,0.106,0.74,10.6,420356562.0059995,55952412.00599949,364404150.0,0.893928229087931,,,,,,False
5010,routine,additive,pallet,50,41,57,16,0.32,0.62,32.0,218392222.87735042,29972422.87735041,188419800.0,0.9099666346914793,,,,,,False
5010,routine,additive,pallet,100,41,64,23,0.23,0.67,23.0,261756342.2752701,34930992.275270104,226825350.0,0.884258600077418,,,,,,False
5010,routine,additive,pallet,250,41,80,39,0.156,0.732,15.6,342991827.62893635,45640227.62893634,297351600.0,0.8865731371957517,,,,,,False
5010,routine,additive,pallet,500,41,93,52,0.104,0.746,10.4,482803447.2970958,62095147.29709579,420708300.0,0.8743456233562544,,,,,,False
5011,routine,additive,pallet,50,41,52,11,0.22,0.76,22.0,210336426.4024736,29798226.402473606,180538200.0,0.9246149102648028,,,,,,False
5011,routine,additive,pallet,100,41,58,17,0.17,0.76,17.0,236360729.8546993,33070679.8546993,203290050.0,0.9198116925909194,,,,,,False
5011,routine,additive,pallet,250,41,69,28,0.112,0.772,11.2,324066188.9908054,44061788.99080539,280004400.0,0.9022228187183061,,,,,,False
5011,routine,additive,pallet,500,41,82,41,0.082,0.754,8.2,452080823.5065651,58862873.50656512,393217950.0,0.8790750430914986,,,,,,False
