codigo_producto,policy,es_caja_nueva,box_id_original,box_id_asignado,mismo_box_id,n_usuarios_caja_original,caja_era_exclusiva,categoria,subcategoria,tipo_proyecto,ingrediente_forma,tamaño_corte,solucion
BR0001,pallet,False,3.0x400.0x300.0x300.0,3.0x400.0x300.0x300.0,True,26,False,Bastones clasicos,Bastones clasicos - Reserva Privada,Estacional,Bastones rectos de brocoli,Fino,independiente
BR0002,pallet,False,3.0x400.0x300.0x271.95,3.0x400.0x300.0x271.95,True,18,False,Bastones clasicos,Bastones clasicos - Sigilo,Forma estable,Espirales de brocoli,Forma,independiente
BR0003,pallet,False,3.0x400.0x300.0x179.4,3.0x400.0x277.27x180.0,False,36,False,Bastones clasicos,Bastones clasicos - Sigilo,Forma estable,Gajos de brocoli,Forma,independiente
BR0004,pallet,False,3.0x400.0x300.0x234.72,3.0x400.0x300.0x234.72,True,10,False,Bastones clasicos,Bastones clasicos - Sigilo,Estacional,Bastones rectos de brocoli,Grueso,independiente
BR0005,pallet,False,3.0x400.0x300.0x257.14,3.0x400.0x300.0x257.14,True,36,False,Bastones clasicos,Bastones clasicos - Sigilo,Forma estable,Espirales de brocoli,Forma,independiente
BR0006,pallet,False,3.0x400.0x300.0x300.0,3.0x400.0x300.0x288.97,False,26,False,Bastones clasicos,Bastones clasicos - Sigilo,Forma estable,Brocoli en rejilla,Forma,independiente
BR0007,pallet,False,3.0x400.0x300.0x300.0,3.0x400.0x300.0x300.0,True,26,False,Bastones clasicos,Bastones clasicos - Sigilo,Forma estable,Brocoli en rejilla,Forma,independiente
BR0008,pallet,False,3.0x400.0x277.27x200.0,3.0x400.0x277.27x200.0,True,12,False,Bastones clasicos,Bastones clasicos - Legumes Frites,Estacional,Bastones rectos de brocoli,Medio,independiente
BR0009,pallet,False,3.0x400.0x300.0x179.4,3.0x400.0x300.0x179.4,True,36,False,Bastones clasicos,Bastones clasicos - Legumes Frites,Estacional,Bastones rectos de brocoli,Medio,independiente
BR0010,pallet,False,3.0x400.0x300.0x163.44,3.0x400.0x300.0x163.44,True,15,False,Bastones clasicos,Bastones clasicos - Sigilo,Forma estable,Gajos de brocoli,Forma,independiente
BR0011,pallet,False,3.0x400.0x300.0x300.0,3.0x400.0x300.0x288.97,False,26,False,Bastones clasicos,Bastones clasicos - Sigilo,Forma estable,Brocoli en rejilla,Forma,independiente
BR0012,pallet,False,3.0x400.0x300.0x212.38,3.0x400.0x300.0x212.38,True,12,False,Bastones clasicos,Bastones clasicos - Sigilo,Estacional,Bastones rectos de brocoli,Grueso,independiente
BR0013,pallet,False,3.0x400.0x300.0x234.72,3.0x400.0x300.0x234.72,True,10,False,Bastones clasicos,Bastones clasicos - Sigilo,Forma estable,Brocoli en rejilla,Forma,independiente
BR0014,pallet,False,3.0x400.0x300.0x257.14,3.0x400.0x300.0x244.29,False,36,False,Bastones clasicos,Bastones clasicos - Sigilo,Forma estable,Brocoli zigzag,Forma,independiente
BR0015,pallet,False,3.0x400.0x300.0x257.14,3.0x400.0x300.0x244.29,False,36,False,Bastones clasicos,Bastones clasicos - Sigilo,Forma estable,Brocoli zigzag,Forma,independiente
BR0016,pallet,False,3.0x400.0x300.0x257.14,3.0x400.0x300.0x244.29,False,36,False,Bastones clasicos,Bastones clasicos - Sigilo,Forma estable,Brocoli zigzag,Forma,independiente
BR0017,pallet,False,3.0x400.0x300.0x234.72,3.0x400.0x300.0x234.72,True,10,False,Bastones clasicos,Bastones clasicos - Sigilo,Forma estable,Tiras para dip de brocoli,Forma,independiente
BR0018,pallet,False,3.0x400.0x300.0x300.0,3.0x400.0x300.0x288.97,False,26,False,Bastones clasicos,Bastones clasicos - Sigilo,Estacional,Bastones rectos de brocoli,Grueso,independiente
BR0019,pallet,False,3.0x399.0x261.0x276.0,3.0x400.0x277.27x256.0,False,4,False,Bastones clasicos,Bastones clasicos - Sigilo,Forma estable,Espirales de brocoli,Forma,independiente
BR0020,pallet,False,3.0x400.0x277.27x200.0,3.0x400.0x277.27x200.0,True,12,False,Bastones clasicos,Bastones clasicos - Legumes Frites,Estacional,Bastones rectos de brocoli,Medio,independiente
BR0021,pallet,False,3.0x400.0x267.7x199.61,3.0x400.0x267.7x199.61,True,18,False,Bastones clasicos,Bastones clasicos - Legumes Frites,Estacional,Bastones rectos de brocoli,Corte steak,independiente
BR0022,pallet,False,3.0x400.0x274.08x225.0,3.0x400.0x274.08x225.0,True,27,False,Bastones clasicos,Bastones clasicos - Legumes Frites,Estacional,Bastones rectos de brocoli,Fino,independiente
BR0023,pallet,False,3.0x400.0x240.0x196.42,3.0x400.0x240.0x196.42,True,4,False,Guarniciones,Guarniciones - Cubos,Forma estable,Cubos de brocoli,Forma,independiente
BR0024,pallet,False,3.0x400.0x277.27x256.0,3.0x400.0x266.63x256.0,False,8,False,Bastones clasicos,Bastones clasicos - Sigilo,Estacional,Bastones rectos de brocoli,Medio,independiente
BR0025,pallet,False,3.0x400.0x300.0x179.4,3.0x400.0x300.0x179.4,True,36,False,Bastones clasicos,Bastones clasicos - Mayordomo,Estacional,Bastones rectos de brocoli,Medio,independiente
BR0026,pallet,False,3.0x400.0x300.0x225.0,3.0x400.0x300.0x225.0,True,32,False,Bastones clasicos,Bastones clasicos - Mayordomo,Estacional,Bastones rectos de brocoli,Medio,independiente
BR0027,pallet,False,3.0x400.0x300.0x179.4,3.0x400.0x300.0x174.08,False,36,False,Bastones clasicos,Bastones clasicos - Mayordomo,Estacional,Bastones rectos de brocoli,Medio,independiente
BR0028,pallet,False,3.0x400.0x300.0x225.0,3.0x400.0x300.0x225.0,True,32,False,Bastones clasicos,Bastones clasicos - Mayordomo,Estacional,Bastones rectos de brocoli,Medio,independiente
BR0029,pallet,False,3.0x400.0x300.0x179.4,3.0x400.0x300.0x174.08,False,36,False,Bastones clasicos,Bastones clasicos - Mayordomo,Estacional,Bastones rectos de brocoli,Grueso,independiente
BR0030,pallet,False,3.0x400.0x277.27x180.0,3.0x400.0x277.27x180.0,True,8,False,Bastones clasicos,Bastones clasicos - Mayordomo,Forma estable,Gajos de brocoli,Forma,independiente
BR0031,pallet,False,3.0x400.0x300.0x179.4,3.0x400.0x300.0x174.08,False,36,False,Bastones clasicos,Bastones clasicos - Mayordomo,Estacional,Bastones rectos de brocoli,Medio,independiente
BR0032,pallet,False,3.0x400.0x300.0x163.44,3.0x400.0x300.0x163.44,True,15,False,Bastones clasicos,Bastones clasicos - Mayordomo,Estacional,Bastones rectos de brocoli,Grueso,independiente
BR0033,pallet,False,3.0x400.0x277.27x200.0,3.0x400.0x277.27x200.0,True,12,False,Bastones clasicos,Bastones clasicos - Mayordomo,Estacional,Bastones rectos de brocoli,Medio,independiente
BR0034,pallet,False,3.0x400.0x240.0x196.42,3.0x400.0x240.0x196.42,True,4,False,Bastones clasicos,Bastones clasicos - Reserva Privada,Forma estable,Gajos de brocoli,Forma,independiente
BR0035,pallet,False,3.0x400.0x300.0x225.0,3.0x400.0x300.0x225.0,True,32,False,Bastones clasicos,Bastones clasicos - Mayordomo,Estacional,Bastones rectos de brocoli,Corte steak,independiente
BR0036,pallet,False,3.0x400.0x300.0x163.44,3.0x400.0x300.0x163.44,True,15,False,Bastones clasicos,Bastones clasicos - Legumes Frites,Estacional,Bastones rectos de brocoli,Medio,independiente
BR0037,pallet,False,3.0x400.0x277.27x256.0,3.0x400.0x266.63x256.0,False,8,False,Bastones clasicos,Bastones clasicos - Sigilo,Estacional,Bastones rectos de brocoli,Medio,independiente
BR0038,pallet,False,3.0x400.0x266.63x256.0,3.0x400.0x266.63x256.0,True,31,False,Bastones clasicos,Bastones clasicos - Sigilo,Forma estable,Tiras para dip de brocoli,Forma,independiente
BR0039,pallet,False,3.0x400.0x266.63x256.0,3.0x400.0x266.63x256.0,True,31,False,Bastones clasicos,Bastones clasicos - Sigilo,Forma estable,Tiras para dip de brocoli,Forma,independiente
BR0040,pallet,False,3.0x400.0x266.63x256.0,3.0x400.0x266.63x256.0,True,31,False,Bastones clasicos,Bastones clasicos - Sigilo,Forma estable,Tiras para dip de brocoli,Forma,independiente
BR0041,pallet,False,3.0x400.0x266.63x256.0,3.0x400.0x266.63x256.0,True,31,False,Bastones clasicos,Bastones clasicos - Sigilo,Forma estable,Tiras para dip de brocoli,Forma,independiente
BR0042,pallet,False,3.0x400.0x277.27x200.0,3.0x400.0x267.7x199.61,False,12,False,Bastones clasicos,Bastones clasicos - Reserva Privada,Forma estable,Gajos de brocoli,Forma,independiente
BR0043,pallet,False,3.0x400.0x240.0x159.19,3.0x400.0x240.0x159.19,True,6,False,Guarniciones,Guarniciones - Legumes Croquetas,Forma estable,Tortitas de brocoli,Forma,independiente
BR0044,pallet,False,3.0x400.0x240.0x159.19,3.0x400.0x240.0x159.19,True,6,False,Guarniciones,Guarniciones - Legumes Croquetas,Forma estable,Tortitas de brocoli,Forma,independiente
BR0045,pallet,False,3.0x400.0x199.61x142.81,3.0x400.0x199.61x142.81,True,2,False,Guarniciones,Guarniciones - Legumes Croquetas,Forma estable,Rosti de brocoli,Forma,independiente
BR0046,pallet,False,3.0x400.0x240.0x159.19,3.0x400.0x240.0x159.19,True,6,False,Guarniciones,Guarniciones - Legumes Croquetas,Forma estable,Rosti de brocoli,Forma,independiente
BR0047,pallet,False,3.0x400.0x240.0x159.19,3.0x400.0x240.0x159.19,True,6,False,Guarniciones,Guarniciones - Legumes Croquetas,Forma estable,Rosti de brocoli,Forma,independiente
BR0048,pallet,False,3.0x400.0x274.08x225.0,3.0x400.0x240.0x254.93,False,27,False,Bastones clasicos,Bastones clasicos - Legumes Frites,Estacional,Bastones rectos de brocoli,Medio,independiente
BR0049,pallet,False,3.0x400.0x240.0x265.57,3.0x400.0x240.0x265.57,True,5,False,Bastones clasicos,Bastones clasicos - Legumes Frites,Estacional,Bastones rectos de brocoli,Medio,independiente
BR0050,pallet,False,3.0x400.0x240.0x233.65,3.0x400.0x240.0x233.65,True,8,False,Bastones clasicos,Bastones clasicos - Sigilo,Forma estable,Rodajas de brocoli,Forma,independiente
BR0051,pallet,False,3.0x400.0x240.0x248.55,3.0x400.0x240.0x244.29,False,12,False,Bastones clasicos,Bastones clasicos - Sigilo,Forma estable,Rodajas de brocoli,Forma,independiente
BR0052,pallet,False,3.0x400.0x240.0x254.93,3.0x400.0x240.0x254.93,True,5,False,Bastones clasicos,Bastones clasicos - Legumes Frites,Forma estable,Brocoli zigzag,Forma,independiente
BR0053,pallet,False,3.0x400.0x240.0x233.65,3.0x400.0x240.0x233.65,True,8,False,Bastones clasicos,Bastones clasicos - Reserva Privada,Forma estable,Gajos de brocoli,Forma,independiente
BR0054,pallet,False,3.0x400.0x240.0x265.57,3.0x400.0x240.0x265.57,True,5,False,Bastones clasicos,Bastones clasicos - Legumes Frites,Estacional,Bastones rectos de brocoli,Fino,independiente
BR0055,pallet,False,3.0x400.0x240.0x254.93,3.0x400.0x240.0x254.93,True,5,False,Bastones clasicos,Bastones clasicos - Legumes Frites,Estacional,Bastones rectos de brocoli,Medio,independiente
BR0056,pallet,False,3.0x400.0x240.0x254.93,3.0x400.0x240.0x254.93,True,5,False,Bastones clasicos,Bastones clasicos - Legumes Frites,Estacional,Bastones rectos de brocoli,Corte steak,independiente
BR0057,pallet,False,3.0x400.0x274.08x225.0,3.0x400.0x240.0x244.29,False,27,False,Bastones clasicos,Bastones clasicos - Legumes Frites,Estacional,Bastones rectos de brocoli,Medio,independiente
BR0058,pallet,False,3.0x400.0x199.61x142.81,3.0x400.0x199.61x142.81,True,2,False,Guarniciones,Guarniciones - Legumes Croquetas,Forma estable,Croquetas de brocoli,Forma,independiente
BR0059,pallet,False,3.0x400.0x240.0x265.57,3.0x400.0x240.0x265.57,True,5,False,Guarniciones,Guarniciones - Legumes Croquetas,Forma estable,Croquetas de brocoli,Forma,independiente
BR0060,pallet,False,3.0x400.0x240.0x248.55,3.0x400.0x240.0x244.29,False,12,False,Bastones clasicos,Bastones clasicos - Legumes Frites,Forma estable,Brocoli zigzag,Forma,independiente
BR0061,pallet,False,3.0x400.0x240.0x248.55,3.0x400.0x240.0x244.29,False,12,False,Bastones clasicos,Bastones clasicos - Reserva Privada,Forma estable,Gajos de brocoli,Forma,independiente
BR0062,pallet,False,3.0x400.0x240.0x248.55,3.0x400.0x240.0x244.29,False,12,False,Bastones clasicos,Bastones clasicos - Legumes Frites,Estacional,Bastones rectos de brocoli,Corte steak,independiente
BR0063,pallet,False,3.0x400.0x240.0x248.55,3.0x400.0x240.0x244.29,False,12,False,Bastones clasicos,Bastones clasicos - Legumes Frites,Estacional,Bastones rectos de brocoli,Fino,independiente
BR0064,pallet,False,3.0x400.0x240.0x265.57,3.0x400.0x240.0x265.57,True,5,False,Guarniciones,Guarniciones - Legumes Croquetas,Forma estable,Croquetas de brocoli,Forma,independiente
BR0065,pallet,False,3.0x400.0x300.0x179.4,3.0x400.0x300.0x174.08,False,36,False,Bastones clasicos,Bastones clasicos - Sigilo,Estacional,Bastones rectos de brocoli,Grueso,independiente
BR0066,pallet,False,3.0x400.0x300.0x163.44,3.0x400.0x300.0x163.44,True,15,False,Guarniciones,Guarniciones - Cubos,Forma estable,Cubos de brocoli,Forma,independiente
BR0067,pallet,False,3.0x400.0x266.63x256.0,3.0x400.0x266.63x256.0,True,31,False,Bastones clasicos,Bastones clasicos - Sigilo,Forma estable,Tiras para dip de brocoli,Forma,independiente
BR0068,pallet,False,3.0x400.0x300.0x225.0,3.0x400.0x300.0x212.38,False,32,False,Bastones clasicos,Bastones clasicos - Sigilo,Forma estable,Espirales de brocoli,Forma,independiente
BR0069,pallet,False,3.0x400.0x274.08x225.0,3.0x400.0x274.08x225.0,True,27,False,Bastones clasicos,Bastones clasicos - Reserva Privada,Estacional,Bastones rectos de brocoli,Medio,independiente
BR0070,pallet,False,3.0x400.0x277.27x200.0,3.0x400.0x277.27x200.0,True,12,False,Bastones clasicos,Bastones clasicos - Reserva Privada,Estacional,Bastones rectos de brocoli,Medio,independiente
BR0071,pallet,False,3.0x400.0x274.08x225.0,3.0x400.0x274.08x225.0,True,27,False,Bastones clasicos,Bastones clasicos - Legumes Frites,Estacional,Bastones rectos de brocoli,Medio,independiente
BR0072,pallet,False,3.0x400.0x274.08x225.0,3.0x400.0x274.08x225.0,True,27,False,Bastones clasicos,Bastones clasicos - Legumes Frites,Estacional,Bastones rectos de brocoli,Medio,independiente
BR0073,pallet,False,3.0x400.0x300.0x179.4,3.0x400.0x277.27x180.0,False,36,False,Bastones clasicos,Bastones clasicos - Sigilo,Estacional,Bastones rectos de brocoli,Grueso,independiente
BR0074,pallet,False,3.0x400.0x300.0x257.14,3.0x400.0x300.0x257.14,True,36,False,Bastones clasicos,Bastones clasicos - Sigilo,Forma estable,Brocoli en rejilla,Forma,independiente
BR0075,pallet,False,3.0x400.0x300.0x271.95,3.0x400.0x300.0x271.95,True,18,False,Bastones clasicos,Bastones clasicos - Sigilo,Forma estable,Espirales de brocoli,Forma,independiente
BR0076,pallet,False,3.0x400.0x277.27x163.63,3.0x400.0x277.27x163.63,True,6,False,Snacks y aperitivos,Snacks y aperitivos - Queso,Co-produccion,Bocados de brocoli con queso crema,Forma,independiente
BR0077,pallet,False,3.0x400.0x300.0x257.14,3.0x400.0x300.0x257.14,True,36,False,Bastones clasicos,Bastones clasicos - Sigilo,Forma estable,Espirales de brocoli,Forma,independiente
BR0078,pallet,False,3.0x400.0x300.0x271.95,3.0x400.0x300.0x271.95,True,18,False,Bastones clasicos,Bastones clasicos - Sigilo,Forma estable,Espirales de brocoli,Forma,independiente
BR0079,pallet,False,3.0x400.0x277.27x256.0,3.0x400.0x277.27x256.0,True,8,False,Bastones clasicos,Bastones clasicos - Sigilo,Forma estable,Espirales de brocoli,Forma,independiente
BR0080,pallet,False,3.0x399.0x261.0x276.0,3.0x399.0x261.0x276.0,True,4,False,Bastones clasicos,Bastones clasicos - Sigilo,Forma estable,Brocoli en rejilla,Forma,independiente
BR0081,pallet,False,3.0x400.0x277.27x298.55,3.0x400.0x277.27x298.55,True,7,False,Bastones clasicos,Bastones clasicos - Sigilo,Forma estable,Tiras para dip de brocoli,Forma,independiente
BR0082,pallet,False,3.0x400.0x300.0x300.0,3.0x400.0x300.0x288.97,False,26,False,Bastones clasicos,Bastones clasicos - Sigilo,Forma estable,Brocoli en rejilla,Forma,independiente
BR0083,pallet,False,3.0x400.0x300.0x271.95,3.0x400.0x300.0x271.95,True,18,False,Bastones clasicos,Bastones clasicos - Sigilo,Forma estable,Espirales de brocoli,Forma,independiente
BR0084,pallet,False,3.0x400.0x277.27x256.0,3.0x400.0x277.27x256.0,True,8,False,Bastones clasicos,Bastones clasicos - Sigilo,Forma estable,Espirales de brocoli,Forma,independiente
BR0085,pallet,False,3.0x399.0x261.0x276.0,3.0x399.0x261.0x276.0,True,4,False,Bastones clasicos,Bastones clasicos - Sigilo,Forma estable,Brocoli en rejilla,Forma,independiente
BR0086,pallet,False,3.0x400.0x240.0x244.29,3.0x400.0x240.0x244.29,True,5,False,Bastones clasicos,Bastones clasicos - Sigilo,Estacional,Bastones rectos de brocoli,Medio,independiente
BR0087,pallet,False,3.0x400.0x240.0x233.65,3.0x400.0x240.0x233.65,True,8,False,Bastones clasicos,Bastones clasicos - Sigilo,Forma estable,Tiras para dip de brocoli,Forma,independiente
BR0088,pallet,False,3.0x400.0x266.63x256.0,3.0x400.0x266.63x256.0,True,31,False,Bastones clasicos,Bastones clasicos - Sigilo,Estacional,Bastones rectos de brocoli,Medio,independiente
BR0089,pallet,False,3.0x400.0x266.63x256.0,3.0x400.0x240.0x254.93,False,31,False,Bastones clasicos,Bastones clasicos - Sigilo,Forma estable,Corte rustico de brocoli,Forma,independiente
BR0090,pallet,False,3.0x400.0x240.0x233.65,3.0x400.0x240.0x233.65,True,8,False,Bastones clasicos,Bastones clasicos - Reserva Privada,Estacional,Bastones rectos de brocoli,Medio,independiente
BR0091,pallet,False,3.0x400.0x267.7x199.61,3.0x400.0x267.7x199.61,True,18,False,Bastones clasicos,Bastones clasicos - Reserva Privada,Estacional,Bastones rectos de brocoli,Medio,independiente
BR0092,pallet,False,3.0x400.0x266.63x256.0,3.0x400.0x266.63x256.0,True,31,False,Bastones clasicos,Bastones clasicos - Reserva Privada,Estacional,Bastones rectos de brocoli,Fino,independiente
BR0092XL,pallet,False,3.0x400.0x300.0x234.72,3.0x400.0x300.0x234.72,True,10,False,Bastones clasicos,Bastones clasicos - Reserva Privada,Estacional,Bastones rectos de brocoli,Fino,independiente
BR0093,pallet,False,3.0x400.0x266.63x256.0,3.0x400.0x266.63x256.0,True,31,False,Bastones clasicos,Bastones clasicos - Reserva Privada,Estacional,Bastones rectos de brocoli,Fino,independiente
BR0094,pallet,False,3.0x400.0x274.08x225.0,3.0x400.0x274.08x225.0,True,27,False,Bastones clasicos,Bastones clasicos - Reserva Privada,Estacional,Bastones rectos de brocoli,Medio,independiente
BR0095,pallet,False,3.0x400.0x274.08x225.0,3.0x400.0x274.08x225.0,True,27,False,Bastones clasicos,Bastones clasicos - Reserva Privada,Estacional,Bastones rectos de brocoli,Medio,independiente
BR0096,pallet,False,3.0x400.0x277.27x200.0,3.0x400.0x277.27x200.0,True,12,False,Bastones clasicos,Bastones clasicos - Reserva Privada,Estacional,Bastones rectos de brocoli,Medio,independiente
BR0097,pallet,False,3.0x400.0x267.7x199.61,3.0x400.0x267.7x199.61,True,18,False,Bastones clasicos,Bastones clasicos - Reserva Privada,Estacional,Bastones rectos de brocoli,Medio,independiente
BR0098,pallet,False,3.0x400.0x274.08x225.0,3.0x400.0x274.08x225.0,True,27,False,Bastones clasicos,Bastones clasicos - Reserva Privada,Estacional,Bastones rectos de brocoli,Corte steak,independiente
BR0099,pallet,False,3.0x400.0x267.7x199.61,3.0x400.0x267.7x199.61,True,18,False,Bastones clasicos,Bastones clasicos - Reserva Privada,Estacional,Bastones rectos de brocoli,Corte steak,independiente
BR0100,pallet,False,3.0x400.0x300.0x179.4,3.0x400.0x300.0x174.08,False,36,False,Bastones clasicos,Bastones clasicos - Legumes Frites,Estacional,Bastones rectos de brocoli,Medio,independiente
BR0101,pallet,False,3.0x400.0x300.0x179.4,3.0x400.0x300.0x174.08,False,36,False,Bastones clasicos,Bastones clasicos - Legumes Frites,Estacional,Bastones rectos de brocoli,Medio,independiente
BR0102,pallet,False,3.0x394.0x294.0x195.0,3.0x394.0x294.0x195.0,True,3,False,Bastones clasicos,Bastones clasicos - Legumes Frites,Estacional,Bastones rectos de brocoli,Medio,independiente
BR0103,pallet,False,3.0x400.0x300.0x200.0,3.0x400.0x300.0x200.0,True,25,False,Bastones clasicos,Bastones clasicos - Legumes Frites,Estacional,Bastones rectos de brocoli,Fino,independiente
BR0104,pallet,False,3.0x400.0x300.0x200.0,3.0x400.0x300.0x200.0,True,25,False,Bastones clasicos,Bastones clasicos - Legumes Frites,Estacional,Bastones rectos de brocoli,Fino,independiente
BR0105,pallet,False,3.0x400.0x300.0x179.4,3.0x400.0x300.0x179.4,True,36,False,Bastones clasicos,Bastones clasicos - Legumes Frites,Estacional,Bastones rectos de brocoli,Medio,independiente
BR0106,pallet,False,3.0x400.0x274.08x225.0,3.0x400.0x274.08x225.0,True,27,False,Bastones extra crocantes,Bastones extra crocantes - Atelier Frites,Estacional,Bastones rectos de brocoli,Grueso,independiente
BR0107,pallet,False,3.0x400.0x266.63x256.0,3.0x400.0x266.63x256.0,True,31,False,Bastones clasicos,Bastones clasicos - Legumes Frites,Estacional,Bastones rectos de brocoli,Medio,independiente
BR0108,pallet,False,3.0x397.0x298.0x322.0,3.0x397.0x298.0x322.0,True,3,False,Bastones clasicos,Bastones clasicos - Reserva Privada,Forma estable,Brocoli en rejilla,Forma,independiente
BR0109,pallet,False,3.0x397.0x298.0x322.0,3.0x397.0x298.0x322.0,True,3,False,Bastones clasicos,Bastones clasicos - Sigilo,Forma estable,Espirales de brocoli,Forma,independiente
BR0110,pallet,False,3.0x400.0x274.08x225.0,3.0x400.0x274.08x225.0,True,27,False,Bastones clasicos,Bastones clasicos - Reserva Privada,Estacional,Bastones rectos de brocoli,Medio,independiente
BR0111,pallet,False,3.0x400.0x277.27x200.0,3.0x400.0x277.27x200.0,True,12,False,Bastones clasicos,Bastones clasicos - Reserva Privada,Estacional,Bastones rectos de brocoli,Medio,independiente
BR0112,pallet,False,3.0x400.0x274.08x225.0,3.0x400.0x274.08x225.0,True,27,False,Bastones clasicos,Bastones clasicos - Reserva Privada,Estacional,Bastones rectos de brocoli,Corte steak,independiente
BR0113,pallet,False,3.0x400.0x300.0x300.0,3.0x400.0x277.27x298.55,False,26,False,Bastones clasicos,Bastones clasicos - Legumes Frites,Estacional,Bastones rectos de brocoli,Grueso,independiente
BR0114,pallet,False,3.0x400.0x300.0x271.95,3.0x400.0x300.0x271.95,True,18,False,Guarniciones,Guarniciones - Tortitas,Forma estable,Tortitas de brocoli,Forma,independiente
BR0115,pallet,False,3.0x400.0x277.27x298.55,3.0x400.0x277.27x298.55,True,7,False,Bastones clasicos,Bastones clasicos - Sigilo,Forma estable,Brocoli en rejilla,Forma,independiente
BR0116,pallet,False,3.0x400.0x300.0x163.44,3.0x400.0x300.0x163.44,True,15,False,Bastones clasicos,Bastones clasicos - Sigilo,Forma estable,Gajos de brocoli,Forma,independiente
BR0117,pallet,False,3.0x400.0x300.0x257.14,3.0x400.0x300.0x257.14,True,36,False,Bastones clasicos,Bastones clasicos - Sigilo,Forma estable,Espirales de brocoli,Forma,independiente
BR0118,pallet,False,3.0x400.0x300.0x234.72,3.0x400.0x300.0x234.72,True,10,False,Bastones clasicos,Bastones clasicos - Sigilo,Forma estable,Espirales de brocoli,Forma,independiente
BR0119,pallet,False,3.0x400.0x300.0x200.0,3.0x400.0x300.0x200.0,True,25,False,Bastones clasicos,Bastones clasicos - Sigilo,Estacional,Bastones rectos de brocoli,Medio,independiente
BR0120,pallet,False,3.0x400.0x300.0x225.0,3.0x400.0x300.0x212.38,False,32,False,Guarniciones,Guarniciones - Legumes Croquetas,Forma estable,Rosti de brocoli,Forma,independiente
BR0121,pallet,False,3.0x400.0x300.0x342.17,3.0x400.0x300.0x342.17,True,2,False,Bastones clasicos,Bastones clasicos - Sigilo,Forma estable,Brocoli en rejilla,Forma,independiente
BR0122,pallet,False,3.0x400.0x300.0x376.21,3.0x400.0x300.0x376.21,True,2,False,Bastones clasicos,Bastones clasicos - Sigilo,Forma estable,Espirales de brocoli,Forma,independiente
BR0123,pallet,False,3.0x400.0x300.0x300.0,3.0x400.0x300.0x271.95,False,26,False,Bastones clasicos,Bastones clasicos - Sigilo,Forma estable,Brocoli zigzag,Forma,independiente
BR0124,pallet,False,3.0x400.0x300.0x376.21,3.0x400.0x300.0x376.21,True,2,False,Bastones clasicos,Bastones clasicos - Sigilo,Forma estable,Espirales de brocoli,Forma,independiente
BR0125,pallet,False,3.0x400.0x300.0x200.0,3.0x400.0x300.0x200.0,True,25,False,Bastones clasicos,Bastones clasicos - Reserva Privada,Forma estable,Gajos de brocoli,Forma,independiente
BR0126,pallet,False,3.0x400.0x300.0x257.14,3.0x400.0x300.0x244.29,False,36,False,Bastones clasicos,Bastones clasicos - Legumes Frites,Estacional,Bastones rectos de brocoli,Fino,independiente
BR0127,pallet,False,3.0x400.0x300.0x200.0,3.0x400.0x300.0x200.0,True,25,False,Bastones clasicos,Bastones clasicos - Reserva Privada,Forma estable,Gajos de brocoli,Forma,independiente
BR0128,pallet,False,3.0x400.0x274.08x225.0,3.0x400.0x274.08x225.0,True,27,False,Bastones clasicos,Bastones clasicos - Reserva Privada,Estacional,Bastones rectos de brocoli,Corte steak,independiente
BR0129,pallet,False,3.0x400.0x274.08x225.0,3.0x400.0x274.08x225.0,True,27,False,Bastones clasicos,Bastones clasicos - Legumes Frites,Estacional,Bastones rectos de brocoli,Medio,independiente
BR0130,pallet,False,3.0x400.0x300.0x271.95,3.0x400.0x300.0x271.95,True,18,False,Bastones clasicos,Bastones clasicos - Sigilo,Forma estable,Espirales de brocoli,Forma,independiente
BR0131,pallet,False,3.0x400.0x300.0x271.95,3.0x400.0x300.0x271.95,True,18,False,Bastones clasicos,Bastones clasicos - Sigilo,Estacional,Bastones rectos de brocoli,Grueso,independiente
BR0132,pallet,False,3.0x400.0x240.0x248.55,3.0x400.0x240.0x248.55,True,12,False,Guarniciones,Guarniciones - Legumes Croquetas,Forma estable,Croquetas de brocoli,Forma,independiente
BR0133,pallet,False,3.0x400.0x240.0x248.55,3.0x400.0x240.0x248.55,True,12,False,Guarniciones,Guarniciones - Legumes Croquetas,Forma estable,Croquetas de brocoli,Forma,independiente
BR0134,pallet,False,3.0x400.0x300.0x271.95,3.0x400.0x300.0x271.95,True,18,False,Bastones clasicos,Bastones clasicos - Sigilo,Estacional,Bastones rectos de brocoli,Medio,independiente
BR0135,pallet,False,3.0x400.0x300.0x271.95,3.0x400.0x300.0x271.95,True,18,False,Bastones clasicos,Bastones clasicos - Legumes Frites,Estacional,Bastones rectos de brocoli,Fino,independiente
BR0136,pallet,False,3.0x400.0x300.0x300.0,3.0x400.0x300.0x271.95,False,26,False,Bastones clasicos,Bastones clasicos - Reserva Privada,Estacional,Bastones rectos de brocoli,Medio,independiente
BR0136XL,pallet,False,3.0x400.0x300.0x300.0,3.0x400.0x277.27x298.55,False,26,False,Bastones clasicos,Bastones clasicos - Reserva Privada,Estacional,Bastones rectos de brocoli,Medio,independiente
BR0137,pallet,False,3.0x400.0x277.27x298.55,3.0x400.0x277.27x298.55,True,7,False,Bastones clasicos,Bastones clasicos - Reserva Privada,Estacional,Bastones rectos de brocoli,Fino,independiente
BR0138,pallet,False,3.0x400.0x240.0x159.19,3.0x400.0x240.0x159.19,True,6,False,Guarniciones,Guarniciones - Legumes Croquetas,Forma estable,Rosti de brocoli,Forma,independiente
BR0139,pallet,False,3.0x400.0x300.0x288.97,3.0x400.0x300.0x288.97,True,4,False,Bastones clasicos,Bastones clasicos - Reserva Privada,Forma estable,Rodajas de brocoli,Forma,independiente
BR0140,pallet,False,3.0x400.0x300.0x257.14,3.0x400.0x300.0x234.72,False,36,False,Bastones clasicos,Bastones clasicos - Sigilo,Forma estable,Brocoli en rejilla,Forma,independiente
BR0141,pallet,False,3.0x400.0x300.0x257.14,3.0x400.0x300.0x234.72,False,36,False,Bastones clasicos,Bastones clasicos - Sigilo,Forma estable,Brocoli en rejilla,Forma,independiente
BR0142,pallet,False,3.0x400.0x300.0x342.17,3.0x400.0x269.82x344.29,False,2,False,Bastones clasicos,Bastones clasicos - Sigilo,Forma estable,Brocoli en rejilla,Forma,independiente
BR0143,pallet,False,3.0x400.0x300.0x257.14,3.0x400.0x300.0x257.14,True,36,False,Bastones clasicos,Bastones clasicos - Reserva Privada,Estacional,Bastones rectos de brocoli,Fino,independiente
BR0144,pallet,False,3.0x400.0x300.0x234.72,3.0x400.0x274.08x225.0,False,10,False,Bastones clasicos,Bastones clasicos - Reserva Privada,Estacional,Bastones rectos de brocoli,Fino,independiente
BR0145,pallet,False,3.0x400.0x300.0x179.4,3.0x400.0x300.0x179.4,True,36,False,Bastones clasicos,Bastones clasicos - Reserva Privada,Estacional,Bastones rectos de brocoli,Medio,independiente
BR0146,pallet,False,3.0x400.0x300.0x179.4,3.0x400.0x300.0x179.4,True,36,False,Bastones clasicos,Bastones clasicos - Reserva Privada,Estacional,Bastones rectos de brocoli,Corte steak,independiente
BR0147,pallet,False,3.0x400.0x300.0x225.0,3.0x400.0x300.0x225.0,True,32,False,Bastones clasicos,Bastones clasicos - Sigilo,Estacional,Bastones rectos de brocoli,Fino,independiente
BR0148,pallet,False,3.0x400.0x300.0x200.0,3.0x394.0x294.0x195.0,False,25,False,Bastones clasicos,Bastones clasicos - Sigilo,Estacional,Bastones rectos de brocoli,Medio,independiente
BR0149,pallet,False,3.0x400.0x300.0x179.4,3.0x400.0x300.0x174.08,False,36,False,Bastones clasicos,Bastones clasicos - Sigilo,Estacional,Bastones rectos de brocoli,Grueso,independiente
BR0150,pallet,False,3.0x400.0x300.0x200.0,3.0x400.0x300.0x190.04,False,25,False,Bastones clasicos,Bastones clasicos - Sigilo,Estacional,Bastones rectos de brocoli,Medio,independiente
BR0151,pallet,False,3.0x400.0x300.0x225.0,3.0x400.0x300.0x225.0,True,32,False,Bastones clasicos,Bastones clasicos - Sigilo,Forma estable,Brocoli zigzag,Forma,independiente
BR0152,pallet,False,3.0x400.0x300.0x212.38,3.0x400.0x300.0x212.38,True,12,False,Bastones clasicos,Bastones clasicos - Sigilo,Estacional,Bastones rectos de brocoli,Medio,independiente
BR0153,pallet,False,3.0x400.0x300.0x244.29,3.0x400.0x300.0x234.72,False,3,False,Bastones clasicos,Bastones clasicos - Sigilo,Forma estable,Brocoli zigzag,Forma,independiente
BR0154,pallet,False,3.0x400.0x300.0x225.0,3.0x400.0x300.0x225.0,True,32,False,Bastones clasicos,Bastones clasicos - Sigilo,Estacional,Bastones rectos de brocoli,Fino,independiente
BR0155,pallet,False,3.0x400.0x300.0x212.38,3.0x400.0x300.0x212.38,True,12,False,Bastones clasicos,Bastones clasicos - Sigilo,Forma estable,Corte rustico de brocoli,Forma,independiente
BR0156,pallet,False,3.0x400.0x300.0x179.4,3.0x400.0x300.0x174.08,False,36,False,Bastones clasicos,Bastones clasicos - Sigilo,Estacional,Bastones rectos de brocoli,Medio,independiente
BR0157,pallet,False,3.0x400.0x300.0x257.14,3.0x400.0x300.0x257.14,True,36,False,Bastones clasicos,Bastones clasicos - Sigilo,Forma estable,Espirales de brocoli,Forma,independiente
BR0158,pallet,False,3.0x400.0x277.27x180.0,3.0x400.0x277.27x180.0,True,8,False,Guarniciones,Guarniciones - Cubos,Forma estable,Cubos de brocoli,Forma,independiente
BR0159,pallet,False,3.0x400.0x300.0x163.44,3.0x400.0x300.0x163.44,True,15,False,Bastones clasicos,Bastones clasicos - Sigilo,Forma estable,Gajos de brocoli,Forma,independiente
BR0160,pallet,False,3.0x400.0x300.0x163.44,3.0x400.0x300.0x163.44,True,15,False,Bastones clasicos,Bastones clasicos - Sigilo,Forma estable,Gajos de brocoli,Forma,independiente
BR0161,pallet,False,3.0x400.0x300.0x200.0,3.0x394.0x294.0x195.0,False,25,False,Brocoli especial,Brocoli especial - Bastones Especiales,Estacional,Bastones rectos de brocoli,Corte steak,independiente
BR0162,pallet,False,3.0x400.0x300.0x225.0,3.0x400.0x300.0x225.0,True,32,False,Guarniciones,Guarniciones - Tortitas,Forma estable,Tortitas de brocoli,Forma,independiente
BR0163,pallet,False,3.0x400.0x300.0x225.0,3.0x400.0x300.0x212.38,False,32,False,Bastones clasicos,Bastones clasicos - Sigilo,Forma estable,Dippers de brocoli,Forma,independiente
BR0164,pallet,False,3.0x400.0x300.0x150.0,3.0x400.0x300.0x150.0,True,7,False,Guarniciones,Guarniciones - Cubos,Forma estable,Cubos de brocoli,Forma,independiente
BR0165,pallet,False,3.0x400.0x300.0x200.0,3.0x394.0x294.0x195.0,False,25,False,Guarniciones,Guarniciones - Tortitas,Forma estable,Mini tortitas de brocoli,Forma,independiente
BR0166,pallet,False,3.0x400.0x300.0x150.0,3.0x400.0x300.0x150.0,True,7,False,Snacks y aperitivos,Snacks y aperitivos - Queso,Co-produccion,Bocados de brocoli con mozzarella,Forma,independiente
BR0167,pallet,False,3.0x400.0x300.0x163.44,3.0x400.0x300.0x163.44,True,15,False,Snacks y aperitivos,Snacks y aperitivos - Queso,Co-produccion,Bocados de brocoli con queso cheddar,Forma,independiente
BR0168,pallet,False,3.0x400.0x300.0x200.0,3.0x400.0x300.0x200.0,True,25,False,Snacks y aperitivos,Snacks y aperitivos - Aros y Vegetales,Co-produccion,Aros de brocoli,Forma,independiente
BR0169,pallet,False,3.0x400.0x300.0x225.0,3.0x400.0x274.08x225.0,False,32,False,Guarniciones,Guarniciones - Tortitas,Forma estable,Rosti de brocoli,Forma,independiente
BR0170,pallet,False,3.0x400.0x300.0x150.0,3.0x400.0x300.0x150.0,True,7,False,Snacks y aperitivos,Snacks y aperitivos - Queso,Co-produccion,Bocados de brocoli con queso cheddar,Forma,independiente
BR0171,pallet,False,3.0x400.0x300.0x163.44,3.0x400.0x300.0x163.44,True,15,False,Bastones clasicos,Bastones clasicos - Sigilo,Forma estable,Gajos de brocoli,Forma,independiente
BR0172,pallet,False,3.0x400.0x300.0x225.0,3.0x400.0x300.0x225.0,True,32,False,Bastones clasicos,Bastones clasicos - Sigilo,Forma estable,Dippers de brocoli,Forma,independiente
BR0173,pallet,False,3.0x400.0x300.0x225.0,3.0x400.0x274.08x225.0,False,32,False,Bastones clasicos,Bastones clasicos - Sigilo,Estacional,Bastones rectos de brocoli,Medio,independiente
BR0174,pallet,False,3.0x400.0x300.0x163.44,3.0x400.0x300.0x163.44,True,15,False,Bastones clasicos,Bastones clasicos - Sigilo,Forma estable,Gajos de brocoli,Forma,independiente
BR0175,pallet,False,3.0x400.0x300.0x300.0,3.0x400.0x300.0x288.97,False,26,False,Bastones clasicos,Bastones clasicos - Sigilo,Forma estable,Brocoli en rejilla,Forma,independiente
BR0176,pallet,False,3.0x400.0x277.27x163.63,3.0x400.0x277.27x163.63,True,6,False,Snacks y aperitivos,Snacks y aperitivos - Queso,Co-produccion,Bocados de brocoli con queso cheddar,Forma,independiente
BR0177,pallet,False,3.0x400.0x277.27x163.63,3.0x400.0x277.27x163.63,True,6,False,Snacks y aperitivos,Snacks y aperitivos - Queso,Co-produccion,Bocados de brocoli con mozzarella,Forma,independiente
BR0178,pallet,False,3.0x400.0x271.95x163.63,3.0x400.0x271.95x163.63,True,2,False,Snacks y aperitivos,Snacks y aperitivos - Queso,Co-produccion,Bocados de brocoli con queso cheddar,Forma,independiente
BR0179,pallet,False,3.0x400.0x300.0x150.0,3.0x400.0x300.0x150.0,True,7,False,Snacks y aperitivos,Snacks y aperitivos - Queso,Co-produccion,Bocados de brocoli con queso suizo,Forma,independiente
BR0180,pallet,False,3.0x400.0x277.27x163.63,3.0x400.0x277.27x163.63,True,6,False,Snacks y aperitivos,Snacks y aperitivos - Queso,Co-produccion,Bocados de brocoli con queso crema,Forma,independiente
BR0181,pallet,False,3.0x400.0x277.27x163.63,3.0x400.0x277.27x163.63,True,6,False,Snacks y aperitivos,Snacks y aperitivos - Queso,Co-produccion,Bocados de brocoli con queso cheddar,Forma,independiente
BR0182,pallet,False,3.0x400.0x300.0x257.14,3.0x400.0x300.0x257.14,True,36,False,Brocoli especial,Brocoli especial - Bastones Especiales,Estacional,Bastones rectos de brocoli,Corte steak,independiente
BR0183,pallet,False,3.0x400.0x274.08x225.0,3.0x400.0x274.08x225.0,True,27,False,Bastones clasicos,Bastones clasicos - Sigilo,Estacional,Bastones rectos de brocoli,Corte steak,independiente
BR0184,pallet,False,3.0x400.0x300.0x200.0,3.0x400.0x300.0x200.0,True,25,False,Bastones clasicos,Bastones clasicos - Cielo,Estacional,Bastones rectos de brocoli,Medio,independiente
BR0185,pallet,False,3.0x400.0x277.27x298.55,3.0x400.0x269.82x300.0,False,7,False,Bastones clasicos,Bastones clasicos - Sigilo,Forma estable,Brocoli zigzag,Forma,independiente
BR0186,pallet,False,3.0x400.0x300.0x212.38,3.0x400.0x300.0x212.38,True,12,False,Bastones clasicos,Bastones clasicos - Sigilo,Forma estable,Mix crujiente de brocoli,Forma,independiente
BR0187,pallet,False,3.0x400.0x269.82x300.0,3.0x400.0x269.82x300.0,True,6,False,Bastones clasicos,Bastones clasicos - Cielo,Estacional,Bastones rectos de brocoli,Medio,independiente
BR0188,pallet,False,3.0x400.0x300.0x200.0,3.0x400.0x300.0x200.0,True,25,False,Brocoli especial,Brocoli especial - Bastones Especiales,Estacional,Bastones rectos de brocoli,Corte steak,independiente
BR0189,pallet,False,3.0x400.0x266.63x256.0,3.0x400.0x266.63x256.0,True,31,False,Bastones clasicos,Bastones clasicos - Sigilo,Forma estable,Corte rustico de brocoli,Forma,independiente
BR0190,pallet,False,3.0x400.0x266.63x256.0,3.0x400.0x266.63x256.0,True,31,False,Bastones clasicos,Bastones clasicos - Sigilo,Forma estable,Corte rustico de brocoli,Forma,independiente
BR0191,pallet,False,3.0x400.0x274.08x225.0,3.0x400.0x274.08x225.0,True,27,False,Bastones clasicos,Bastones clasicos - Sigilo,Estacional,Bastones rectos de brocoli,Medio,independiente
BR0192,pallet,False,3.0x400.0x267.7x199.61,3.0x400.0x267.7x199.61,True,18,False,Bastones clasicos,Bastones clasicos - Sigilo,Estacional,Bastones rectos de brocoli,Grueso,independiente
BR0193,pallet,False,3.0x400.0x269.82x300.0,3.0x400.0x269.82x300.0,True,6,False,Bastones clasicos,Bastones clasicos - Sigilo,Forma estable,Brocoli zigzag,Forma,independiente
BR0194,pallet,False,3.0x400.0x300.0x300.0,3.0x400.0x300.0x300.0,True,26,False,Brocoli especial,Brocoli especial - Bastones Especiales,Estacional,Bastones rectos de brocoli,Fino,independiente
BR0195,pallet,False,3.0x400.0x300.0x300.0,3.0x400.0x300.0x300.0,True,26,False,Bastones clasicos,Bastones clasicos - Sigilo,Estacional,Bastones rectos de brocoli,Medio,independiente
BR0196,pallet,False,3.0x400.0x300.0x271.95,3.0x400.0x300.0x271.95,True,18,False,Bastones clasicos,Bastones clasicos - Sigilo,Estacional,Bastones rectos de brocoli,Grueso,independiente
BR0197,pallet,False,3.0x400.0x300.0x200.0,3.0x400.0x300.0x200.0,True,25,False,Bastones clasicos,Bastones clasicos - Legumes Frites,Estacional,Bastones rectos de brocoli,Fino,independiente
BR0198,pallet,False,3.0x400.0x277.27x200.0,3.0x400.0x277.27x200.0,True,12,False,Bastones clasicos,Bastones clasicos - Legumes Frites,Estacional,Bastones rectos de brocoli,Medio,independiente
BR0199,pallet,False,3.0x400.0x300.0x225.0,3.0x400.0x300.0x225.0,True,32,False,Bastones clasicos,Bastones clasicos - Legumes Frites,Estacional,Bastones rectos de brocoli,Medio,independiente
BR0200,pallet,False,3.0x400.0x300.0x179.4,3.0x400.0x300.0x174.08,False,36,False,Bastones clasicos,Bastones clasicos - Legumes Frites,Estacional,Bastones rectos de brocoli,Medio,independiente
BR0201,pallet,False,3.0x400.0x300.0x225.0,3.0x400.0x300.0x225.0,True,32,False,Bastones clasicos,Bastones clasicos - Legumes Frites,Estacional,Bastones rectos de brocoli,Corte steak,independiente
BR0202,pallet,False,3.0x400.0x300.0x179.4,3.0x400.0x300.0x174.08,False,36,False,Bastones clasicos,Bastones clasicos - Legumes Frites,Estacional,Bastones rectos de brocoli,Corte steak,independiente
BR0203,pallet,False,3.0x400.0x274.08x225.0,3.0x400.0x274.08x225.0,True,27,False,Bastones clasicos,Bastones clasicos - Legumes Frites Salados,Estacional,Bastones rectos de brocoli,Medio,independiente
BR0204,pallet,False,3.0x400.0x274.08x225.0,3.0x400.0x274.08x225.0,True,27,False,Bastones clasicos,Bastones clasicos - Legumes Frites Salados,Estacional,Bastones rectos de brocoli,Fino,independiente
BR0205,pallet,False,3.0x400.0x300.0x225.0,3.0x400.0x300.0x225.0,True,32,False,Bastones extra crocantes,Bastones extra crocantes - Muy Crocantes,Estacional,Bastones rectos de brocoli,Fino,independiente
BR0206,pallet,False,3.0x400.0x300.0x200.0,3.0x400.0x300.0x200.0,True,25,False,Bastones extra crocantes,Bastones extra crocantes - Muy Crocantes,Estacional,Bastones rectos de brocoli,Medio,independiente
BR0207,pallet,False,3.0x400.0x300.0x200.0,3.0x400.0x300.0x200.0,True,25,False,Bastones extra crocantes,Bastones extra crocantes - Muy Crocantes,Estacional,Bastones rectos de brocoli,Medio,independiente
BR0208,pallet,False,3.0x400.0x266.63x256.0,3.0x400.0x266.63x256.0,True,31,False,Bastones extra crocantes,Bastones extra crocantes - Muy Crocantes,Estacional,Bastones rectos de brocoli,Medio,independiente
BR0209,pallet,False,3.0x400.0x300.0x179.4,3.0x400.0x300.0x179.4,True,36,False,Bastones clasicos,Bastones clasicos - Reserva Privada,Estacional,Bastones rectos de brocoli,Grueso,independiente
BR0209XL,pallet,False,3.0x400.0x300.0x200.0,3.0x400.0x277.27x200.0,False,25,False,Bastones clasicos,Bastones clasicos - Reserva Privada,Estacional,Bastones rectos de brocoli,Grueso,independiente
BR0210,pallet,False,3.0x400.0x300.0x179.4,3.0x400.0x300.0x174.08,False,36,False,Bastones clasicos,Bastones clasicos - Reserva Privada,Estacional,Bastones rectos de brocoli,Grueso,independiente
BR0211,pallet,False,3.0x400.0x300.0x179.4,3.0x400.0x300.0x174.08,False,36,False,Bastones clasicos,Bastones clasicos - Reserva Privada,Estacional,Bastones rectos de brocoli,Grueso,independiente
BR0212,pallet,False,3.0x400.0x291.1x360.0,3.0x400.0x291.1x360.0,True,3,False,Bastones clasicos,Bastones clasicos - Sigilo,Forma estable,Brocoli zigzag,Forma,independiente
BR0213,pallet,False,3.0x400.0x300.0x212.38,3.0x400.0x300.0x212.38,True,12,False,Bastones clasicos,Bastones clasicos - Sigilo,Forma estable,Espirales de brocoli,Forma,independiente
BR0214,pallet,False,3.0x394.0x294.0x195.0,3.0x394.0x294.0x195.0,True,3,False,Bastones clasicos,Bastones clasicos - Sigilo,Estacional,Bastones rectos de brocoli,Forma,independiente
BR0215,pallet,False,3.0x394.0x294.0x195.0,3.0x394.0x294.0x195.0,True,3,False,Bastones clasicos,Bastones clasicos - Sigilo,Forma estable,Brocoli en rejilla,Forma,independiente
BR0216,pallet,False,3.0x400.0x277.27x163.63,3.0x400.0x277.27x163.63,True,6,False,Bastones clasicos,Bastones clasicos - Sigilo,Forma estable,Tiras para dip de brocoli,Forma,independiente
BR0217,pallet,False,3.0x400.0x300.0x174.08,3.0x400.0x300.0x174.08,True,3,False,Bastones clasicos,Bastones clasicos - Sigilo,Forma estable,Brocoli zigzag,Forma,independiente
BR0218,pallet,False,3.0x400.0x300.0x179.4,3.0x400.0x300.0x174.08,False,36,False,Bastones clasicos,Bastones clasicos - Legumes Frites,Estacional,Bastones rectos de brocoli,Grueso,independiente
BR0219,pallet,False,3.0x400.0x300.0x174.08,3.0x400.0x300.0x174.08,True,3,False,Bastones clasicos,Bastones clasicos - Sigilo,Forma estable,Tiras para dip de brocoli,Forma,independiente
BR0220,pallet,False,3.0x400.0x277.27x180.0,3.0x400.0x277.27x180.0,True,8,False,Bastones clasicos,Bastones clasicos - Reserva Privada,Forma estable,Espirales de brocoli,Forma,independiente
BR0221,pallet,False,3.0x400.0x277.27x180.0,3.0x400.0x277.27x180.0,True,8,False,Bastones clasicos,Bastones clasicos - Sigilo,Forma estable,Espirales de brocoli,Forma,independiente
BR0222,pallet,False,3.0x400.0x277.27x200.0,3.0x400.0x267.7x199.61,False,12,False,Bastones clasicos,Bastones clasicos - Sigilo,Forma estable,Brocoli en rejilla,Forma,independiente
BR0223,pallet,False,3.0x400.0x277.27x180.0,3.0x400.0x277.27x180.0,True,8,False,Bastones clasicos,Bastones clasicos - Sigilo,Forma estable,Brocoli zigzag,Forma,independiente
BR0224,pallet,False,3.0x400.0x269.82x150.0,3.0x400.0x269.82x150.0,True,2,False,Bastones clasicos,Bastones clasicos - Sigilo,Forma estable,Dippers de brocoli,Forma,independiente
BR0225,pallet,False,3.0x400.0x269.82x150.0,3.0x400.0x269.82x150.0,True,2,False,Bastones clasicos,Bastones clasicos - Sigilo,Forma estable,Corte rustico de brocoli,Forma,independiente
BR0226,pallet,False,3.0x400.0x277.27x180.0,3.0x400.0x277.27x180.0,True,8,False,Bastones clasicos,Bastones clasicos - Sigilo,Estacional,Bastones rectos de brocoli,Medio,independiente
BR0227,pallet,False,3.0x400.0x240.0x196.42,3.0x400.0x240.0x196.42,True,4,False,Bastones clasicos,Bastones clasicos - Sigilo,Forma estable,Brocoli zigzag,Forma,independiente
BR0228,pallet,False,3.0x400.0x277.27x180.0,3.0x400.0x277.27x180.0,True,8,False,Bastones clasicos,Bastones clasicos - Sigilo,Estacional,Bastones rectos de brocoli,Fino,independiente
BR0229,pallet,False,3.0x400.0x267.7x199.61,3.0x400.0x267.7x199.61,True,18,False,Bastones clasicos,Bastones clasicos - Sigilo,Forma estable,Brocoli en rejilla,Forma,independiente
BR0230,pallet,False,3.0x400.0x300.0x150.0,3.0x400.0x300.0x150.0,True,7,False,Bastones clasicos,Bastones clasicos - Sigilo,Estacional,Bastones rectos de brocoli,Medio,independiente
BR0231,pallet,False,3.0x400.0x300.0x179.4,3.0x400.0x300.0x179.4,True,36,False,Bastones clasicos,Bastones clasicos - Sigilo,Estacional,Bastones rectos de brocoli,Fino,independiente
BR0232,pallet,False,3.0x400.0x300.0x257.14,3.0x400.0x300.0x257.14,True,36,False,Bastones clasicos,Bastones clasicos - Sigilo,Forma estable,Espirales de brocoli,Forma,independiente
BR0233,pallet,False,3.0x400.0x300.0x300.0,3.0x400.0x300.0x300.0,True,26,False,Bastones clasicos,Bastones clasicos - Sigilo,Forma estable,Brocoli en rejilla,Forma,independiente
BR0234,pallet,False,3.0x400.0x277.27x180.0,3.0x400.0x277.27x180.0,True,8,False,Guarniciones,Guarniciones - Cubos,Forma estable,Cubos de brocoli,Forma,independiente
BR0235,pallet,False,3.0x400.0x277.27x256.0,3.0x400.0x277.27x256.0,True,8,False,Guarniciones,Guarniciones - Tortitas,Forma estable,Tortitas de brocoli,Forma,independiente
BR0236,pallet,False,3.0x400.0x277.27x256.0,3.0x400.0x277.27x256.0,True,8,False,Guarniciones,Guarniciones - Tortitas,Forma estable,Rosti de brocoli,Forma,independiente
BR0237,pallet,False,3.0x400.0x300.0x244.29,3.0x400.0x300.0x234.72,False,3,False,Bastones clasicos,Bastones clasicos - Sigilo,Forma estable,Brocoli ondulado,Forma,independiente
BR0238,pallet,False,3.0x400.0x300.0x257.14,3.0x400.0x300.0x257.14,True,36,False,Bastones clasicos,Bastones clasicos - Sigilo,Estacional,Bastones rectos de brocoli,Fino,independiente
BR0239,pallet,False,3.0x400.0x266.63x256.0,3.0x400.0x266.63x256.0,True,31,False,Bastones clasicos,Bastones clasicos - Sigilo,Forma estable,Dippers de brocoli,Forma,independiente
BR0240,pallet,False,3.0x400.0x266.63x256.0,3.0x400.0x266.63x256.0,True,31,False,Bastones clasicos,Bastones clasicos - Sigilo,Forma estable,Dippers de brocoli,Forma,independiente
BR0241,pallet,False,3.0x400.0x300.0x257.14,3.0x400.0x300.0x244.29,False,36,False,Bastones clasicos,Bastones clasicos - Sigilo,Forma estable,Gajos de brocoli,Forma,independiente
BR0242,pallet,False,3.0x400.0x300.0x257.14,3.0x400.0x300.0x257.14,True,36,False,Bastones clasicos,Bastones clasicos - Reserva Privada,Forma estable,Rodajas de brocoli,Forma,independiente
BR0243,pallet,False,3.0x400.0x277.27x298.55,3.0x400.0x277.27x298.55,True,7,False,Bastones clasicos,Bastones clasicos - Sigilo,Forma estable,Brocoli en rejilla,Forma,independiente
BR0244,pallet,False,3.0x400.0x300.0x257.14,3.0x400.0x300.0x257.14,True,36,False,Bastones clasicos,Bastones clasicos - Sigilo,Forma estable,Espirales de brocoli,Forma,independiente
BR0245,pallet,False,3.0x400.0x240.0x254.93,3.0x400.0x240.0x244.29,False,5,False,Guarniciones,Guarniciones - Tortitas,Forma estable,Rosti de brocoli,Forma,independiente
BR0246,pallet,False,3.0x400.0x240.0x254.93,3.0x400.0x240.0x254.93,True,5,False,Snacks y aperitivos,Snacks y aperitivos - Base Brocoli,Forma estable,Bocaditos inflados de brocoli,Forma,independiente
BR0247,pallet,False,3.0x400.0x277.27x298.55,3.0x400.0x277.27x298.55,True,7,False,Bastones clasicos,Bastones clasicos - Reserva Privada,Estacional,Bastones rectos de brocoli,Fino,independiente
BR0248,pallet,False,3.0x400.0x269.82x344.29,3.0x400.0x269.82x344.29,True,3,False,Bastones clasicos,Bastones clasicos - Reserva Privada,Estacional,Bastones rectos de brocoli,Fino,independiente
BR0249,pallet,False,3.0x400.0x300.0x300.0,3.0x400.0x300.0x288.97,False,26,False,Bastones clasicos,Bastones clasicos - Reserva Privada,Estacional,Bastones rectos de brocoli,Fino,independiente
BR0250,pallet,False,3.0x400.0x300.0x288.97,3.0x400.0x300.0x288.97,True,4,False,Bastones clasicos,Bastones clasicos - Reserva Privada,Estacional,Bastones rectos de brocoli,Fino,independiente
BR0251,pallet,False,3.0x400.0x277.27x315.57,3.0x400.0x277.27x315.57,True,3,False,Bastones clasicos,Bastones clasicos - Reserva Privada,Estacional,Bastones rectos de brocoli,Fino,independiente
BR0252,pallet,False,3.0x400.0x277.27x315.57,3.0x400.0x277.27x315.57,True,3,False,Bastones clasicos,Bastones clasicos - Reserva Privada,Estacional,Bastones rectos de brocoli,Fino,independiente
BR0253,pallet,False,3.0x400.0x269.82x344.29,3.0x400.0x269.82x344.29,True,3,False,Bastones clasicos,Bastones clasicos - Reserva Privada,Estacional,Bastones rectos de brocoli,Fino,independiente
BR0254,pallet,False,3.0x400.0x269.82x344.29,3.0x400.0x269.82x344.29,True,3,False,Bastones clasicos,Bastones clasicos - Reserva Privada,Estacional,Bastones rectos de brocoli,Fino,independiente
BR0255,pallet,False,3.0x400.0x291.1x360.0,3.0x400.0x291.1x360.0,True,3,False,Bastones clasicos,Bastones clasicos - Reserva Privada,Estacional,Bastones rectos de brocoli,Fino,independiente
BR0256,pallet,False,3.0x400.0x291.1x360.0,3.0x400.0x291.1x360.0,True,3,False,Bastones clasicos,Bastones clasicos - Reserva Privada,Estacional,Bastones rectos de brocoli,Fino,independiente
BR0257,pallet,False,3.0x400.0x300.0x300.0,3.0x400.0x300.0x288.97,False,26,False,Bastones clasicos,Bastones clasicos - Reserva Privada,Estacional,Bastones rectos de brocoli,Fino,independiente
BR0258,pallet,False,3.0x400.0x300.0x288.97,3.0x400.0x300.0x288.97,True,4,False,Bastones clasicos,Bastones clasicos - Reserva Privada,Estacional,Bastones rectos de brocoli,Fino,independiente
BR0259,pallet,False,3.0x400.0x266.63x256.0,3.0x400.0x240.0x265.57,False,31,False,Bastones clasicos,Bastones clasicos - Sigilo,Forma estable,Corte rustico de brocoli,Forma,independiente
BR0260,pallet,False,3.0x400.0x274.08x225.0,3.0x400.0x274.08x225.0,True,27,False,Bastones clasicos,Bastones clasicos - Legumes Frites Salados,Estacional,Bastones rectos de brocoli,Medio,independiente
BR0261,pallet,False,3.0x400.0x267.7x199.61,3.0x400.0x267.7x199.61,True,18,False,Bastones clasicos,Bastones clasicos - Reserva Privada,Forma estable,Gajos de brocoli,Forma,independiente
BR0262,pallet,False,3.0x400.0x277.27x200.0,3.0x400.0x267.7x199.61,False,12,False,Guarniciones,Guarniciones - Cubos,Forma estable,Cubos de brocoli,Forma,independiente
BR0263,pallet,False,3.0x400.0x267.7x199.61,3.0x400.0x267.7x199.61,True,18,False,Bastones clasicos,Bastones clasicos - Legumes Frites,Estacional,Bastones rectos de brocoli,Corte steak,independiente
BR0264,pallet,False,3.0x400.0x267.7x199.61,3.0x400.0x267.7x199.61,True,18,False,Bastones clasicos,Bastones clasicos - Legumes Frites,Estacional,Bastones rectos de brocoli,Medio,independiente
BR0265,pallet,False,3.0x400.0x240.0x196.42,3.0x400.0x240.0x196.42,True,4,False,Bastones clasicos,Bastones clasicos - Reserva Privada,Forma estable,Gajos de brocoli,Forma,independiente
BR0266,pallet,False,3.0x400.0x300.0x271.95,3.0x400.0x300.0x271.95,True,18,False,Bastones clasicos,Bastones clasicos - Sigilo,Forma estable,Espirales de brocoli,Forma,independiente
BR0267,pallet,False,3.0x400.0x277.27x298.55,3.0x400.0x277.27x298.55,True,7,False,Bastones clasicos,Bastones clasicos - Sigilo,Estacional,Bastones rectos de brocoli,Fino,independiente
BR0268,pallet,False,3.0x400.0x300.0x179.4,3.0x400.0x300.0x179.4,True,36,False,Bastones clasicos,Bastones clasicos - Legumes Frites,Estacional,Bastones rectos de brocoli,Medio,independiente
BR0269,pallet,False,3.0x400.0x300.0x200.0,3.0x400.0x277.27x200.0,False,25,False,Bastones clasicos,Bastones clasicos - Legumes Frites,Estacional,Bastones rectos de brocoli,Medio,independiente
BR0270,pallet,False,3.0x400.0x300.0x200.0,3.0x400.0x300.0x200.0,True,25,False,Bastones clasicos,Bastones clasicos - Sigilo,Estacional,Bastones rectos de brocoli,Medio,independiente
BR0271,pallet,False,3.0x400.0x300.0x200.0,3.0x400.0x300.0x200.0,True,25,False,Bastones clasicos,Bastones clasicos - Sigilo,Estacional,Bastones rectos de brocoli,Medio,independiente
BR0272,pallet,False,3.0x400.0x300.0x257.14,3.0x400.0x277.27x256.0,False,36,False,Bastones clasicos,Bastones clasicos - Sigilo,Forma estable,Brocoli zigzag,Forma,independiente
BR0273,pallet,False,3.0x400.0x300.0x212.38,3.0x400.0x300.0x212.38,True,12,False,Bastones clasicos,Bastones clasicos - Sigilo,Estacional,Bastones rectos de brocoli,Fino,independiente
BR0274,pallet,False,3.0x400.0x300.0x257.14,3.0x400.0x300.0x257.14,True,36,False,Bastones clasicos,Bastones clasicos - Sigilo,Estacional,Bastones rectos de brocoli,Fino,independiente
BR0275,pallet,False,3.0x400.0x300.0x174.08,3.0x400.0x277.27x180.0,False,3,False,Bastones clasicos,Bastones clasicos - Sigilo,Forma estable,Gajos de brocoli,Forma,independiente
BR0276,pallet,False,3.0x400.0x300.0x163.44,3.0x400.0x300.0x163.44,True,15,False,Bastones clasicos,Bastones clasicos - Sigilo,Forma estable,Gajos de brocoli,Forma,independiente
BR0277,pallet,False,3.0x400.0x300.0x300.0,3.0x400.0x277.27x298.55,False,26,False,Bastones clasicos,Bastones clasicos - Sigilo,Forma estable,Brocoli en rejilla,Forma,independiente
BR0278,pallet,False,3.0x400.0x300.0x300.0,3.0x400.0x277.27x298.55,False,26,False,Bastones clasicos,Bastones clasicos - Sigilo,Forma estable,Brocoli en rejilla,Forma,independiente
BR0279,pallet,False,3.0x400.0x300.0x257.14,3.0x400.0x300.0x257.14,True,36,False,Bastones clasicos,Bastones clasicos - Sigilo,Forma estable,Espirales de brocoli,Forma,independiente
BR0280,pallet,False,3.0x400.0x300.0x257.14,3.0x400.0x300.0x257.14,True,36,False,Bastones clasicos,Bastones clasicos - Sigilo,Forma estable,Espirales de brocoli,Forma,independiente
BR0281,pallet,False,3.0x400.0x300.0x225.0,3.0x400.0x300.0x225.0,True,32,False,Guarniciones,Guarniciones - Tortitas,Forma estable,Tortitas de brocoli,Forma,independiente
BR0282,pallet,False,3.0x400.0x300.0x271.95,3.0x400.0x300.0x271.95,True,18,False,Snacks y aperitivos,Snacks y aperitivos - Aros y Vegetales,Co-produccion,Aros de brocoli,Forma,independiente
BR0283,pallet,False,3.0x400.0x300.0x225.0,3.0x400.0x300.0x225.0,True,32,False,Bastones clasicos,Bastones clasicos - Sigilo,Forma estable,Dippers de brocoli,Forma,independiente
BR0284,pallet,False,3.0x400.0x300.0x225.0,3.0x400.0x274.08x225.0,False,32,False,Bastones clasicos,Bastones clasicos - Legumes Frites,Estacional,Bastones rectos de brocoli,Fino,independiente
BR0285,pallet,False,3.0x400.0x300.0x179.4,3.0x400.0x277.27x180.0,False,36,False,Bastones clasicos,Bastones clasicos - Reserva Privada,Forma estable,Gajos de brocoli,Forma,independiente
BR0286,pallet,False,3.0x400.0x300.0x179.4,3.0x400.0x300.0x179.4,True,36,False,Bastones clasicos,Bastones clasicos - Legumes Frites,Estacional,Bastones rectos de brocoli,Medio,independiente
BR0287,pallet,False,3.0x400.0x300.0x300.0,3.0x400.0x277.27x298.55,False,26,False,Bastones clasicos,Bastones clasicos - Sigilo,Forma estable,Brocoli en rejilla,Forma,independiente
BR0288,pallet,False,3.0x400.0x240.0x233.65,3.0x400.0x240.0x233.65,True,8,False,Guarniciones,Guarniciones - Pure,Co-produccion,Pure de brocoli,Forma,independiente
BR0289,pallet,False,3.0x400.0x267.7x199.61,3.0x400.0x267.7x199.61,True,18,False,Bastones clasicos,Bastones clasicos - Sigilo,Forma estable,Gajos de brocoli,Forma,independiente
BR0290,pallet,False,3.0x400.0x300.0x300.0,3.0x400.0x300.0x300.0,True,26,False,Bastones clasicos,Bastones clasicos - Reserva Privada,Forma estable,Brocoli en rejilla,Forma,independiente
BR0291,pallet,False,3.0x400.0x300.0x200.0,3.0x400.0x300.0x200.0,True,25,False,Bastones clasicos,Bastones clasicos - Sigilo,Estacional,Bastones rectos de brocoli,Grueso,independiente
BR0292,pallet,False,3.0x400.0x300.0x288.97,3.0x400.0x300.0x288.97,True,4,False,Bastones clasicos,Bastones clasicos - Sigilo,Forma estable,Espirales de brocoli,Forma,independiente
BR0293,pallet,False,3.0x400.0x300.0x225.0,3.0x400.0x300.0x225.0,True,32,False,Bastones clasicos,Bastones clasicos - Sigilo,Forma estable,Gajos de brocoli,Forma,independiente
BR0294,pallet,False,3.0x400.0x300.0x190.04,3.0x400.0x300.0x190.04,True,3,False,Bastones clasicos,Bastones clasicos - Sigilo,Estacional,Bastones rectos de brocoli,Grueso,independiente
BR0295,pallet,False,3.0x400.0x300.0x234.72,3.0x400.0x300.0x234.72,True,10,False,Bastones clasicos,Bastones clasicos - Sigilo,Forma estable,Brocoli en rejilla,Forma,independiente
BR0296,pallet,False,3.0x400.0x300.0x234.72,3.0x400.0x300.0x234.72,True,10,False,Bastones clasicos,Bastones clasicos - Sigilo,Estacional,Bastones rectos de brocoli,Grueso,independiente
BR0297,pallet,False,3.0x400.0x300.0x150.0,3.0x400.0x300.0x150.0,True,7,False,Bastones clasicos,Bastones clasicos - Sigilo,Estacional,Bastones rectos de brocoli,Medio,independiente
BR0298,pallet,False,3.0x400.0x300.0x150.0,3.0x400.0x300.0x150.0,True,7,False,Bastones clasicos,Bastones clasicos - Sigilo,Estacional,Bastones rectos de brocoli,Medio,independiente
BR0299,pallet,False,3.0x400.0x300.0x225.0,3.0x400.0x300.0x225.0,True,32,False,Bastones clasicos,Bastones clasicos - Sigilo,Estacional,Bastones rectos de brocoli,Grueso,independiente
BR0300,pallet,False,3.0x400.0x267.7x199.61,3.0x400.0x267.7x199.61,True,18,False,Bastones clasicos,Bastones clasicos - Sigilo,Estacional,Bastones rectos de brocoli,Medio,independiente
BR0301,pallet,False,3.0x400.0x266.63x256.0,3.0x400.0x240.0x265.57,False,31,False,Bastones clasicos,Bastones clasicos - Reserva Privada,Estacional,Bastones rectos de brocoli,Fino,independiente
BR0302,pallet,False,3.0x400.0x267.7x199.61,3.0x400.0x267.7x199.61,True,18,False,Bastones clasicos,Bastones clasicos - Legumes Frites,Estacional,Bastones rectos de brocoli,Medio,independiente
BR0303,pallet,False,3.0x400.0x240.0x159.19,3.0x400.0x240.0x159.19,True,6,False,Guarniciones,Guarniciones - Legumes Croquetas,Forma estable,Rosti de brocoli,Forma,independiente
BR0304,pallet,False,3.0x400.0x271.95x163.63,3.0x400.0x271.95x163.63,True,2,False,Snacks y aperitivos,Snacks y aperitivos - Queso,Co-produccion,Bocados de brocoli con mozzarella,Forma,independiente
BR0305,pallet,False,3.0x400.0x300.0x257.14,3.0x400.0x300.0x257.14,True,36,False,Bastones clasicos,Bastones clasicos - Sigilo,Estacional,Bastones rectos de brocoli,Medio,independiente
BR0306,pallet,False,3.0x400.0x300.0x257.14,3.0x400.0x300.0x257.14,True,36,False,Bastones clasicos,Bastones clasicos - Reserva Privada,Estacional,Bastones rectos de brocoli,Medio,independiente
BR0307,pallet,False,3.0x400.0x300.0x257.14,3.0x400.0x300.0x257.14,True,36,False,Bastones clasicos,Bastones clasicos - Legumes Frites,Estacional,Bastones rectos de brocoli,Fino,independiente
BR0308,pallet,False,3.0x400.0x300.0x225.0,3.0x400.0x274.08x225.0,False,32,False,Bastones clasicos,Bastones clasicos - Legumes Frites,Estacional,Bastones rectos de brocoli,Fino,independiente
BR0309,pallet,False,3.0x400.0x300.0x179.4,3.0x400.0x277.27x180.0,False,36,False,Bastones clasicos,Bastones clasicos - Reserva Privada,Forma estable,Gajos de brocoli,Forma,independiente
BR0310,pallet,False,3.0x400.0x269.82x300.0,3.0x400.0x269.82x300.0,True,6,False,Snacks y aperitivos,Snacks y aperitivos - Aros y Vegetales,Co-produccion,Aros de brocoli,Forma,independiente
BR0310XL,pallet,False,3.0x400.0x300.0x271.95,3.0x400.0x300.0x271.95,True,18,False,Snacks y aperitivos,Snacks y aperitivos - Aros y Vegetales,Co-produccion,Aros de brocoli,Forma,independiente
BR0311,pallet,False,3.0x400.0x300.0x212.38,3.0x400.0x300.0x212.38,True,12,False,Snacks y aperitivos,Snacks y aperitivos - Aros y Vegetales,Co-produccion,Aros de brocoli,Forma,independiente
BR0312,pallet,False,3.0x400.0x300.0x212.38,3.0x400.0x300.0x212.38,True,12,False,Snacks y aperitivos,Snacks y aperitivos - Aros y Vegetales,Co-produccion,Aros de brocoli,Forma,independiente
BR0313,pallet,False,3.0x400.0x300.0x212.38,3.0x400.0x300.0x212.38,True,12,False,Snacks y aperitivos,Snacks y aperitivos - Aros y Vegetales,Co-produccion,Aros de brocoli,Forma,independiente
BR0314,pallet,False,3.0x400.0x300.0x179.4,3.0x400.0x300.0x179.4,True,36,False,Bastones clasicos,Bastones clasicos - Sigilo,Estacional,Bastones rectos de brocoli,Medio,independiente
BR0314XL,pallet,False,3.0x400.0x300.0x179.4,3.0x400.0x300.0x179.4,True,36,False,Bastones clasicos,Bastones clasicos - Sigilo,Estacional,Bastones rectos de brocoli,Medio,independiente
BR0315,pallet,False,3.0x400.0x300.0x179.4,3.0x400.0x300.0x174.08,False,36,False,Bastones clasicos,Bastones clasicos - Sigilo,Estacional,Bastones rectos de brocoli,Medio,independiente
BR0316,pallet,False,3.0x400.0x300.0x163.44,3.0x400.0x300.0x163.44,True,15,False,Bastones clasicos,Bastones clasicos - Legumes Frites,Estacional,Bastones rectos de brocoli,Medio,independiente
BR0317,pallet,False,3.0x400.0x300.0x163.44,3.0x400.0x300.0x163.44,True,15,False,Bastones clasicos,Bastones clasicos - Legumes Frites,Estacional,Bastones rectos de brocoli,Medio,independiente
BR0318,pallet,False,3.0x400.0x300.0x200.0,3.0x400.0x300.0x200.0,True,25,False,Bastones clasicos,Bastones clasicos - Sigilo,Estacional,Bastones rectos de brocoli,Medio,independiente
BR0319,pallet,False,3.0x400.0x300.0x163.44,3.0x400.0x300.0x163.44,True,15,False,Bastones clasicos,Bastones clasicos - Legumes Frites,Estacional,Bastones rectos de brocoli,Grueso,independiente
BR0320,pallet,False,3.0x400.0x300.0x212.38,3.0x400.0x300.0x212.38,True,12,False,Bastones clasicos,Bastones clasicos - Sigilo,Estacional,Bastones rectos de brocoli,Fino,independiente
BR0321,pallet,False,3.0x400.0x266.63x256.0,3.0x400.0x240.0x265.57,False,31,False,Bastones clasicos,Bastones clasicos - Reserva Privada,Estacional,Bastones rectos de brocoli,Fino,independiente
BR0322,pallet,False,3.0x400.0x300.0x225.0,3.0x400.0x300.0x225.0,True,32,False,Bastones clasicos,Bastones clasicos - Sigilo,Estacional,Bastones rectos de brocoli,Fino,independiente
BR0323,pallet,False,3.0x400.0x300.0x244.29,3.0x400.0x300.0x244.29,True,3,False,Bastones clasicos,Bastones clasicos - Sigilo,Estacional,Bastones rectos de brocoli,Fino,independiente
BR0324,pallet,False,3.0x400.0x267.7x199.61,3.0x400.0x267.7x199.61,True,18,False,Guarniciones,Guarniciones - Cubos,Forma estable,Cubos de brocoli,Forma,independiente
BR0325,pallet,False,3.0x400.0x277.27x256.0,3.0x400.0x277.27x256.0,True,8,False,Bastones clasicos,Bastones clasicos - Sigilo,Forma estable,Espirales de brocoli,Forma,independiente
BR0326,pallet,False,3.0x400.0x266.63x256.0,3.0x400.0x266.63x256.0,True,31,False,Bastones clasicos,Bastones clasicos - Sigilo,Forma estable,Espirales de brocoli,Forma,independiente
BR0327,pallet,False,3.0x400.0x266.63x256.0,3.0x400.0x266.63x256.0,True,31,False,Bastones clasicos,Bastones clasicos - Sigilo,Forma estable,Brocoli en rejilla,Forma,independiente
BR0328,pallet,False,3.0x400.0x240.0x233.65,3.0x400.0x240.0x233.65,True,8,False,Bastones clasicos,Bastones clasicos - Sigilo,Forma estable,Espirales de brocoli,Forma,independiente
BR0329,pallet,False,3.0x400.0x240.0x244.29,3.0x400.0x240.0x244.29,True,5,False,Bastones clasicos,Bastones clasicos - Sigilo,Forma estable,Brocoli en rejilla,Forma,independiente
BR0330,pallet,False,3.0x400.0x240.0x233.65,3.0x400.0x240.0x233.65,True,8,False,Bastones clasicos,Bastones clasicos - Sigilo,Forma estable,Espirales de brocoli,Forma,independiente
BR0331,pallet,False,3.0x400.0x240.0x244.29,3.0x400.0x240.0x244.29,True,5,False,Bastones clasicos,Bastones clasicos - Sigilo,Forma estable,Brocoli en rejilla,Forma,independiente
BR0332,pallet,False,3.0x400.0x266.63x256.0,3.0x400.0x266.63x256.0,True,31,False,Bastones clasicos,Bastones clasicos - Sigilo,Estacional,Bastones rectos de brocoli,Fino,independiente
BR0333,pallet,False,3.0x400.0x300.0x225.0,3.0x400.0x274.08x225.0,False,32,False,Bastones clasicos,Bastones clasicos - Sigilo,Estacional,Bastones rectos de brocoli,Fino,independiente
BR0334,pallet,False,3.0x400.0x266.63x256.0,3.0x400.0x266.63x256.0,True,31,False,Bastones clasicos,Bastones clasicos - Sigilo,Estacional,Bastones rectos de brocoli,Medio,independiente
BR0335,pallet,False,3.0x400.0x266.63x256.0,3.0x400.0x266.63x256.0,True,31,False,Bastones clasicos,Bastones clasicos - Sigilo,Estacional,Bastones rectos de brocoli,Medio,independiente
BR0336,pallet,False,3.0x400.0x300.0x200.0,3.0x400.0x277.27x200.0,False,25,False,Bastones clasicos,Bastones clasicos - Sigilo,Estacional,Bastones rectos de brocoli,Medio,independiente
BR0337,pallet,False,3.0x400.0x267.7x199.61,3.0x400.0x267.7x199.61,True,18,False,Bastones clasicos,Bastones clasicos - Sigilo,Estacional,Bastones rectos de brocoli,Medio,independiente
BR0338,pallet,False,3.0x400.0x300.0x179.4,3.0x400.0x300.0x174.08,False,36,False,Bastones clasicos,Bastones clasicos - Sigilo,Estacional,Bastones rectos de brocoli,Grueso,independiente
BR0339,pallet,False,3.0x400.0x266.63x256.0,3.0x400.0x240.0x265.57,False,31,False,Bastones clasicos,Bastones clasicos - Sigilo,Estacional,Bastones rectos de brocoli,Fino,independiente
BR0340,pallet,False,3.0x400.0x274.08x225.0,3.0x400.0x274.08x225.0,True,27,False,Bastones clasicos,Bastones clasicos - Sigilo,Estacional,Bastones rectos de brocoli,Medio,independiente
BR0340XL,pallet,False,3.0x400.0x266.63x256.0,3.0x400.0x266.63x256.0,True,31,False,Bastones clasicos,Bastones clasicos - Sigilo,Estacional,Bastones rectos de brocoli,Medio,independiente
BR0341,pallet,False,3.0x400.0x240.0x233.65,3.0x400.0x240.0x233.65,True,8,False,Bastones clasicos,Bastones clasicos - Sigilo,Estacional,Bastones rectos de brocoli,Medio,independiente
BR0342,pallet,False,3.0x400.0x266.63x256.0,3.0x400.0x266.63x256.0,True,31,False,Bastones clasicos,Bastones clasicos - Sigilo,Estacional,Bastones rectos de brocoli,Medio,independiente
BR0343,pallet,False,3.0x400.0x277.27x315.57,3.0x400.0x277.27x315.57,True,3,False,Bastones clasicos,Bastones clasicos - Sigilo,Estacional,Bastones rectos de brocoli,Fino,independiente
BR0344,pallet,False,3.0x400.0x269.82x300.0,3.0x400.0x269.82x300.0,True,6,False,Bastones clasicos,Bastones clasicos - Sigilo,Estacional,Bastones rectos de brocoli,Medio,independiente
BR0345,pallet,False,3.0x397.0x298.0x322.0,3.0x397.0x298.0x322.0,True,3,False,Bastones clasicos,Bastones clasicos - Sigilo,Estacional,Bastones rectos de brocoli,Medio,independiente
BR0346,pallet,False,3.0x400.0x300.0x257.14,3.0x400.0x300.0x234.72,False,36,False,Bastones clasicos,Bastones clasicos - Sigilo,Estacional,Bastones rectos de brocoli,Medio,independiente
BR0347,pallet,False,3.0x400.0x300.0x257.14,3.0x400.0x300.0x234.72,False,36,False,Bastones clasicos,Bastones clasicos - Sigilo,Estacional,Bastones rectos de brocoli,Medio,independiente
BR0348,pallet,False,3.0x400.0x300.0x300.0,3.0x400.0x300.0x288.97,False,26,False,Bastones clasicos,Bastones clasicos - Sigilo,Estacional,Bastones rectos de brocoli,Medio,independiente
BR0349,pallet,False,3.0x400.0x300.0x257.14,3.0x400.0x300.0x257.14,True,36,False,Bastones clasicos,Bastones clasicos - Sigilo,Estacional,Bastones rectos de brocoli,Medio,independiente
BR0350,pallet,False,3.0x400.0x300.0x225.0,3.0x400.0x274.08x225.0,False,32,False,Guarniciones,Guarniciones - Tortitas,Forma estable,Tortitas de brocoli,Forma,independiente
BR0351,pallet,False,3.0x400.0x300.0x225.0,3.0x400.0x274.08x225.0,False,32,False,Guarniciones,Guarniciones - Tortitas,Forma estable,Tortitas de brocoli,Forma,independiente
BR0352,pallet,False,3.0x400.0x269.82x300.0,3.0x400.0x269.82x300.0,True,6,False,Bastones clasicos,Bastones clasicos - Sigilo,Estacional,Bastones rectos de brocoli,Medio,independiente
BR0353,pallet,False,3.0x400.0x240.0x265.57,3.0x400.0x240.0x265.57,True,5,False,Guarniciones,Guarniciones - Legumes Croquetas,Forma estable,Croquetas de brocoli,Forma,independiente
BR0354,pallet,False,3.0x399.0x261.0x276.0,3.0x399.0x261.0x276.0,True,4,False,Bastones clasicos,Bastones clasicos - Sigilo,Forma estable,Brocoli en rejilla,Forma,independiente
BR0355,pallet,False,3.0x400.0x277.27x200.0,3.0x400.0x277.27x200.0,True,12,False,Bastones clasicos,Bastones clasicos - Sigilo,Forma estable,Dippers de brocoli,Forma,independiente
BR0356,pallet,False,3.0x400.0x277.27x256.0,3.0x400.0x277.27x256.0,True,8,False,Bastones clasicos,Bastones clasicos - Sigilo,Forma estable,Espirales de brocoli,Forma,independiente
BR0357,pallet,False,3.0x400.0x240.0x244.29,3.0x400.0x240.0x244.29,True,5,False,Bastones clasicos,Bastones clasicos - Sigilo,Estacional,Bastones rectos de brocoli,Fino,independiente
BR0358,pallet,False,3.0x400.0x300.0x257.14,3.0x400.0x300.0x257.14,True,36,False,Bastones clasicos,Bastones clasicos - Sigilo,Forma estable,Espirales de brocoli,Forma,independiente
BR0359,pallet,False,3.0x400.0x240.0x248.55,3.0x400.0x240.0x244.29,False,12,False,Bastones clasicos,Bastones clasicos - Legumes Frites,Forma estable,Brocoli zigzag,Forma,independiente
BR0360,pallet,False,3.0x400.0x300.0x200.0,3.0x400.0x300.0x200.0,True,25,False,Bastones clasicos,Bastones clasicos - Sigilo,Estacional,Bastones rectos de brocoli,Medio,independiente
BR0361,pallet,False,3.0x400.0x300.0x163.44,3.0x400.0x300.0x163.44,True,15,False,Bastones clasicos,Bastones clasicos - Sigilo,Forma estable,Gajos de brocoli,Forma,independiente
BR0362,pallet,False,3.0x400.0x300.0x271.95,3.0x400.0x300.0x271.95,True,18,False,Bastones clasicos,Bastones clasicos - Sigilo,Forma estable,Espirales de brocoli,Forma,independiente
BR0363,pallet,False,3.0x400.0x300.0x271.95,3.0x400.0x300.0x271.95,True,18,False,Bastones clasicos,Bastones clasicos - Reserva Privada,Estacional,Bastones rectos de brocoli,Medio,independiente
BR0364,pallet,False,3.0x400.0x300.0x234.72,3.0x400.0x300.0x234.72,True,10,False,Bastones clasicos,Bastones clasicos - Reserva Privada,Estacional,Bastones rectos de brocoli,Fino,independiente
BR0365,pallet,False,3.0x400.0x300.0x179.4,3.0x400.0x300.0x179.4,True,36,False,Bastones clasicos,Bastones clasicos - Reserva Privada,Estacional,Bastones rectos de brocoli,Grueso,independiente
BR0366,pallet,False,3.0x400.0x300.0x225.0,3.0x400.0x300.0x225.0,True,32,False,Bastones clasicos,Bastones clasicos - Sigilo,Estacional,Bastones rectos de brocoli,Fino,independiente
BR0367,pallet,False,3.0x400.0x300.0x200.0,3.0x400.0x300.0x200.0,True,25,False,Bastones clasicos,Bastones clasicos - Sigilo,Estacional,Bastones rectos de brocoli,Medio,independiente
BR0368,pallet,False,3.0x400.0x300.0x190.04,3.0x400.0x277.27x200.0,False,3,False,Bastones clasicos,Bastones clasicos - Sigilo,Estacional,Bastones rectos de brocoli,Medio,independiente
BR0369,pallet,False,3.0x400.0x300.0x271.95,3.0x400.0x300.0x271.95,True,18,False,Bastones clasicos,Bastones clasicos - Reserva Privada,Forma estable,Espirales de brocoli,Forma,independiente
BR0370,pallet,False,3.0x400.0x300.0x234.72,3.0x400.0x300.0x234.72,True,10,False,Bastones clasicos,Bastones clasicos - Sigilo,Estacional,Bastones rectos de brocoli,Grueso,independiente
BR0371,pallet,False,3.0x400.0x300.0x257.14,3.0x400.0x300.0x257.14,True,36,False,Bastones clasicos,Bastones clasicos - Sigilo,Estacional,Bastones rectos de brocoli,Grueso,independiente
BR0372,pallet,False,3.0x400.0x300.0x271.95,3.0x400.0x300.0x271.95,True,18,False,Bastones clasicos,Bastones clasicos - Sigilo,Forma estable,Espirales de brocoli,Forma,independiente
BR0373,pallet,False,3.0x400.0x300.0x300.0,3.0x400.0x300.0x300.0,True,26,False,Bastones clasicos,Bastones clasicos - Sigilo,Forma estable,Brocoli en rejilla,Forma,independiente
BR0374,pallet,False,3.0x400.0x300.0x257.14,3.0x400.0x300.0x257.14,True,36,False,Bastones clasicos,Bastones clasicos - Sigilo,Estacional,Bastones rectos de brocoli,Grueso,independiente
BR0375,pallet,False,3.0x400.0x300.0x257.14,3.0x400.0x300.0x257.14,True,36,False,Bastones clasicos,Bastones clasicos - Legumes Frites,Estacional,Bastones rectos de brocoli,Corte steak,independiente
BR0376,pallet,False,3.0x400.0x300.0x257.14,3.0x400.0x300.0x257.14,True,36,False,Bastones clasicos,Bastones clasicos - Sigilo,Forma estable,Brocoli zigzag,Forma,independiente
BR0377,pallet,False,3.0x400.0x300.0x257.14,3.0x400.0x300.0x257.14,True,36,False,Bastones clasicos,Bastones clasicos - Sigilo,Forma estable,Brocoli zigzag,Forma,independiente
BR0378,pallet,False,3.0x400.0x266.63x256.0,3.0x400.0x266.63x256.0,True,31,False,Bastones clasicos,Bastones clasicos - Grado B,Estacional,Bastones rectos de brocoli,Fino,independiente
BR0379,pallet,False,3.0x400.0x266.63x256.0,3.0x400.0x266.63x256.0,True,31,False,Bastones clasicos,Bastones clasicos - Grado B,Estacional,Bastones rectos de brocoli,Fino,independiente
BR0380,pallet,False,3.0x400.0x266.63x256.0,3.0x400.0x266.63x256.0,True,31,False,Bastones clasicos,Bastones clasicos - Grado B,Estacional,Bastones rectos de brocoli,Fino,independiente
BR0381,pallet,False,3.0x400.0x274.08x225.0,3.0x400.0x274.08x225.0,True,27,False,Bastones clasicos,Bastones clasicos - Grado B,Estacional,Bastones rectos de brocoli,Medio,independiente
BR0382,pallet,False,3.0x400.0x274.08x225.0,3.0x400.0x274.08x225.0,True,27,False,Bastones clasicos,Bastones clasicos - Grado B,Estacional,Bastones rectos de brocoli,Medio,independiente
BR0383,pallet,False,3.0x400.0x274.08x225.0,3.0x400.0x274.08x225.0,True,27,False,Bastones clasicos,Bastones clasicos - Grado B,Estacional,Bastones rectos de brocoli,Medio,independiente
BR0384,pallet,False,3.0x400.0x274.08x225.0,3.0x400.0x274.08x225.0,True,27,False,Bastones clasicos,Bastones clasicos - Grado B,Estacional,Bastones rectos de brocoli,Medio,independiente
BR0385,pallet,False,3.0x400.0x274.08x225.0,3.0x400.0x274.08x225.0,True,27,False,Bastones clasicos,Bastones clasicos - Grado B,Estacional,Bastones rectos de brocoli,Medio,independiente
BR0386,pallet,False,3.0x400.0x300.0x225.0,3.0x400.0x300.0x225.0,True,32,False,Bastones clasicos,Bastones clasicos - Grado B,Estacional,Bastones rectos de brocoli,Fino,independiente
BR0387,pallet,False,3.0x400.0x300.0x200.0,3.0x400.0x300.0x200.0,True,25,False,Bastones clasicos,Bastones clasicos - Grado B,Estacional,Bastones rectos de brocoli,Medio,independiente
BR0388,pallet,False,3.0x400.0x240.0x244.29,3.0x400.0x240.0x244.29,True,5,False,Bastones clasicos,Bastones clasicos - Grado B,Estacional,Bastones rectos de brocoli,Medio,independiente
BR0389,pallet,False,3.0x400.0x274.08x225.0,3.0x400.0x274.08x225.0,True,27,False,Bastones clasicos,Bastones clasicos - Grado B,Estacional,Bastones rectos de brocoli,Medio,independiente
BR0390,pallet,False,3.0x400.0x266.63x256.0,3.0x400.0x266.63x256.0,True,31,False,Bastones clasicos,Bastones clasicos - Sigilo,Estacional,Bastones rectos de brocoli,Fino,independiente
BR0391,pallet,False,3.0x400.0x267.7x199.61,3.0x400.0x267.7x199.61,True,18,False,Bastones clasicos,Bastones clasicos - Sigilo,Forma estable,Gajos de brocoli,Forma,independiente
BR0392,pallet,False,3.0x400.0x300.0x179.4,3.0x400.0x300.0x179.4,True,36,False,Bastones clasicos,Bastones clasicos - Sigilo,Forma estable,Gajos de brocoli,Forma,independiente
BR0393,pallet,False,3.0x400.0x267.7x199.61,3.0x400.0x267.7x199.61,True,18,False,Bastones clasicos,Bastones clasicos - Reserva Privada,Forma estable,Gajos de brocoli,Forma,independiente
BR0394,pallet,False,3.0x400.0x267.7x199.61,3.0x400.0x267.7x199.61,True,18,False,Bastones clasicos,Bastones clasicos - Reserva Privada,Forma estable,Gajos de brocoli,Forma,independiente
BR0395,pallet,False,3.0x400.0x267.7x199.61,3.0x400.0x267.7x199.61,True,18,False,Bastones clasicos,Bastones clasicos - Sigilo,Forma estable,Gajos de brocoli,Forma,independiente
BR0396,pallet,False,3.0x400.0x300.0x225.0,3.0x400.0x300.0x212.38,False,32,False,Bastones clasicos,Bastones clasicos - Sigilo,Forma estable,Gajos de brocoli,Forma,independiente
BR0397,pallet,False,3.0x400.0x300.0x225.0,3.0x400.0x300.0x225.0,True,32,False,Bastones clasicos,Bastones clasicos - Sigilo,Forma estable,Gajos de brocoli,Forma,independiente
BR0398,pallet,False,3.0x400.0x300.0x225.0,3.0x400.0x274.08x225.0,False,32,False,Bastones clasicos,Bastones clasicos - Sigilo,Forma estable,Gajos de brocoli,Forma,independiente
BR0399,pallet,False,3.0x400.0x300.0x300.0,3.0x400.0x300.0x300.0,True,26,False,Bastones clasicos,Bastones clasicos - Sigilo,Estacional,Bastones rectos de brocoli,Fino,independiente
BR0400,pallet,False,3.0x400.0x300.0x300.0,3.0x400.0x300.0x288.97,False,26,False,Bastones clasicos,Bastones clasicos - Legumes Frites,Estacional,Bastones rectos de brocoli,Medio,independiente
BR0401,pallet,False,3.0x400.0x300.0x212.38,3.0x400.0x300.0x212.38,True,12,False,Bastones clasicos,Bastones clasicos - Sigilo,Estacional,Bastones rectos de brocoli,Medio,independiente
BR0402,pallet,False,3.0x400.0x300.0x179.4,3.0x400.0x300.0x174.08,False,36,False,Bastones clasicos,Bastones clasicos - Sigilo,Forma estable,Gajos de brocoli,Forma,independiente
BR0403,pallet,False,3.0x400.0x269.82x300.0,3.0x400.0x269.82x300.0,True,6,False,Bastones clasicos,Bastones clasicos - Sigilo,Estacional,Bastones rectos de brocoli,Fino,independiente
BR0404,pallet,False,3.0x400.0x240.0x248.55,3.0x400.0x240.0x248.55,True,12,False,Bastones clasicos,Bastones clasicos - Sigilo,Estacional,Bastones rectos de brocoli,Medio,independiente
BR0405,pallet,False,3.0x400.0x300.0x179.4,3.0x400.0x300.0x179.4,True,36,False,Guarniciones,Guarniciones - Otros,Estacional,Bastones rectos de brocoli,Medio,independiente
BR0406,pallet,False,3.0x400.0x300.0x300.0,3.0x400.0x300.0x300.0,True,26,False,Bastones clasicos,Bastones clasicos - Sigilo,Forma estable,Brocoli en rejilla,Forma,independiente
BR0407,pallet,False,3.0x400.0x300.0x257.14,3.0x400.0x300.0x257.14,True,36,False,Bastones clasicos,Bastones clasicos - Sigilo,Forma estable,Espirales de brocoli,Forma,independiente
BR0408,pallet,False,3.0x400.0x300.0x300.0,3.0x400.0x300.0x300.0,True,26,False,Bastones clasicos,Bastones clasicos - Sigilo,Forma estable,Brocoli en rejilla,Forma,independiente
BR0409,pallet,False,3.0x400.0x240.0x248.55,3.0x400.0x240.0x248.55,True,12,False,Bastones clasicos,Bastones clasicos - Sigilo,Estacional,Bastones rectos de brocoli,Medio,independiente
BR0410,pallet,False,3.0x400.0x300.0x271.95,3.0x400.0x300.0x271.95,True,18,False,Bastones clasicos,Bastones clasicos - Sigilo,Forma estable,Brocoli en rejilla,Forma,independiente
BR0411,pallet,False,3.0x400.0x300.0x212.38,3.0x400.0x300.0x212.38,True,12,False,Bastones clasicos,Bastones clasicos - Sigilo,Forma estable,Mix crujiente de brocoli,Forma,independiente
BR0412,pallet,False,3.0x400.0x300.0x225.0,3.0x400.0x300.0x225.0,True,32,False,Bastones clasicos,Bastones clasicos - Sigilo,Forma estable,Dippers de brocoli,Forma,independiente
BR0413,pallet,False,3.0x400.0x300.0x257.14,3.0x400.0x300.0x234.72,False,36,False,Bastones clasicos,Bastones clasicos - Reserva Privada,Estacional,Bastones rectos de brocoli,Fino,independiente
BR0414,pallet,False,3.0x400.0x300.0x179.4,3.0x400.0x300.0x179.4,True,36,False,Bastones clasicos,Bastones clasicos - Sigilo,Forma estable,Dippers de brocoli,Forma,independiente
BR0415,pallet,False,3.0x400.0x266.63x256.0,3.0x400.0x266.63x256.0,True,31,False,Bastones clasicos,Bastones clasicos - Sigilo,Forma estable,Dippers de brocoli,Forma,independiente
BR0416,pallet,False,3.0x400.0x300.0x179.4,3.0x400.0x300.0x179.4,True,36,False,Guarniciones,Guarniciones - Cubos,Forma estable,Cubos de brocoli,Forma,independiente
BR0417,pallet,False,3.0x400.0x240.0x248.55,3.0x400.0x240.0x248.55,True,12,False,Bastones clasicos,Bastones clasicos - Sigilo,Forma estable,Mix crujiente de brocoli,Forma,independiente
BR0418,pallet,False,3.0x400.0x240.0x248.55,3.0x400.0x240.0x248.55,True,12,False,Bastones clasicos,Bastones clasicos - Sigilo,Forma estable,Mix crujiente de brocoli,Forma,independiente
BR0419,pallet,False,3.0x400.0x300.0x190.04,3.0x400.0x300.0x190.04,True,3,False,Bastones clasicos,Bastones clasicos - Reserva Privada,Estacional,Bastones rectos de brocoli,Corte steak,independiente
BR0420,pallet,False,3.0x400.0x277.27x200.0,3.0x400.0x277.27x200.0,True,12,False,Bastones clasicos,Bastones clasicos - Reserva Privada,Estacional,Bastones rectos de brocoli,Medio,independiente
BR0421,pallet,False,3.0x400.0x274.08x225.0,3.0x400.0x274.08x225.0,True,27,False,Bastones clasicos,Bastones clasicos - Reserva Privada,Estacional,Bastones rectos de brocoli,Medio,independiente
