family,demand_mode,policy,t,n,tipos_local_p50,tipos_local_p10,tipos_local_p90,delta_tipos_p50,delta_tipos_p10,delta_tipos_p90,p_nueva_p50,p_nueva_p10,p_nueva_p90,tipos_per_100_p50,tipos_per_100_p10,tipos_per_100_p90,cost_local_p50,cost_local_p10,cost_local_p90,util_local_p50,util_local_p10,util_local_p90
drift,cannibal,pallet,50,12,74.0,70.1,78.0,33.0,29.1,37.0,0.66,0.582,0.74,66.0,58.2,74.0,197468428.8771633,193862236.84449083,203415031.80832374,0.9069663779123072,0.8865277943689016,0.9166876725490571
drift,cannibal,pallet,100,12,97.0,92.0,104.5,56.0,51.0,63.5,0.56,0.51,0.635,56.0,51.0,63.5,205891757.1738805,199153242.55193138,212820658.1782227,0.8803839991411057,0.864832762262452,0.8976524598902408
drift,cannibal,pallet,250,12,139.5,134.4,144.0,98.5,93.4,103.0,0.394,0.3736,0.412,39.400000000000006,37.36,41.2,225148138.59636426,220072998.164825,240288440.53637084,0.8114969478917904,0.7945976758492341,0.8340365379949204
drift,cannibal,pallet,500,12,182.0,171.2,191.9,141.0,130.2,150.9,0.28200000000000003,0.2604,0.3018,28.200000000000003,26.04,30.18,256470917.53457564,242836159.63418657,267830031.75866365,0.7280103437708482,0.7100404698184231,0.7481406350507601
outlier,cannibal,pallet,50,12,54.0,51.1,56.0,13.0,10.1,15.0,0.26,0.202,0.3,26.0,20.2,30.0,194356898.43469352,192496612.3479619,198490045.9852436,0.9273204742632,0.9175529667419614,0.9296155141396695
outlier,cannibal,pallet,100,12,66.5,61.0,69.9,25.5,20.0,28.9,0.255,0.2,0.289,25.5,20.0,28.9,202716370.35885787,195819056.64276555,209759274.62976143,0.9117279608310838,0.8983245735834854,0.9206220552110818
outlier,cannibal,pallet,250,12,92.5,87.0,95.9,51.5,46.0,54.9,0.206,0.184,0.2196,20.6,18.4,21.96,221876647.38691086,203204342.42474544,231753188.05578327,0.8791946305890322,0.8609821347872876,0.8999380298350291
outlier,cannibal,pallet,500,12,124.5,116.1,131.9,83.5,75.1,90.9,0.167,0.1502,0.1818,16.7,15.02,18.18,235091713.1747303,224447602.69062608,254273975.3421584,0.848513711800576,0.8302368991979147,0.8682167869078177
routine,additive,pallet,50,12,51.0,48.1,53.0,10.0,7.1,12.0,0.2,0.14200000000000002,0.24,20.0,14.2,24.0,213614884.23234585,210203485.1781048,221691303.53138894,0.9274593665641728,0.9213659985419761,0.9338969113407872
routine,additive,pallet,100,12,57.5,56.0,62.7,16.5,15.0,21.700000000000003,0.165,0.15,0.217,16.5,15.0,21.700000000000003,238425503.79469287,226898717.7978727,255137981.6950805,0.9236011146283534,0.9069614195779834,0.9321737236370737
routine,additive,pallet,250,12,73.0,71.0,78.9,32.0,30.0,37.9,0.128,0.12,0.15159999999999998,12.8,12.0,15.16,311414957.93209827,293800156.3650256,352342332.7042337,0.9062362893707772,0.8878329502815642,0.9154642724129434
routine,additive,pallet,500,12,90.0,85.2,97.6,49.0,44.2,56.6,0.098,0.08839999999999999,0.11320000000000001,9.8,8.84,11.32,454736610.5767473,420470536.66484797,481632439.776318,0.892484864197909,0.8737093560853959,0.9029311623905394
routine,cannibal,m1,50,40,51.0,48.0,54.0,10.0,7.0,13.0,0.2,0.14,0.26,20.0,14.0,26.0,192157536.74780145,189845404.19350716,197316785.4820369,0.9266004013035267,0.9160456703153221,0.9324445188848258
routine,cannibal,m1,100,40,59.0,55.0,63.1,18.0,14.0,22.1,0.18,0.14,0.22100000000000003,18.0,14.0,22.1,196785320.50202268,192162943.1342958,204828525.598093,0.9141674076624389,0.9024860043594448,0.9221594685738086
routine,cannibal,m1,250,40,74.5,69.9,79.0,33.5,28.9,38.0,0.134,0.11560000000000001,0.152,13.399999999999999,11.56,15.2,209794071.5066404,203223799.15478462,221000643.70379657,0.8789537096040665,0.8461098697465811,0.8932572783878638
routine,cannibal,m1,500,40,92.5,87.8,96.0,51.5,46.8,55.0,0.103,0.0936,0.11,10.3,9.360000000000001,11.0,228303038.73061618,221232722.69795668,241256113.0440987,0.8222057369534939,0.7932110044341973,0.845269828704667
routine,cannibal,pallet,50,40,51.0,48.0,54.0,10.0,7.0,13.0,0.2,0.14,0.26,20.0,14.0,26.0,191695518.46217817,189746074.17090803,194823228.3534159,0.92831070481179,0.9222252060083161,0.9331715796383327
routine,cannibal,pallet,100,40,59.0,55.0,63.1,18.0,14.0,22.1,0.18,0.14,0.22100000000000003,18.0,14.0,22.1,194289986.0258604,191260715.91256016,200711464.15352234,0.9211842047216294,0.9083303631129022,0.9288168881770353
routine,cannibal,pallet,250,40,74.5,69.9,79.0,33.5,28.9,38.0,0.134,0.11560000000000001,0.152,13.399999999999999,11.56,15.2,202595031.55555916,196665933.98942828,212121344.30055863,0.8981326339233298,0.8758680883986016,0.9127007663613084
routine,cannibal,pallet,500,40,92.5,87.8,96.0,51.5,46.8,55.0,0.103,0.0936,0.11,10.3,9.360000000000001,11.0,210542091.86195076,203150499.26411638,223978943.48678184,0.8679978476015466,0.842644128947339,0.8889312277125881
