escenario,grupo,costo_optima,costo_independiente,gap_indep_minus_optima,indep_gana
High-vol −15% / Low-vol +15%,volumen,163602029.589,164293872.591,691843.002000004,False
LatAm sur −15% / Norte +10%,region,171651293.274,172416185.103,764891.8289999962,False
Familia 'Bastones clasicos' ×0.90,familia,170686968.834,171503173.338,816204.5040000081,False
BA −15% + MTY +20% + large +10% / small −5%,combo,195052408.68,196045859.1888,993450.5088,False
Large −15% / Small +10%,tamaño,178124227.029,179127613.65,1003386.6209999919,False
Planta buenos_aires ×0.85,planta,183932717.586,184955198.502,1022480.9160000086,False
Planta bakersfield ×0.80,planta,183022416.348,184059117.312,1036700.9640000165,False
Large +10% / Small −5%,tamaño,195502741.296,196543017.036,1040275.7400000095,False
Norte −20% / LatAm sur +10%,region,193279945.272,194373737.004,1093791.7319999933,False
Familia 'Snacks y aperitivos' ×0.80,familia,187533331.332,188658509.472,1125178.1400000155,False
Familia 'Guarniciones' ×1.25,familia,188710347.84,189841808.13,1131460.2899999917,False
Planta monterrey ×1.20,planta,192032862.3,193199087.628,1166225.3279999793,False
Planta curitiba ×1.15,planta,198179436.474,199347080.688,1167644.2139999866,False
High-vol +10% / Low-vol −10%,volumen,204636408.768,205866232.854,1229824.0859999955,False
Familia 'Bastones clasicos' ×1.15,familia,214559995.48499998,215850719.355,1290723.8700000048,False
