escenario,grupo,vol_total,Δvol_pct,baseline_USD,best_USD,mark17_USD,ahorro_best_USD,ahorro_mark17_USD,score_best_vs_base,score_mark17_vs_base,best_beats_base,mark17_beats_base,mark17_beats_best
High-vol −15% / Low-vol +15%,volumen,54244395.85,-13.099000029012709,182109072.58,163602029.589,164293872.591,18507042.991000026,17815199.989000022,10.162614486364998,9.782708646310773,True,True,False
LatAm sur −15% / Norte +10%,region,56946606.349999994,-8.76998518973875,190884596.848,171651293.274,172416185.103,19233303.574,18468411.745000005,10.075880344245554,9.675171307670396,True,True,False
Familia 'Bastones clasicos' ×0.90,familia,56599177.1,-9.326576313504942,189960502.762,170686968.834,171503173.338,19273533.928000003,18457329.423999995,10.14607439323724,9.716403755324357,True,True,False
Large −15% / Small +10%,tamaño,59995111.05,-3.886197607721553,197982157.516,178124227.029,179127613.65,19857930.48699999,18854543.865999997,10.03016167524852,9.523355085407765,True,True,False
Planta bakersfield ×0.80,planta,60719977.8,-2.724941326152708,203589736.69,183022416.348,184059117.312,20567320.342000008,19530619.37799999,10.102336530508534,9.593125712293975,True,True,False
Planta buenos_aires ×0.85,planta,61086434.35,-2.137867949412009,204872276.37425,183932717.586,184955198.502,20939558.78825,19917077.87224999,10.220786901395435,9.721704773693494,True,True,False
Familia 'Snacks y aperitivos' ×0.80,familia,62214856.800000004,-0.330104442083512,208706084.33699998,187533331.332,188658509.472,21172753.004999995,20047574.86499998,10.144770370379868,9.605649460908358,True,True,False
Familia 'Guarniciones' ×1.25,familia,62663206.25,0.3881635915246484,210069895.42625,188710347.84,189841808.13,21359547.586250007,20228087.296250015,10.167828923277957,9.629217577894954,True,True,False
Planta monterrey ×1.20,planta,63831043.39999999,2.2590705220562945,213648432.479,192032862.3,193199087.628,21615570.17899999,20449344.85100001,10.117354912549914,9.571493042903567,True,True,False
Norte −20% / LatAm sur +10%,region,63996403.7,2.523982227686483,215037870.632,193279945.272,194373737.004,21757925.359999985,20664133.62799999,10.118183041923299,9.609532296459106,True,True,False
BA −15% + MTY +20% + large +10% / small −5%,combo,64290854.3275,2.9957001548727824,217180812.5967,195052408.68,196045859.1888,22128403.916700006,21134953.407900006,10.188931357298108,9.731501210996548,True,True,False
Large +10% / Small −5%,tamaño,64278938.25,2.976610274079472,217667159.43,195502741.296,196543017.036,22164418.134000003,21124142.393999994,10.18271115957109,9.704790768307586,True,True,False
Planta curitiba ×1.15,planta,65822460.85,5.449375530581402,220491360.3585,198179436.474,199347080.688,22311923.884499997,21144279.67050001,10.119182832480478,9.589618221830202,True,True,False
High-vol +10% / Low-vol −10%,volumen,67871921.10000001,8.732666686008494,227542512.84,204636408.768,205866232.854,22906104.071999997,21676279.986,10.066736007309006,9.526254990970418,True,True,False
Familia 'Bastones clasicos' ×1.15,familia,71153511.85,13.989864470257407,238533365.356,214559995.48499998,215850719.355,23973369.87100002,22682646.001000017,10.05032140271902,9.50921308939201,True,True,False
