sim,costo_actual,costo_optima,costo_bajo_protocolo,gap_proto_minus_optima,proto_gana
0,208714417.10129339,187650933.12926915,188679949.43907836,1029016.3098092079,False
1,210736372.57137313,189079880.41506523,190209440.3034643,1129559.8883990645,False
2,210623013.83805305,189595239.31953412,190596803.0030872,1001563.6835530698,False
3,208183097.22682047,187042772.4022045,188099833.34061652,1057060.9384120107,False
4,206370371.53912124,185661713.29887325,186672398.31713197,1010685.0182587206,False
5,210400385.7977698,189150475.95966905,190279832.37926334,1129356.4195942879,False
6,211614040.11562812,190315714.04267535,191435706.84969375,1119992.8070183992,False
7,208021585.75913933,186771623.17149234,187803847.02674896,1032223.8552566171,False
8,209995634.96561027,188629448.28717965,189704426.7234959,1074978.4363162518,False
9,212345863.76762238,190786723.91642988,191915456.37032887,1128732.453898996,False
10,210762550.83915398,189488370.38613015,190564375.66515875,1076005.2790285945,False
11,207549022.16300178,186672430.59417158,187699270.8748048,1026840.2806332111,False
12,212035413.2591203,190483835.66909415,191623434.33304545,1139598.6639513075,False
13,210591304.0755364,189117751.90364325,190214005.21327588,1096253.3096326292,False
14,210616094.27965507,188931347.11913675,190039310.17381448,1107963.0546777248,False
15,209630952.1025899,188102661.63272694,189168524.62505537,1065862.9923284352,False
16,211759072.58339542,190353975.69137704,191505103.92336357,1151128.2319865227,False
17,211302960.90230224,189974182.8143925,191052924.1793877,1078741.3649951816,False
18,209234600.44674033,188320982.03583428,189356245.39575934,1035263.3599250615,False
19,210539144.19454852,189241872.15126243,190319015.72461113,1077143.573348701,False
20,211331409.01797205,189718814.1142598,190882373.90486553,1163559.7906057239,False
21,211629966.87670973,190009300.27330804,191103245.43182924,1093945.1585212052,False
22,206879358.79889655,186146542.6451161,187169314.10222948,1022771.4571133852,False
23,209714470.24489436,188754680.0470759,189811411.48697394,1056731.4398980439,False
24,209834652.73875576,188694272.20732182,189776511.85868588,1082239.6513640583,False
25,210888022.3791925,189552984.67507234,190692437.5369306,1139452.8618582487,False
26,208125077.60836768,186777275.05693835,187828042.67620665,1050767.6192682981,False
27,211888757.98964155,190449262.30534497,191559035.08167106,1109772.77632609,False
28,209445203.31255084,188213081.98238322,189260898.44130647,1047816.4589232504,False
29,213293599.979959,191778396.24218798,192799265.00129133,1020868.7591033578,False
30,209342195.51927996,188425572.6617446,189641055.7289256,1215483.0671809912,False
31,207754938.1427548,186638884.5587196,187719743.4724487,1080858.9137291014,False
32,208008042.320768,186901250.1060998,188044271.32835996,1143021.2222601473,False
33,205806210.26754266,184721373.38028395,185819442.57091522,1098069.1906312704,False
34,209085203.83079407,187729761.7053951,188795294.3049307,1065532.5995355844,False
35,209654897.79238045,188585102.63382554,189683404.18417108,1098301.55034554,False
36,209507351.67440692,188324639.8861335,189428899.4851304,1104259.5989969075,False
37,210645271.5142392,189447131.9799747,190478511.67258596,1031379.6926112771,False
38,207224376.91581678,186370089.75414002,187406096.95876113,1036007.2046211064,False
39,211270755.07488814,189784077.40179607,190799110.3562577,1015032.9544616342,False
40,207722201.56579632,186509592.70028675,187580803.52586463,1071210.825577885,False
41,209461830.59478226,188170326.30493745,189262826.15721947,1092499.8522820175,False
42,209095786.2768611,187820530.28307968,188880344.7359409,1059814.4528612196,False
43,203982288.77642992,183219925.97020882,184253571.6707942,1033645.7005853653,False
44,208505149.5055703,187647789.18704805,188752175.71288106,1104386.5258330107,False
45,209323737.73877427,187916384.64617774,189011306.4211995,1094921.7750217617,False
46,206436898.43668044,185513148.9327713,186563793.9533767,1050645.020605415,False
47,207192241.06737706,186174419.61007196,187121500.7299167,947081.1198447347,False
48,207623715.3288091,186568172.00006348,187557966.14312276,989794.1430592835,False
49,210229909.93383145,188727533.36857915,189810423.1047702,1082889.7361910641,False
50,209360470.5962137,188138771.5566873,189196303.72358522,1057532.1668979228,False
51,210334664.06312907,188725033.39753076,189760900.77098268,1035867.3734519184,False
52,209588153.1110402,188613404.32498583,189675900.58487338,1062496.2598875463,False
53,208138606.2688012,187157330.922583,188184223.71420947,1026892.7916264534,False
54,212689608.5053179,191029306.18711513,192189581.1834449,1160274.9963297546,False
55,206109733.3307461,184994963.643857,186033472.50078034,1038508.8569233418,False
56,207933858.49319842,186685149.79119325,187822975.30435905,1137825.5131658018,False
57,207454228.4623218,186447403.30779883,187466543.951893,1019140.6440941691,False
58,210677265.05883163,188966555.57221314,190105224.89986888,1138669.3276557326,False
59,209202675.18083632,187784764.2806221,188941024.19783613,1156259.917214036,False
60,207291596.0524357,186220271.18638957,187300054.47817838,1079783.2917888165,False
61,211339399.87857884,190061297.85282335,191143835.73229522,1082537.8794718683,False
62,208679200.59024715,187260858.5931008,188397047.02889046,1136188.4357896745,False
63,205247719.86661977,184394343.9904915,185448137.57389587,1053793.5834043622,False
64,209261120.41243273,187877202.26291722,188965333.23871902,1088130.9758017957,False
65,207590420.39871234,186131687.74700826,187216536.20083526,1084848.4538269937,False
66,209099632.83074376,187749042.86424434,188867825.67613637,1118782.8118920326,False
67,212140117.10648057,190709058.70660025,191835891.26077384,1126832.5541735888,False
68,210505729.2524519,189135367.68759334,190217666.60416418,1082298.9165708423,False
69,208956695.81373173,187837940.86456034,188929223.07272157,1091282.2081612349,False
70,204686860.79508606,184249758.89923775,185303868.84105062,1054109.941812873,False
71,210244014.44841912,189003935.686768,190109112.66462222,1105176.977854222,False
72,211155464.29268098,189954204.85213068,191007134.16286227,1052929.3107315898,False
73,207606461.15426692,186551102.6268613,187611987.4928712,1060884.866009891,False
74,211288359.21655864,190092641.9711168,191114438.37252238,1021796.4014055729,False
75,209858487.864031,188404908.14330137,189479050.37872067,1074142.2354193032,False
76,208227388.46293223,187033555.5711201,188013978.69280505,980423.1216849387,False
77,210140624.25009862,188861601.3926961,189873853.57818794,1012252.1854918301,False
78,209688299.6290391,188757963.85948178,189768292.0868923,1010328.2274105251,False
79,213218071.01785797,191551333.29492593,192657492.18938696,1106158.8944610357,False
80,206273943.8977672,185348789.06356764,186400896.25873107,1052107.1951634288,False
81,206598647.60317346,185520901.8889999,186643079.51705134,1122177.62805143,False
82,208283910.89596307,186709074.8092903,187803375.58882996,1094300.7795396745,False
83,210218909.8818891,189061636.39882803,190079401.14637277,1017764.7475447357,False
84,208399292.59153563,187086792.8980757,188263663.8568576,1176870.958781898,False
85,209585313.26107216,188171922.58609343,189237213.24956882,1065290.6634753942,False
86,210128853.9652299,188969863.02433047,190042434.05985138,1072571.0355209112,False
87,212707418.42783898,191387796.75569296,192516873.69642466,1129076.9407317042,False
88,207647025.98854044,186545546.84085268,187564899.56328723,1019352.7224345505,False
89,205470315.17933917,184481273.7713325,185510035.1488474,1028761.3775148988,False
90,210408042.62629518,189453161.5545426,190550209.839573,1097048.2850303948,False
91,214196814.736317,192354915.30154887,193527122.264171,1172206.9626221359,False
92,209481178.6364364,188409066.31598362,189497558.3310815,1088492.0150978863,False
93,214315301.04956776,192423510.88823742,193607367.79003572,1183856.901798308,False
94,210195968.6417609,188933517.25663346,190018758.77106446,1085241.5144309998,False
95,206989010.67629737,186407074.64002454,187420173.8187321,1013099.1787075698,False
96,209767079.0008754,188713740.9269337,189817245.3418816,1103504.4149478972,False
97,207896699.06847516,186886224.43251932,188040791.4655731,1154567.0330537856,False
98,208785575.6517784,187765262.68223044,188867386.86890602,1102124.1866755784,False
99,208772311.57154575,187862143.41684088,188896701.45780736,1034558.040966481,False
100,210499431.2862801,189058841.1773382,190186394.357547,1127553.1802087724,False
101,207246659.78100908,186193710.275242,187221088.56469142,1027378.2894494236,False
102,207963670.29041803,186819450.72040275,187952994.50169548,1133543.7812927365,False
103,208710084.25448304,187780348.46160233,188732970.66297883,952622.2013764977,False
104,209285385.0249386,187847784.14245227,188977144.97279447,1129360.8303422034,False
105,205429404.0991401,184332990.10184187,185416948.832044,1083958.7302021384,False
106,208239820.70316753,187302620.41133782,188348404.4634738,1045784.0521359742,False
107,209886754.13369673,188804638.61749232,189829423.9421889,1024785.3246965706,False
108,211902161.75991315,190673525.65640837,191765476.31888103,1091950.6624726653,False
109,208146229.21316022,187176733.2117594,188246831.23673275,1070098.0249733627,False
110,210760881.37416732,189190433.75042045,190326685.81607318,1136252.065652728,False
111,210389560.13418338,189046890.19509947,190173572.2212782,1126682.0261787176,False
112,209009571.85305637,187661188.64708954,188727899.6991058,1066711.0520162582,False
113,210436055.12734637,189039050.35735607,190163548.2267681,1124497.8694120347,False
114,209630297.17338353,188123771.13736337,189221342.77872556,1097571.6413621902,False
115,211753165.81416273,190249742.74575132,191306115.57749605,1056372.8317447305,False
116,212535906.14580587,191006518.17717183,192070743.29473287,1064225.1175610423,False
117,210404468.52230257,189349729.34933704,190398552.03849185,1048822.6891548038,False
118,211665629.35588145,190192161.59449062,191288484.03418148,1096322.4396908581,False
119,207800016.72843996,186936721.62083012,188040126.03681147,1103404.4159813523,False
120,208396680.5442673,187249713.73161018,188300978.2890084,1051264.5573982298,False
121,208460274.86485055,187496471.77889317,188567235.3086371,1070763.5297439396,False
122,208765979.1252771,187604798.8560113,188702783.9379174,1097985.08190611,False
123,210721163.16138634,189114940.48350918,190198845.09281108,1083904.609301895,False
124,211622668.77353433,190004756.94672957,191102233.052215,1097476.1054854393,False
125,207833946.08778933,186826154.7704592,187850305.02272534,1024150.2522661388,False
126,207935360.2953962,186731994.88710073,187847838.86715558,1115843.9800548553,False
127,206458663.71639553,185509111.24993536,186565954.5491529,1056843.299217552,False
128,210335695.81123132,189210169.53814268,190311870.1722899,1101700.6341472268,False
129,212094858.55578434,190482724.97165304,191562274.51453474,1079549.5428816974,False
130,206484789.0487062,185417346.99236584,186516241.71906418,1098894.726698339,False
131,209257202.4096107,187999723.43793938,189035963.9070114,1036240.4690720141,False
132,208310572.95655417,186978568.81027877,188097409.86428863,1118841.0540098548,False
133,206554608.49092603,185358093.9905691,186421838.82581183,1063744.8352427185,False
134,208349897.5384388,187234722.33603662,188317266.36555883,1082544.0295222104,False
135,207418251.85869664,186253021.23985633,187292307.4977521,1039286.2578957677,False
136,207661274.13966256,186778344.46683732,187878736.50977597,1100392.0429386497,False
137,212982610.85840997,191688981.65641832,192731960.47768027,1042978.8212619424,False
138,208207212.47780475,187138469.47391477,188278737.45079076,1140267.9768759906,False
139,213375164.2839007,191876469.60792297,192992552.87858784,1116083.2706648707,False
140,208275716.61118317,187318945.42126504,188388424.60073224,1069479.1794672012,False
141,207461567.15453905,186600972.00047615,187675680.2451227,1074708.2446465492,False
142,209959558.23672798,188741998.20860237,189763010.83716154,1021012.6285591722,False
143,211557931.43721125,190479465.8191374,191492822.97196367,1013357.1528262794,False
144,206327410.001404,185160558.3215942,186094016.3774143,933458.0558200777,False
145,209439574.2626053,188259490.46556056,189436503.76782283,1177013.3022622764,False
146,209942157.22986588,188710887.47831675,189756391.21818978,1045503.7398730218,False
147,209319932.11846045,188287971.5629065,189386626.43250155,1098654.8695950508,False
148,207487692.5417011,186440579.15333232,187546875.42620263,1106296.2728703022,False
149,208274733.6032141,187274891.1579184,188291605.81762785,1016714.6597094536,False
150,210782926.17442274,189258253.6431031,190402675.2113598,1144421.568256706,False
151,208988463.12370056,187649742.5524345,188716391.3343803,1066648.7819457948,False
152,210987085.19284964,189241138.27953133,190265513.14539093,1024374.8658595979,False
153,206016963.39424223,184978143.72078386,186085328.2879163,1107184.5671324432,False
154,211397844.50717962,189954887.64762092,191017974.83243102,1063087.184810102,False
155,207913970.74538246,186722747.9872587,187837348.57656303,1114600.589304328,False
156,213654143.73872918,192237760.38848704,193293119.30944058,1055358.920953542,False
157,210840149.4322396,189311498.24947643,190384813.08225518,1073314.8327787519,False
158,212117232.1731491,190956329.09709507,192039738.19285297,1083409.0957579017,False
159,210708693.81353876,188982872.16974825,190115309.2655229,1132437.0957746506,False
160,207368283.3238688,186301769.67695978,187327360.02809745,1025590.3511376679,False
161,208798649.62406632,187607630.64040557,188778737.40706167,1171106.7666561007,False
162,208835250.7796335,187434066.47033718,188486145.4775266,1052079.0071894228,False
163,212685323.35092485,191189952.41878274,192283598.32225388,1093645.903471142,False
164,206732651.26483583,185729711.9506536,186683924.74786416,954212.7972105443,False
165,205257993.4101244,184533204.98829904,185600959.51694575,1067754.5286467075,False
166,211061606.3971311,189822988.9070284,190901572.52431712,1078583.6172887087,False
167,211222220.08109713,190151243.5601396,191256580.40275788,1105336.8426182866,False
168,207998853.43179005,186959445.9242822,187987965.3207479,1028519.3964657187,False
169,210053629.82023156,188628474.24536723,189770186.95017636,1141712.7048091292,False
170,210502231.23842868,189193206.57176337,190292915.44978818,1099708.8780248165,False
171,205772104.35294843,184619413.89755782,185674988.82745212,1055574.9298942983,False
172,206137062.3815055,185182699.10162336,186271225.7942333,1088526.692609936,False
173,207472420.81904116,186285439.86548007,187315430.85421365,1029990.9887335896,False
174,209449292.29946488,188487996.77353013,189514593.98983976,1026597.2163096368,False
175,212361680.51266634,190587004.262985,191715759.22775477,1128754.9647697806,False
176,209113315.93357527,187713623.17207137,188730281.48718202,1016658.3151106536,False
177,210460333.18494096,189380013.2666858,190437808.2986991,1057795.032013297,False
178,206653267.82325667,185995710.43045896,187050818.29905635,1055107.8685973883,False
179,209493892.7051449,188362031.34060004,189441807.23471263,1079775.894112587,False
180,206356267.3088776,185402328.45282972,186470629.814472,1068301.3616422713,False
181,207458569.43072766,186507671.08386955,187568767.3133388,1061096.2294692397,False
182,211326904.5294791,189830171.56073424,190932501.89723408,1102330.33649984,False
183,210103975.48136026,188805320.95657346,189942793.3122769,1137472.3557034433,False
184,208499687.78729695,187502507.99726635,188613103.4654852,1110595.4682188332,False
185,212137493.3302354,190558531.43460125,191689553.53046432,1131022.095863074,False
186,209045549.30961403,187898252.7013903,188915761.22439572,1017508.5230054259,False
187,207670558.79129142,186634603.40795648,187755542.2203301,1120938.8123736084,False
188,210941397.29736015,189723843.17030963,190801445.21540236,1077602.0450927317,False
189,210848414.61621755,189500917.37222064,190627843.43469217,1126926.0624715388,False
190,208698782.79038918,187674665.8299469,188757102.12164116,1082436.2916942537,False
191,208379642.75695255,187107859.6932302,188187396.34698555,1079536.653755337,False
192,207960919.04310408,187099563.5774982,188190033.22491682,1090469.6474186182,False
193,207418510.82337257,186341854.9268384,187315517.654573,973662.7277345955,False
194,209538524.20688337,188449148.3845189,189509980.713424,1060832.3289051056,False
195,205902460.47951987,184974214.96761483,186077851.8748473,1103636.9072324634,False
196,208532231.2615429,187612232.11904594,188676198.30549303,1063966.186447084,False
197,206663380.71766734,185381531.00129306,186482416.9323697,1100885.9310766459,False
198,211626348.33033615,190060074.36083698,191128490.10529512,1068415.744458139,False
199,207338152.16698304,186173392.71820503,187284934.31402355,1111541.5958185196,False
200,208207111.41307938,187305058.7013906,188300800.99043113,995742.2890405357,False
201,207595210.4450668,186654166.68578628,187704844.77481264,1050678.0890263617,False
202,207202417.93434167,186510306.54025543,187584519.9822264,1074213.4419709742,False
203,207489130.56754574,186736598.1654472,187784649.00642255,1048050.8409753442,False
204,212611083.5525965,190793781.85171324,191850232.28161052,1056450.4298972785,False
205,205167999.68691802,184707966.2801894,185731261.7879296,1023295.5077401996,False
206,212486575.52708143,190875210.71656492,191956744.3005783,1081533.5840133727,False
207,211098422.33044243,189563386.48893243,190681322.48757917,1117935.9986467361,False
208,212772065.311385,191175142.89604932,192272092.76175046,1096949.865701139,False
209,208552487.98817846,187509902.57948214,188555955.89476463,1046053.3152824938,False
210,207249923.9142261,186295201.23631075,187383075.32845712,1087874.0921463668,False
211,211546878.29612726,190248365.71527278,191272902.60838214,1024536.8931093514,False
212,210043589.29864016,188803221.7631332,189858767.69007707,1055545.9269438684,False
213,211292882.29585007,189601187.2021154,190762698.0645737,1161510.8624583185,False
214,213516703.35322955,191974212.31260848,193095320.3422065,1121108.0295980275,False
215,210856199.24991086,189403223.41527998,190464696.05136803,1061472.6360880435,False
216,211511771.58186144,190311311.76361924,191390794.2106288,1079482.4470095634,False
217,207932021.40202662,186932768.77511054,187995396.22562617,1062627.4505156279,False
218,209602935.4940198,188421785.29481906,189497374.14166984,1075588.8468507826,False
219,209996199.97918412,188863919.07784545,189821008.71759194,957089.6397464871,False
220,207554584.85057485,186468308.39652076,187511069.3633656,1042760.9668448269,False
221,208856292.59887227,187829598.43565482,188857577.94174623,1027979.5060914159,False
222,208644334.84266406,187418418.67755693,188410335.4443769,991916.7668199539,False
223,213028911.80552164,191386175.49152422,192521804.87043983,1135629.378915608,False
224,210916199.98024035,189594511.05664992,190666290.04926193,1071778.9926120043,False
225,210229103.915995,188672283.44059607,189746905.0902032,1074621.649607122,False
226,209147014.559694,188222300.67443195,189310138.6655677,1087837.9911357462,False
227,208442317.76326314,187248986.66515684,188347152.42713407,1098165.7619772255,False
228,207392253.71886823,186527736.92643943,187523873.98795494,996137.0615155101,False
229,205689461.13029528,184734310.2278936,185707210.8679328,972900.6400392056,False
230,210532581.75188756,189305575.23356304,190384121.60602027,1078546.372457236,False
231,208970732.75338584,188015615.84008655,189083416.60843843,1067800.7683518827,False
232,211959692.49668974,190252185.3949404,191341321.75721958,1089136.3622791767,False
233,207862521.1060137,186719437.41191956,187847221.88695493,1127784.4750353694,False
234,209332304.3009016,188304355.12797117,189411978.665866,1107623.5378948152,False
235,212796081.3088604,191124279.07174534,192286899.36691445,1162620.295169115,False
236,206912574.2947951,186026529.443575,187073647.55928767,1047118.1157126725,False
237,208656633.47495556,187577281.35374662,188658010.5915121,1080729.237765491,False
238,208418330.91914213,187329362.76331535,188379967.02868325,1050604.2653678954,False
239,211755764.48437157,190359555.91420346,191405510.83861637,1045954.9244129062,False
240,207997512.66178283,186591537.2124417,187707650.42065546,1116113.2082137465,False
241,208018047.12388176,186912856.81576526,187890210.44536388,977353.6295986176,False
242,208762072.84504804,187324478.9963024,188381439.34188566,1056960.34558326,False
243,210763957.26763478,189477741.32746965,190600921.1835572,1123179.8560875654,False
244,210442103.6622255,189360631.16213503,190427369.36562112,1066738.203486085,False
245,212536507.52825752,190776597.5815117,191863876.11500037,1087278.533488661,False
246,209041622.0995684,187926109.0384303,188964339.68496352,1038230.646533221,False
247,210362973.61831865,188903673.33544216,189997270.13040397,1093596.79496181,False
248,208742645.7919378,187885525.65762517,188952382.28930834,1066856.6316831708,False
249,210684110.4631635,189436684.58133656,190530284.32034254,1093599.7390059829,False
250,209279383.64381483,188052215.47162667,189099364.31499732,1047148.8433706462,False
251,206962491.7488761,186417941.2665046,187415522.54247808,997581.2759734988,False
252,210859541.72348008,189596387.0262559,190724502.1592647,1128115.133008808,False
253,209881483.50808206,188431262.0634048,189505300.99774066,1074038.9343358576,False
254,209257682.43014598,187989286.38625813,189023367.61325574,1034081.2269976139,False
255,214018352.80566108,192386128.4568324,193528483.90541142,1142355.4485790133,False
256,210627607.18853664,189190332.5785933,190253609.5760316,1063276.9974382818,False
257,210533832.9317225,189304153.59212378,190375725.70556226,1071572.113438487,False
258,209503842.79751813,188151112.74190032,189237474.76224744,1086362.0203471184,False
259,207385964.6045633,186203153.7818077,187286009.19633174,1082855.4145240486,False
260,210299025.20745173,188748275.68776768,189811845.78714865,1063570.09938097,False
261,210958234.20670912,189556712.01605925,190599304.7958545,1042592.7797952592,False
262,210965165.83837897,189337434.90853304,190528541.24486238,1191106.336329341,False
263,210143391.7331663,188979378.946997,190087684.5922433,1108305.645246327,False
264,207973822.0512054,186954093.59999937,188073955.865145,1119862.2651456296,False
265,211535194.88413697,190302686.59904352,191318903.83768988,1016217.2386463583,False
266,205789879.31405243,184743469.03753406,185846362.39161116,1102893.3540771008,False
267,209249264.93225643,188074844.58705595,189125814.6297614,1050970.0427054465,False
268,212414073.48170653,190571096.3120903,191697084.93906733,1125988.6269770265,False
269,213490369.74500704,191436794.70456138,192533729.71178672,1096935.0072253346,False
270,210509671.53302827,188979000.06061888,190079252.33764768,1100252.277028799,False
271,210033883.318642,189051485.57452697,190171162.18917668,1119676.614649713,False
272,214113845.79828963,192548346.61321828,193612725.03112468,1064378.4179064035,False
273,209615317.34300667,188245563.36740077,189304047.698929,1058484.3315282464,False
274,206271543.21938983,185335299.7098916,186391153.93866742,1055854.228775829,False
275,213657738.71703535,192456386.69566876,193519858.61680704,1063471.9211382866,False
276,207722336.82025006,186613483.5751739,187646319.00562775,1032835.4304538369,False
277,212028871.57406574,190508544.41292858,191583258.27638513,1074713.8634565473,False
278,206805373.89376673,185823755.00973752,186881796.455782,1058041.4460444748,False
279,205478130.21711558,184842200.21390495,185897418.26597634,1055218.0520713925,False
280,208091889.54246676,187057589.40948442,188150397.83399594,1092808.424511522,False
281,209166011.603749,188035831.27542946,189148158.66450927,1112327.3890798092,False
282,209358163.96183947,187841632.83899665,188960886.80824253,1119253.9692458808,False
283,210503351.7780037,189405134.39908132,190454907.95389348,1049773.554812163,False
284,211628255.8197332,190219853.08513334,191424426.3912382,1204573.3061048687,False
285,207789060.0619673,186855169.3848271,187848460.33126247,993290.9464353621,False
286,210844715.5631715,189404383.8747714,190483051.6222573,1078667.747485906,False
287,210050452.26126593,188688427.66607252,189752538.74365595,1064111.0775834322,False
288,207808716.2374873,186796706.3642584,187856016.9595841,1059310.5953256786,False
289,209227743.07800603,187807263.6322097,188918968.13119656,1111704.49898687,False
290,207481385.34330866,186214235.94239923,187303345.72203964,1089109.7796404064,False
291,207205515.15648594,186233706.1602538,187287629.70068243,1053923.5404286385,False
292,209085852.2448578,188059981.03989568,189206388.2898668,1146407.2499711215,False
293,208433539.4654886,187479311.56613746,188547498.63578516,1068187.0696476996,False
294,210256846.0514893,188827189.27736235,189940024.31766817,1112835.040305823,False
295,210718907.90346745,189359203.1900539,190470288.452355,1111085.2623010874,False
296,210685041.11673743,189133123.91002426,190260795.23565304,1127671.3256287873,False
297,208570373.8190802,187309129.59596035,188414408.09609118,1105278.5001308322,False
298,207867127.69766262,186872005.02206355,187990623.6290924,1118618.607028842,False
299,209112337.0541293,188074805.7323017,189166119.25389475,1091313.5215930343,False
300,208324976.59430355,186835443.96262443,187960838.74717742,1125394.7845529914,False
301,208336468.29764444,187177203.0041661,188251428.72991157,1074225.7257454693,False
302,206137489.32582694,185459738.26696444,186490074.4088725,1030336.1419080496,False
303,210487829.3952679,189177161.92553335,190288884.61864007,1111722.693106711,False
304,204688651.9410413,184028540.93167153,185106327.37818927,1077786.4465177357,False
305,210102957.8724917,188770947.05338588,189947885.41913286,1176938.365746975,False
306,209113408.75467405,187913222.19848284,189002442.34359357,1089220.1451107264,False
307,213792112.89892972,192088766.62040126,193238850.74608505,1150084.1256837845,False
308,208653844.17800906,187448499.37215394,188483690.21780962,1035190.8456556797,False
309,206639210.00924748,185798347.2164041,186835224.4602585,1036877.2438544035,False
310,212391364.44732141,190865557.67196548,191942240.47798958,1076682.8060241044,False
311,211354188.77151045,190070387.34658343,191185417.71509314,1115030.3685097098,False
312,208235783.88607204,186873473.2207164,187845177.26919785,971704.0484814644,False
313,207447892.97122166,186219233.04933602,187350186.86376488,1130953.814428866,False
314,213512137.33982068,191576477.28546104,192632842.14029717,1056364.854836136,False
315,209124155.8408345,187831769.61428404,188939515.5701634,1107745.9558793604,False
316,210355774.91160393,189124352.19234642,190174870.6786581,1050518.4863116741,False
317,210194640.41526148,189001337.218151,190088205.81698143,1086868.5988304317,False
318,204228110.80850735,183513178.65459788,184538750.8052597,1025572.1506618261,False
319,211498064.3961667,190244365.23589554,191365332.23927101,1120967.0033754706,False
320,211917897.0304004,190649478.8401543,191698407.71539465,1048928.8752403557,False
321,210353813.59768522,189193127.11820847,190276127.97588462,1083000.8576761484,False
322,210680487.6103881,189206472.81308657,190295085.12805974,1088612.3149731755,False
323,210137312.07093936,189245003.3085831,190321744.11682194,1076740.8082388341,False
324,210236262.04753494,188842602.24454546,189890742.49526376,1048140.2507182956,False
325,208151355.7954763,186951187.17138824,188070531.27611867,1119344.1047304273,False
326,211487626.36679208,190186457.6988663,191245761.72292703,1059304.0240607262,False
327,207739256.16135392,186521486.6493514,187577800.55087763,1056313.9015262425,False
328,214274922.98343113,192349091.61576352,193515379.3813251,1166287.7655615807,False
329,208694825.80298266,187596852.6442444,188685202.6995282,1088350.0552837849,False
330,208694467.2324091,187665649.96741188,188632212.54957068,966562.5821588039,False
331,209734714.86274293,188542913.13219374,189638970.1636671,1096057.0314733684,False
332,205197623.76334634,184195970.34562236,185212988.52556205,1017018.1799396873,False
333,209941378.7652765,188518909.13937563,189589342.77356684,1070433.634191215,False
334,208243405.64587894,187228318.30110386,188275718.0317849,1047399.730681032,False
335,211277198.8904727,189819176.50819772,190944430.63104653,1125254.1228488088,False
336,206734399.11389762,185745903.91526985,186859308.7759234,1113404.8606535494,False
337,207385280.6415893,186348668.97017723,187296202.458318,947533.4881407619,False
338,212592412.68733913,190925390.99226007,191999992.4552154,1074601.4629553258,False
339,211271205.46241125,190176003.63510382,191320656.2799731,1144652.644869268,False
340,207529381.06095943,186649567.07923102,187678588.0786652,1029020.9994341731,False
341,208480994.54542214,187116596.60328537,188255567.239313,1138970.6360276341,False
342,209809308.27974194,188438408.78869438,189547184.96186748,1108776.1731730998,False
343,206864903.66401994,185795812.50292575,186892083.71200857,1096271.209082812,False
344,208205468.5607967,187048588.46960962,188025766.93735495,977178.4677453339,False
345,211128924.7498799,189291824.9664963,190413097.67654425,1121272.7100479603,False
346,210329012.227678,189219643.86004192,190262817.83678442,1043173.976742506,False
347,211541015.1533301,189974359.0193306,191091360.81062412,1117001.7912935317,False
348,210298028.21370175,188941422.30230284,190078886.04458278,1137463.7422799468,False
349,210567046.0989615,189322291.5596502,190420997.67338774,1098706.1137375236,False
350,210246529.42850104,188638705.6456553,189717082.40070108,1078376.7550457716,False
351,207021145.85546654,186132367.31184906,187199329.65519762,1066962.3433485627,False
352,209595374.82614172,188405420.00933778,189522404.1559212,1116984.1465834081,False
353,211817488.3014255,190768720.29129547,191865812.49700713,1097092.2057116628,False
354,210332090.92776695,188911390.15650672,189992197.06121084,1080806.9047041237,False
355,206305682.7294604,185701046.47843415,186672400.99004918,971354.5116150379,False
356,205002354.88292843,184173951.93297803,185238424.2143702,1064472.281392157,False
357,210619860.35989073,189591362.68471947,190621905.97667518,1030543.2919557095,False
358,206666846.22022754,185884848.6074358,186871966.21649015,987117.6090543568,False
359,207146608.90358818,185927342.1763432,187113677.71551314,1186335.5391699374,False
360,210880249.39665926,189608760.9727501,190630112.29100773,1021351.3182576299,False
361,207552536.40985698,186616086.08018035,187771008.1189593,1154922.0387789607,False
362,210044955.8468496,188796756.17495966,189883506.6782905,1086750.5033308268,False
363,211203634.32136774,189825350.79427728,190900783.18628818,1075432.3920108974,False
364,208799163.89492667,187680201.47415352,188722109.86313248,1041908.3889789581,False
365,209271310.87125495,188008949.13669473,189003388.1455715,994439.0088767707,False
366,208590500.03737652,187283565.88268927,188353165.95834875,1069600.0756594837,False
367,208342701.82852596,187356546.59553498,188549453.99849835,1192907.40296337,False
368,207193357.69960135,186456328.7856153,187527849.92105168,1071521.1354363859,False
369,214128674.08593246,192769518.5892002,193857618.64546305,1088100.0562628508,False
370,209726276.36486247,188529613.07275498,189666241.50123742,1136628.428482443,False
371,214135902.14435828,192712805.37458575,193784586.71842384,1071781.3438380957,False
372,206398412.59121376,185621004.94417748,186720856.1288448,1099851.184667319,False
373,210300641.11494142,188977961.60662314,190056835.67926902,1078874.0726458728,False
374,205978717.06284207,185172935.60385346,186208363.52107474,1035427.917221278,False
375,211744046.43975472,190516831.82762408,191614659.99075627,1097828.1631321907,False
376,211900516.05475497,189882952.1464788,191053158.60256177,1170206.45608297,False
377,205396756.21382892,184837783.7525084,185808451.2979864,970667.5454779863,False
378,207964020.91838044,186826282.40114227,187908811.90659875,1082529.5054564774,False
379,211794787.33462527,190315510.21007404,191389237.41160807,1073727.2015340328,False
380,205887036.2659922,185059365.52686226,186099484.61443806,1040119.0875757933,False
381,205982094.66882005,184778107.22689086,185840945.14272174,1062837.9158308804,False
382,211453780.21313715,189832229.80881736,190980800.24780086,1148570.4389835,False
383,205853863.2319734,184611339.55445525,185694966.98279697,1083627.4283417165,False
384,207460595.45309553,186318139.43694225,187421287.87552324,1103148.4385809898,False
385,209388117.8456364,187979461.7765236,189019761.7334678,1040299.9569441974,False
386,206549974.39863396,185294496.88621035,186404199.65219274,1109702.7659823895,False
387,211689077.5361516,190505218.11489838,191608618.10845464,1103399.993556261,False
388,208571185.19528073,187368714.0207187,188484527.5869469,1115813.566228211,False
389,203439522.51724046,182565269.85140592,183735931.81138754,1170661.9599816203,False
390,210540400.8307626,188984623.31675002,190057474.95445284,1072851.6377028227,False
391,208584505.97250813,187359168.42570242,188488542.38980442,1129373.964102,False
392,208926765.48473096,188161511.83881137,189133701.94090855,972190.1020971835,False
393,212447456.94350725,190917704.48649716,191949610.88893056,1031906.4024333954,False
394,210095023.7064343,189008796.51366562,190135492.97306037,1126696.459394753,False
395,211273789.76612222,189936231.90777922,191049971.6201737,1113739.712394476,False
396,207601169.92030126,186652804.57346612,187740460.07465065,1087655.501184523,False
397,207714259.11360037,186384878.14105245,187483966.73396868,1099088.5929162204,False
398,208890655.19116828,187509944.99991208,188636885.82596725,1126940.826055169,False
399,206084072.18958548,185064738.56624433,186107046.3637042,1042307.7974598706,False
400,210018688.06579617,188799233.7384147,189900155.58621338,1100921.8477986753,False
401,208045849.61752868,187135141.2638004,188240866.9205576,1105725.656757176,False
402,210993844.90175426,189674574.65511727,190758853.13780785,1084278.4826905727,False
403,208658858.11139876,187913887.59742564,188906349.1121006,992461.5146749616,False
404,209112266.72129145,187978678.47540402,189044922.2367296,1066243.761325568,False
405,208555732.24765232,187242639.46944827,188251152.5283007,1008513.0588524342,False
406,209717563.86885354,188247245.61963043,189343179.914135,1095934.2945045829,False
407,213212568.72934398,191604195.54220492,192700451.4114078,1096255.869202882,False
408,208809696.84919906,187661515.44151103,188718617.53483674,1057102.0933257043,False
409,207264676.89615113,186197774.5088874,187267025.9903259,1069251.4814384878,False
410,207966184.3611606,186565138.93188402,187636061.6041832,1070922.6722991765,False
411,209353760.78783908,188094745.7477853,189155378.95746905,1060633.209683746,False
412,207935852.89717117,186936353.03331396,187996350.24797434,1059997.2146603763,False
413,210505877.26238814,189019670.8737042,190079004.77511698,1059333.901412785,False
414,206512468.74340487,185405653.96430248,186446506.26727113,1040852.302968651,False
415,208362716.90594894,187169250.2094134,188239102.53584823,1069852.326434821,False
416,212729107.18186805,191256799.83877105,192383737.44415948,1126937.6053884327,False
417,207930933.28667268,186894130.0594305,187966328.4222198,1072198.362789303,False
418,212377242.71448308,190856755.6611416,191919596.3617368,1062840.7005952,False
419,210283161.93514714,188946029.14692223,190068867.56189752,1122838.4149752855,False
420,210313048.26240128,189075553.90361372,190174825.86653292,1099271.9629192054,False
421,212154220.56280604,190598536.85103112,191734616.12953973,1136079.2785086036,False
422,206321967.63950264,185438152.14380953,186434973.46282625,996821.3190167248,False
423,208970821.2104528,187742109.40433055,188792050.24476117,1049940.8404306173,False
424,212349162.6686493,190625806.65475076,191756294.88169184,1130488.226941079,False
425,208756377.70537242,187493511.24438515,188506693.1199385,1013181.8755533397,False
426,208477175.9778791,187303271.36786252,188452315.80322474,1149044.4353622198,False
427,210538391.39709738,188882515.0273903,189964187.5414579,1081672.5140675902,False
428,210019930.725225,188893393.22190732,190037382.08621287,1143988.8643055558,False
429,208660809.3488248,187633269.93587518,188721884.22476467,1088614.2888894975,False
430,205482089.2352555,184970831.5900363,186005512.62812495,1034681.0380886495,False
431,209805336.00989056,188489078.51232198,189593634.681141,1104556.1688190103,False
432,209098002.3661342,188048853.08491427,189114440.49495575,1065587.4100414813,False
433,207990202.19640794,187116423.35004914,188106724.5183132,990301.1682640612,False
434,210541022.42965662,189369861.8070069,190454310.1261119,1084448.3191049993,False
435,209242373.58356124,188186716.0030397,189299597.93607357,1112881.9330338836,False
436,206900054.59787533,185971251.89034104,186929631.8079729,958379.9176318645,False
437,208096874.54902077,186823526.85574734,187938765.91532713,1115239.0595797896,False
438,209716338.20251954,188289326.13615263,189402026.77665564,1112700.640503019,False
439,207466010.0207308,186302889.7804684,187419391.32845637,1116501.5479879677,False
440,207458612.54689932,186489156.53328606,187573301.1638497,1084144.6305636466,False
441,209812379.8869285,188617650.62836275,189675719.04278708,1058068.41442433,False
442,208284276.7789271,187252428.38841563,188305904.34594917,1053475.9575335383,False
443,206159486.39351478,185340964.61202595,186299148.28571257,958183.6736866236,False
444,208147829.71426988,187054266.69449678,188177424.61877578,1123157.9242790043,False
445,212163808.18750194,190805048.28969333,191900648.21446323,1095599.9247699082,False
446,212281830.36020198,190660041.05008522,191756368.9073102,1096327.857224971,False
447,212880534.72430563,191429398.42986235,192524233.40103582,1094834.9711734653,False
448,210651193.90186852,189329307.36640778,190430491.70973134,1101184.3433235586,False
449,208712604.37797573,187373544.77505076,188459107.08414045,1085562.3090896904,False
450,213787438.30879062,192193526.44605207,193303594.5699909,1110068.1239388287,False
451,208787452.70114514,187769059.15286693,188888477.72210985,1119418.5692429245,False
452,208757668.67526543,187725636.16698605,188755658.98438054,1030022.817394495,False
453,212882274.8864565,191385044.98326468,192466621.0965195,1081576.1132548153,False
454,213519207.54083264,191900990.71811602,193006127.23138607,1105136.5132700503,False
455,206372286.1547236,185403120.50215003,186499628.17725772,1096507.6751076877,False
456,210885441.93990165,189444579.02172777,190525362.51856178,1080783.49683401,False
457,209446108.50630677,188292941.64611423,189409968.36432847,1117026.7182142437,False
458,206729905.48666954,185687286.86027256,186774476.37854797,1087189.51827541,False
459,206514812.22344196,185663048.87660265,186706679.80723584,1043630.9306331873,False
460,211618966.08571982,190163470.78962618,191235288.15760058,1071817.3679744005,False
461,210820158.7245686,189308889.13589883,190451147.83011034,1142258.6942115128,False
462,208163781.1443567,186787692.96367756,187955586.87704328,1167893.9133657217,False
463,213558464.91279256,192019079.4921487,193132744.26359564,1113664.7714469433,False
464,209500050.8329266,188290801.00462967,189394394.52366748,1103593.519037813,False
465,206041158.5856833,184956379.73715967,186038627.7253319,1082247.988172233,False
466,207748979.61000964,186413542.8843099,187497345.76702395,1083802.882714063,False
467,213136978.1049672,191528141.42046982,192679211.10013598,1151069.6796661615,False
468,209172576.4208608,187634196.66447562,188699380.02184874,1065183.3573731184,False
469,210460323.6429686,189112789.40682325,190139857.76199198,1027068.35516873,False
470,208678182.85059315,187647307.51711443,188734997.25020278,1087689.7330883443,False
471,211578621.06354547,189919941.45517305,190989717.1744599,1069775.719286859,False
472,208250752.21814892,187107718.50270715,188236419.12805164,1128700.625344485,False
473,208082861.2212202,187094371.75517005,188101561.3378617,1007189.5826916397,False
474,206410237.79921967,185598166.95387548,186743234.03129843,1145067.0774229467,False
475,209196245.7356623,188139065.00399312,189162542.21858066,1023477.2145875394,False
476,211194365.49733773,189731259.03535914,190811081.650962,1079822.615602851,False
477,209414318.02107546,188026439.2978806,189101484.51755884,1075045.219678253,False
478,210005527.9311964,188918094.49495068,189975079.04508826,1056984.5501375794,False
479,210402389.92281273,189161408.48760992,190257876.03846568,1096467.5508557558,False
480,206240035.10733104,185115347.2350562,186196294.05399767,1080946.818941474,False
481,208696296.33797923,187695425.73536187,188720648.88515636,1025223.1497944891,False
482,209278763.14904103,187963760.7986166,189082716.78845707,1118955.9898404777,False
483,211865460.3704873,190270723.7126373,191388014.06875667,1117290.3561193645,False
484,208980722.4516438,187912570.23410577,188959151.40015596,1046581.1660501957,False
485,210082709.92849895,188395281.65960088,189529038.6682639,1133757.0086630285,False
486,208408090.07112998,187090120.44605145,188171227.26456797,1081106.8185165226,False
487,210704640.1341847,189561016.30639863,190674623.82703343,1113607.5206348002,False
488,213088116.18730438,191442617.28297088,192569514.38759202,1126897.1046211421,False
489,210480296.9057418,189053212.5055424,190199361.877272,1146149.3717296124,False
490,206395564.71853375,185478382.626417,186470661.42182603,992278.7954090238,False
491,210954803.76806054,189299520.61350924,190439640.5510497,1140119.9375404716,False
492,211023581.38643944,189756905.02214843,190822905.0664209,1066000.0442724824,False
493,206256002.23250547,184969771.8440605,186011717.3310262,1041945.4869656861,False
494,208251905.54867646,187257213.52213618,188360311.64590687,1103098.123770684,False
495,210504466.94627026,189139913.4813242,190298027.24974284,1158113.76841864,False
496,208037986.93680826,186651791.83689463,187720169.42348054,1068377.5865859091,False
497,205019633.2710752,184201761.5625432,185258988.89273334,1057227.3301901221,False
498,208744326.18361244,187740110.95223993,188805706.73515293,1065595.7829129994,False
499,209467277.37990654,188243393.2698918,189339154.21987796,1095760.9499861598,False
500,207821193.37867418,186227130.65303758,187341643.92871022,1114513.2756726444,False
501,207880467.614883,186755887.92636466,187842182.62068403,1086294.6943193674,False
502,213737743.9283005,192033813.71073842,193130782.0495249,1096968.3387864828,False
503,208478006.1236341,187287808.9142375,188326352.2773726,1038543.3631350994,False
504,211487880.28666702,190173207.273346,191209603.58260733,1036396.309261322,False
505,209102810.47473347,188144972.41050318,189118601.14992064,973628.7394174635,False
506,206800480.84862408,185718846.1306656,186777703.16990465,1058857.039239049,False
507,208777787.03362262,187730578.96311966,188840017.38343543,1109438.4203157723,False
508,207359325.7871828,186592198.512691,187647545.47214684,1055346.9594558477,False
509,207596730.01313227,186432416.8358471,187477454.45126873,1045037.615421623,False
510,208773866.15459046,187684833.06529883,188759964.39479584,1075131.3294970095,False
511,213731224.3824889,192280982.8082507,193313455.17477986,1032472.3665291667,False
512,210200865.38888973,188666619.82014653,189834902.62644607,1168282.8062995374,False
513,207339749.10336608,186307415.12533098,187314557.00760004,1007141.8822690547,False
514,208239749.26163056,186857200.01619565,187884468.64207986,1027268.6258842051,False
515,208274540.02630997,187480207.09400085,188587600.5151354,1107393.4211345613,False
516,212762760.845957,191137001.13996863,192212335.2349819,1075334.0950132608,False
517,208426012.33628404,186903003.1267974,188009270.084214,1106266.957416594,False
518,212642371.9998567,191206614.87220436,192221733.14584395,1015118.2736395895,False
519,211913328.6830657,190269232.91388947,191334759.8766378,1065526.962748319,False
520,209922275.1541472,188699351.2946551,189776391.38166413,1077040.0870090127,False
521,209688963.87636113,188244489.14055577,189373447.01775715,1128957.8772013783,False
522,209634549.39509892,188588906.98403454,189691296.3902251,1102389.4061905742,False
523,208890532.97749957,187384105.39122277,188543797.048824,1159691.6576012373,False
524,210090161.8508657,188700614.03886896,189791270.45297286,1090656.4141038954,False
525,207880898.41784123,186561976.70603883,187611668.10175276,1049691.3957139254,False
526,209922776.26136348,188753473.29979724,189861612.77224383,1108139.4724465907,False
527,208379743.30501089,187145238.46513557,188218791.01998112,1073552.5548455417,False
528,206426272.41171718,185393558.0347696,186455951.24211332,1062393.2073437274,False
529,207816690.5967276,187257132.7385118,188397477.2495373,1140344.5110254884,False
530,210641279.83171827,189228730.23831606,190226109.03788522,997378.7995691597,False
531,206535054.59078202,185264491.7480503,186365011.49485922,1100519.7468089163,False
532,206919786.67331666,185764129.3085804,186831758.27344343,1067628.964863032,False
533,213198252.19188598,191625064.65990907,192663238.04511535,1038173.3852062821,False
534,210980018.3843608,189645395.43146092,190719238.4770853,1073843.0456243753,False
535,215191097.25239846,193581175.81884044,194577796.72327885,996620.9044384062,False
536,209010047.61088225,187791856.88589644,188884603.53002474,1092746.6441282928,False
537,210574176.6451592,189095673.52517352,190169328.7716657,1073655.2464921772,False
538,209064984.05637497,188086400.7675967,189104549.48312002,1018148.7155233324,False
539,212238564.2682125,190803317.64953437,191852177.08785686,1048859.4383224845,False
540,208559729.97189793,187079025.13810617,188203882.45930058,1124857.3211944103,False
541,210391963.68592268,189156931.25149518,190337465.2255406,1180533.9740454257,False
542,210576489.2980202,189220810.37105492,190318671.46149594,1097861.0904410183,False
543,209633422.3865751,188538073.97187173,189662664.67369407,1124590.7018223405,False
544,214693236.8693687,192978945.35210213,194149432.34388018,1170486.991778046,False
545,210190896.69662645,188693587.3312384,189839226.05785698,1145638.726618588,False
546,210630415.6000813,189616528.11317953,190618916.60956222,1002388.4963826835,False
547,212172676.43764436,190625503.55538514,191734314.6798355,1108811.1244503558,False
548,210274359.99747574,188805128.85151052,189884578.76438984,1079449.912879318,False
549,210248392.3974893,189045080.99537686,190156253.4955572,1111172.5001803339,False
550,210189419.5227826,188553297.46850893,189665879.66571394,1112582.197205007,False
551,212971891.00478935,191672971.41998625,192723887.72048044,1050916.300494194,False
552,208004384.1677513,187203363.22061104,188309409.6016707,1106046.3810596764,False
553,207990082.79342967,186604080.8431703,187658519.3272416,1054438.4840713143,False
554,213890764.17254108,192118228.9819861,193221851.49405536,1103622.512069255,False
555,211762404.1774729,190714301.05834943,191764546.64727893,1050245.5889295042,False
556,209509960.82628486,188227428.43057036,189251326.2235721,1023897.7930017412,False
557,209744210.47103482,188197318.69358385,189325853.27851826,1128534.5849344134,False
558,208113601.75659052,186917710.020114,187995696.22270834,1077986.2025943398,False
559,207105318.21752226,186251284.95862845,187362566.91140574,1111281.9527772963,False
560,208464263.53948417,187115671.13205504,188220309.16050005,1104638.0284450054,False
561,210887025.2537952,189402805.0694665,190492402.41846582,1089597.3489993215,False
562,214372087.62469915,192572505.21070525,193743418.764703,1170913.553997755,False
563,211064506.71354327,189348316.34279037,190473761.9687201,1125445.625929743,False
564,207861700.97192463,186674304.53574926,187771812.20289865,1097507.6671493948,False
565,212769455.6480256,191169155.87803286,192342028.55606574,1172872.678032875,False
566,210615364.48175514,189104565.2524576,190208379.91277847,1103814.660320878,False
567,211697330.2931374,190345032.9896039,191505056.84105974,1160023.8514558375,False
568,209542537.98203132,188008328.3946158,189137536.32062936,1129207.926013559,False
569,210219069.81812656,189214158.8803314,190260590.22797075,1046431.3476393521,False
570,209284887.3404306,188674986.9999586,189696040.00719503,1021053.0072364211,False
571,208498836.33473006,187657022.85693252,188667214.083882,1010191.2269494832,False
572,208336637.77795362,187223653.41732892,188309196.5036743,1085543.0863453746,False
573,209299949.68009102,188223186.9124085,189290540.62610593,1067353.7136974335,False
574,211661223.4570068,190342514.1624422,191431450.73937246,1088936.5769302547,False
575,209962648.455649,188701073.05395624,189805355.10716707,1104282.0532108247,False
576,210736316.59481978,189411425.95356372,190473896.49881592,1062470.545252204,False
577,210570646.92146447,189380188.8424166,190413524.2012322,1033335.3588155806,False
578,212723749.44100904,191174191.93700412,192257174.40431735,1082982.46731323,False
579,211352889.8174256,189873475.02005154,191030375.20666075,1156900.1866092086,False
580,207986220.1633817,187065601.0833704,188188344.91223162,1122743.8288612366,False
581,211609846.93715784,190170634.77597535,191297084.71768296,1126449.941707611,False
582,204027013.39763874,183296175.05535668,184379523.4840698,1083348.428713113,False
583,213357302.49574152,191492320.78080934,192556182.23743466,1063861.4566253126,False
584,212870478.6967103,191504895.82473665,192588530.81184053,1083634.9871038795,False
585,215832998.8959606,193982243.11087197,195080299.15922183,1098056.0483498573,False
586,207844559.06574595,186753159.03742847,187786854.65577713,1033695.6183486581,False
587,210007269.63412938,188604098.27198654,189740859.04037905,1136760.7683925033,False
588,212385604.64548424,190786829.01103175,191896623.4651926,1109794.4541608393,False
589,209621362.2875282,188050355.81803262,189207031.71518812,1156675.8971554935,False
590,208717018.1121786,187643990.01811886,188706074.47506666,1062084.4569478035,False
591,210820907.759279,189420006.33482465,190580763.38549772,1160757.0506730676,False
592,211317179.08785376,189655790.7700737,190757220.68676338,1101429.9166896641,False
593,208479432.51080087,187327528.65246972,188401661.84146014,1074133.1889904141,False
594,208137637.75902554,187233350.9406287,188305872.27825233,1072521.337623626,False
595,207592890.3089733,186336815.92039734,187426803.93625814,1089988.015860796,False
596,210416424.09386232,188941361.8262283,190052345.57788926,1110983.7516609728,False
597,207330446.07432047,186193088.84359813,187184047.5502629,990958.7066647708,False
598,209420504.34612405,188023754.96743423,189030259.53123948,1006504.5638052523,False
599,207368760.38335323,186181052.0043555,187202548.5736658,1021496.5693103075,False
600,208559679.1924628,187466453.18099105,188532211.02077782,1065757.839786768,False
601,208496232.3897658,187522895.0644962,188619813.9649975,1096918.9005013108,False
602,208113631.06657737,187040918.94827202,188103642.62406474,1062723.675792724,False
603,209422676.1832702,188181402.13269305,189220247.29352525,1038845.1608321965,False
604,214350398.12278926,192612728.20699537,193737592.90751493,1124864.7005195618,False
605,213924935.66609865,192274795.61034572,193336089.07777563,1061293.4674299061,False
606,211510386.8376249,190254064.5053513,191345018.12515882,1090953.6198075116,False
607,211273842.34518513,190190190.49920735,191251499.80129492,1061309.3020875752,False
608,209189979.8857895,188144899.09865695,189241561.59427282,1096662.4956158698,False
609,206360289.13139305,185346619.54147837,186374341.7224259,1027722.1809475422,False
610,208275679.5769083,187123893.9805703,188126943.8646629,1003049.8840925992,False
611,208334305.9174143,186748708.06241783,187907248.04055694,1158539.9781391025,False
612,207355294.91091794,186667167.17381614,187714631.37148178,1047464.1976656318,False
613,208634891.6380933,187264105.0884055,188373783.95389003,1109678.8654845357,False
614,210737319.65343532,189362884.07614648,190451172.18203735,1088288.10589087,False
615,212927219.81351173,191442052.80189723,192542375.34890762,1100322.547010392,False
616,206438577.45666778,185389742.2938472,186536581.82301095,1146839.529163748,False
617,210669953.1735976,189230822.2409951,190283347.9468938,1052525.7058987021,False
618,208889372.84576088,187556332.91178492,188679154.57500765,1122821.6632227302,False
619,208153355.76137453,187102527.26291633,188168170.18113357,1065642.9182172418,False
620,208852589.91910017,188015180.44846123,189060298.8084943,1045118.3600330651,False
621,206725934.98746678,185680095.51336765,186681849.50906664,1001753.9956989884,False
622,213145961.85476175,191504340.96246007,192619019.6453029,1114678.6828428209,False
623,209988794.390455,188691373.34117112,189767321.01733226,1075947.6761611402,False
624,211318444.70731807,189734427.44063765,190796229.34817973,1061801.9075420797,False
625,208570283.189738,187412918.64074457,188425662.6937752,1012744.0530306399,False
626,210960160.1683387,189659077.71887153,190737838.42381874,1078760.7049472034,False
627,210028562.2336588,188763539.29966486,189876246.27537087,1112706.975706011,False
628,209661820.85276183,188356823.53789908,189455757.23235193,1098933.694452852,False
629,212053099.97421247,190411693.84729028,191503110.5217321,1091416.6744418144,False
630,212258507.15593567,190926493.19670832,191991548.9932394,1065055.7965310812,False
631,209103902.39170128,187753091.4397278,188788066.9179462,1034975.4782183766,False
632,211216579.46856326,190108037.0450997,191165147.28263313,1057110.2375334203,False
633,210010608.44069067,188623079.87776494,189694558.7367761,1071478.8590111732,False
634,210375770.18267483,189172407.10460955,190374272.89781517,1201865.7932056189,False
635,210325000.51848894,188633386.43947116,189782588.6433263,1149202.203855157,False
636,211675697.89199603,190638125.04840824,191696219.90016204,1058094.851753801,False
637,209798777.4709087,188515882.35711777,189531571.87514478,1015689.5180270076,False
638,207230356.34487486,185999238.24728316,187163421.90669686,1164183.6594136953,False
639,209743111.74090058,188299463.9031239,189346309.7093632,1046845.8062393069,False
640,209495692.41135865,188529347.61801487,189521257.3137211,991909.6957062185,False
641,212695133.64971995,190925579.45620555,191965801.77140617,1040222.3152006269,False
642,208329411.1090631,187294673.66319004,188433642.55811906,1138968.8949290216,False
643,209698769.75053602,188420507.7824825,189536680.33424166,1116172.5517591536,False
644,209368425.80724365,187736807.14225647,188840997.6111454,1104190.4688889384,False
645,208626976.12925282,187337839.7035874,188417794.19626805,1079954.492680639,False
646,206375241.9913746,185577886.70111936,186653127.92022157,1075241.2191022038,False
647,214051926.4632494,192610014.20765808,193691545.2020634,1081530.9944053292,False
648,208584582.23036283,187248097.4065157,188257691.00247186,1009593.5959561765,False
649,213702373.8899567,192050403.47195777,193082507.90492186,1032104.4329640865,False
650,209961627.14213154,188616784.20518968,189682337.2110925,1065553.0059028268,False
651,213660664.66012546,191928613.9783074,193030221.50995883,1101607.5316514373,False
652,208414818.4743851,187317335.0462558,188380116.96129495,1062781.915039152,False
653,210672684.75383458,189119632.5552999,190201943.70839116,1082311.1530912519,False
654,211566350.52662694,190264240.14828876,191410834.1984084,1146594.0501196384,False
655,208607259.31005824,187470102.9760799,188527266.64190125,1057163.6658213437,False
656,208099319.52896908,186877094.368675,188023523.88729832,1146429.5186233222,False
657,206376914.61219043,185351851.19254592,186390246.18532866,1038394.9927827418,False
658,210688861.9103798,189539621.69779733,190611324.0153836,1071702.317586273,False
659,209441232.70287448,188045404.77216032,189185496.4116887,1140091.639528364,False
660,208761498.0645358,187553495.9314489,188682840.1389777,1129344.2075287998,False
661,208920822.90038657,187121903.0469492,188284306.34398457,1162403.2970353663,False
662,209041353.8648303,187819841.10939032,188873447.90770438,1053606.7983140647,False
663,208724633.2422895,187747884.09113705,188813283.47774988,1065399.3866128325,False
664,209360599.28302762,188085267.3829021,189168330.50566596,1083063.1227638721,False
665,203799562.23966455,183254079.0851057,184283156.39971113,1029077.3146054447,False
666,212760522.13384748,191054089.3836628,192145598.82018942,1091509.4365266263,False
667,209385565.67781284,188170092.00064698,189263222.83746687,1093130.8368198872,False
668,208667608.88639557,187584527.4772612,188642304.23028892,1057776.7530277371,False
669,215371186.50956428,193545006.1111789,194641101.52901357,1096095.4178346694,False
670,211359389.27867624,189961641.51625806,191099899.70286605,1138258.1866079867,False
671,214959338.2708879,193294948.22278342,194371248.12625295,1076299.9034695327,False
672,209608297.99314338,188194039.2333361,189227539.9034791,1033500.6701430082,False
673,207608234.98104468,186485719.5468755,187573588.7312041,1087869.1843285859,False
674,208156640.1423002,187173538.6002599,188177574.77062538,1004036.1703654826,False
675,206130614.0546337,185075903.0548445,186176947.10863215,1101044.0537876487,False
676,208324635.20974678,187300185.6413117,188389681.99724576,1089496.3559340537,False
677,204469771.31404367,183584948.47730938,184646854.84582987,1061906.3685204983,False
678,211586006.5903019,190474360.54631886,191535873.12445027,1061512.5781314075,False
679,208252473.81284088,187166943.23561713,188247132.6769466,1080189.4413294792,False
680,211912006.14936566,190427020.2741201,191570414.5576981,1143394.2835780084,False
681,209591917.5279748,188390717.94313237,189464965.63114822,1074247.6880158484,False
682,210602679.71102408,189326462.47978434,190394936.51957792,1068474.0397935808,False
683,209473458.27977937,188568891.44616616,189673330.63100088,1104439.1848347187,False
684,207329473.06683457,186429966.06748337,187439625.2026565,1009659.135173142,False
685,209036548.64004004,187875402.36063433,188996570.92583373,1121168.565199405,False
686,210337056.17064708,189149820.48531818,190245490.27250537,1095669.7871871889,False
687,204794354.3470829,183830911.90254188,184872004.4333038,1041092.5307619274,False
688,209628997.40079606,188534077.09570387,189612681.64777178,1078604.5520679057,False
689,212254892.01755732,190970321.02867424,192057126.8091241,1086805.7804498672,False
690,207046458.81390485,185740202.8909087,186838668.44292402,1098465.5520153344,False
691,211286884.85889578,190000145.80409458,191054686.11100674,1054540.306912154,False
692,209185148.87870878,188395260.8905508,189397434.61961326,1002173.7290624678,False
693,205909988.60573298,184939630.76347888,186071021.78565553,1131391.0221766531,False
694,204379936.14304945,183605248.37240413,184727867.46473455,1122619.092330426,False
695,211813432.27675715,190135314.07576612,191232560.28511736,1097246.2093512416,False
696,211358706.89000064,189990887.3605132,191091401.55527416,1100514.1947609484,False
697,209400827.45751107,188042401.81116807,189087388.91341746,1044987.1022493839,False
698,208649276.93427676,187570755.36809552,188669505.35998246,1098749.9918869436,False
699,211219601.9264068,189807420.10882127,190946884.65115014,1139464.5423288643,False
700,209951292.95634094,188384254.2644021,189432406.36877334,1048152.1043712497,False
701,211972699.16051233,190705716.28439477,191845591.93956828,1139875.6551735103,False
702,209637581.35052615,188307552.8591347,189330022.58908114,1022469.7299464345,False
703,210349139.00058368,188833192.54655054,189844929.19635564,1011736.6498050988,False
704,210883964.0310042,189287510.07056263,190440536.01502326,1153025.9444606304,False
705,201494180.02669737,181037090.84464392,182113880.92539883,1076790.080754906,False
706,207658231.08605033,187013916.89182466,188148156.9120029,1134240.0201782286,False
707,205093844.1818649,184274390.4387492,185247271.63172653,972881.192977339,False
708,206552551.02786583,185653763.83815277,186721340.7538895,1067576.9157367349,False
709,208389724.90861577,187167202.9390781,188301516.59507942,1134313.6560013294,False
710,208340943.53543153,187211128.63260922,188294894.85705212,1083766.2244428992,False
711,207263405.92866933,186236129.96176946,187287189.48917496,1051059.5274055004,False
712,210166164.50830397,189031121.5505145,190102030.61486715,1070909.0643526614,False
713,210994328.20721418,189846487.5478022,190931876.13599697,1085388.5881947577,False
714,209886475.49688885,188474484.20385644,189631595.5213244,1157111.3174679577,False
715,209642151.778239,188639940.88403797,189779397.83881274,1139456.9547747672,False
716,209613628.0123922,188686288.48791888,189683960.1142477,997671.626328826,False
717,212683766.2262871,191204210.6806522,192312538.36642247,1108327.6857702732,False
718,209383123.49195895,188378185.85009226,189528053.50888994,1149867.6587976813,False
719,207972289.39867595,186726184.18816805,187836369.44708803,1110185.258919984,False
720,207943513.49741268,187050729.41001815,188126624.1216607,1075894.7116425633,False
721,210963236.22882923,189350866.31803164,190384639.7028526,1033773.3848209679,False
722,211011169.50573692,189436322.64074078,190524843.40968686,1088520.7689460814,False
723,212542886.8936666,191272158.3319716,192390220.38944566,1118062.0574740767,False
724,211028937.5746558,189588831.17955825,190719611.4276401,1130780.248081863,False
725,208580862.68744183,187433332.71999055,188526197.1436311,1092864.4236405492,False
726,210383843.86187553,189250402.86615837,190351628.4630715,1101225.596913129,False
727,207397676.6665755,186726143.8999652,187783855.51794073,1057711.617975533,False
728,211323444.2198554,189631847.61334804,190730375.81879696,1098528.2054489255,False
729,211277755.56444663,189757853.75866327,190829936.69299442,1072082.9343311489,False
730,207479624.29710457,186230356.04900873,187376544.75999498,1146188.7109862566,False
731,210403958.59736368,188907364.70784798,190002940.29681814,1095575.5889701545,False
732,210253800.6024127,188919390.4184474,190057736.75505614,1138346.3366087377,False
733,210928076.9615083,189529121.39236993,190554315.46456894,1025194.0721990168,False
734,210111688.84544954,188930561.48265877,190004136.36186135,1073574.8792025745,False
735,205920885.3842709,184724903.6080218,185799812.81636882,1074909.2083470225,False
736,208045688.22670346,187084055.09540847,188099054.61149117,1014999.5160827041,False
737,211068058.9685121,189912833.47382054,191048458.07187408,1135624.5980535448,False
738,207894413.877643,186957234.75270522,188038692.2138229,1081457.4611176848,False
739,211183695.47169226,189777294.09823272,190908663.11631846,1131369.018085748,False
740,210146936.19674695,189003583.3900991,190080036.34141552,1076452.9513164163,False
741,212519498.99931997,191084309.81750903,192206741.00213844,1122431.1846294105,False
742,206213994.7985738,185415051.15671217,186467096.87540776,1052045.718695581,False
743,207866699.8948171,187012785.45387316,188050168.58066052,1037383.1267873645,False
744,208395041.03935185,187342419.26836365,188385417.36183798,1042998.0934743285,False
745,210717406.58111876,189520106.4351768,190584301.1017489,1064194.6665721238,False
746,211891005.04393572,190826588.95887575,191913946.16122544,1087357.2023496926,False
747,215379403.85021427,193749768.51663548,194850756.7721603,1100988.2555248141,False
748,211547106.67785296,189891548.6064692,190993613.36046296,1102064.7539937496,False
749,209389059.86337122,188157645.63006553,189193912.57512838,1036266.945062846,False
750,207436785.9361923,186802076.75062928,187892549.30109927,1090472.5504699945,False
751,210475592.06673342,189046495.50856194,190154758.30830893,1108262.7997469902,False
752,207937195.73558503,186897693.1884866,187973903.42450774,1076210.2360211313,False
753,209036898.0673517,187864157.45281503,188900579.6923397,1036422.2395246625,False
754,208087730.56763726,187129661.54694384,188167113.34609982,1037451.7991559803,False
755,210184275.69651204,188699053.70881325,189832645.0849436,1133591.3761303425,False
756,210341797.6580409,189143377.55965382,190221006.05361748,1077628.4939636588,False
757,210864178.31475854,189465397.85609278,190466582.51442707,1001184.658334285,False
758,212087664.25747287,190623997.95422024,191676526.54668862,1052528.592468381,False
759,209169428.9661686,188108461.2724252,189162419.12909696,1053957.8566717505,False
760,210738797.99533406,189495308.80441847,190592248.52094597,1096939.7165274918,False
761,211080789.51720276,189708912.32405093,190804765.1418856,1095852.8178346753,False
762,206487061.82719052,185487347.61881778,186552793.11443686,1065445.4956190884,False
763,208761064.53382492,187494093.26379627,188583033.28899238,1088940.0251961052,False
764,206736376.0590129,185834926.9007301,186959003.4267972,1124076.526067108,False
765,210112280.29130566,188825071.10494614,189937534.93704778,1112463.832101643,False
766,211044116.70316783,189661686.9551338,190806315.0544813,1144628.099347502,False
767,210089145.47708827,188748979.05219293,189861330.6469824,1112351.5947894752,False
768,210941662.43118042,189908627.1256836,190946171.69756085,1037544.5718772411,False
769,209252413.37595338,188045934.71742415,189096304.14063042,1050369.4232062697,False
770,210563223.2027226,189420580.88494572,190464444.2396048,1043863.3546590805,False
771,209298195.74737006,188458317.42730108,189559615.7736218,1101298.3463207185,False
772,211429150.11308658,189914055.0130827,190902663.77117303,988608.7580903172,False
773,209449779.4857029,188428020.80216014,189442036.85049382,1014016.0483336747,False
774,210584137.6433372,188992292.75395828,190033837.13375935,1041544.3798010647,False
775,212961708.9112366,191482135.4024986,192566663.1474554,1084527.7449567914,False
776,210186477.53927758,188912238.3516262,190037283.7206359,1125045.3690097034,False
777,206334809.31697488,185666502.86806953,186704667.45361263,1038164.5855430961,False
778,212983824.30358565,191110129.4841363,192181438.78808466,1071309.3039483428,False
779,211430377.30244577,189992981.69241583,191080045.75597894,1087064.0635631084,False
780,211430123.859805,190046345.64621767,191133931.67873397,1087586.0325163007,False
781,211140505.58392304,189877180.2305207,191006493.2355762,1129313.005055517,False
782,207404993.81479433,186518863.80631375,187597379.58743486,1078515.781121105,False
783,208074889.5098381,187154111.15114868,188281349.53360698,1127238.3824582994,False
784,210746191.12430814,189273681.37241817,190298616.89001763,1024935.5175994635,False
785,212134096.91015834,190709937.7354647,191732202.49383396,1022264.758369267,False
786,208259304.55528602,187445370.5808925,188499437.1872996,1054066.606407106,False
787,206822225.46550027,185789502.69422218,186827789.96382844,1038287.2696062624,False
788,209160991.04222813,188076617.17439288,189128587.56819326,1051970.3938003778,False
789,212678027.92084286,191101671.64123863,192169201.3600127,1067529.7187740803,False
790,211930718.30767506,190371402.09051841,191333994.81995702,962592.7294386029,False
791,205174563.99232334,184179945.94000044,185238807.58557862,1058861.6455781758,False
792,205539204.5142879,184825736.14977714,185887660.65649587,1061924.506718725,False
793,208848442.69399586,188037125.19578913,189065951.49418724,1028826.2983981073,False
794,208694150.62213275,187565848.51250124,188661256.76464504,1095408.2521438003,False
795,206460176.5546168,185538064.12252715,186538731.5678537,1000667.4453265369,False
796,210408224.37809387,189012263.73644534,190104681.05144244,1092417.3149971068,False
797,210774911.06231266,189253998.21019566,190318689.08974603,1064690.8795503676,False
798,208219364.08707717,187022405.6763678,188108818.70510995,1086413.0287421644,False
799,209923119.28257656,188333437.9674797,189430698.78877714,1097260.821297437,False
800,209668390.1626241,188726925.49243468,189757590.6462,1030665.1537653208,False
801,210573481.93392625,189295064.0575328,190361992.77397096,1066928.7164381742,False
802,206704631.84933928,185803734.39673153,186831481.14604947,1027746.749317944,False
803,210070304.35019848,188822333.40715027,189919133.7946921,1096800.3875418305,False
804,210549834.5050803,188939440.1330883,190070527.5111254,1131087.378037095,False
805,210468130.399894,189245960.48491514,190332760.8769076,1086800.3919924498,False
806,211626773.36759257,190052831.11109146,191139326.96400544,1086495.8529139757,False
807,206935884.91341463,186031176.4653193,186977864.763526,946688.298206687,False
808,204393690.09993783,183518994.3725814,184602827.08407035,1083832.7114889622,False
809,208968095.01273197,187670477.74663818,188776244.3452093,1105766.5985711217,False
810,206841311.04398966,185857986.9426324,186910676.0660492,1052689.1234167814,False
811,211209612.15983772,189805825.64615667,190911303.62514284,1105477.9789861739,False
812,211591647.74454513,190113335.7431243,191225542.001914,1112206.2587896883,False
813,209841375.50852874,188191266.85286385,189345009.72943893,1153742.8765750825,False
814,207350744.63468647,186104367.85204282,187247963.8959518,1143596.0439089835,False
815,209232072.17118627,187976976.35397476,189060875.4441473,1083899.0901725292,False
816,208713142.72237334,187465387.72101924,188561048.17136163,1095660.450342387,False
817,205777004.02525783,185109753.0203786,186198918.68773147,1089165.667352885,False
818,208911874.04961458,187917656.69420245,189029040.07188344,1111383.3776809871,False
819,207716928.53962606,186818061.25174224,187995548.6971583,1177487.445416063,False
820,209944324.62576598,188567543.63019893,189642783.14244068,1075239.512241751,False
821,211652398.083967,189776181.69504976,190778400.52644452,1002218.8313947618,False
822,210426165.0888568,189020734.2020429,190135987.82085338,1115253.6188104749,False
823,209341293.73201042,187662148.04938588,188805886.9563938,1143738.9070079327,False
824,208037707.57213438,187148576.1267453,188294598.05360413,1146021.9268588126,False
825,211115043.5758486,189741773.2474509,190888165.3308669,1146392.083416015,False
826,210532026.80588412,189220751.01316786,190270331.8180305,1049580.8048626482,False
827,209682463.51261663,188583306.85791424,189635344.3180964,1052037.4601821601,False
828,208327643.98736885,187153122.05375046,188272556.43327945,1119434.3795289993,False
829,211789978.56702363,190488484.21952403,191512362.91912284,1023878.699598819,False
830,206543330.09094632,185668666.06333965,186773319.15931314,1104653.0959734917,False
831,208193234.66891983,187046837.4174629,188075763.3967973,1028925.979334414,False
832,206881499.4564071,185996433.2587502,187101436.431748,1105003.1729978025,False
833,205537147.20593113,184312118.84955212,185388617.8236658,1076498.974113673,False
834,209102840.358597,187980538.08268434,189124627.81363362,1144089.7309492826,False
835,209110235.13140053,188020696.4543438,189049563.9821701,1028867.5278263092,False
836,210232820.96265143,188868653.9901076,189931300.13801235,1062646.1479047537,False
837,209794619.4775934,188701045.07705277,189710147.44287497,1009102.365822196,False
838,214819146.53775817,193227261.7226492,194304855.17396545,1077593.4513162673,False
839,206680167.70713055,185688593.0407724,186773133.2298559,1084540.1890834868,False
840,211603827.9473249,190148646.45947152,191255578.9163505,1106932.45687899,False
841,213336972.37699723,191674434.2468913,192792280.05378193,1117845.8068906367,False
842,210732972.08804208,189279662.66926467,190431798.52746868,1152135.8582040071,False
843,210989198.26725632,189508242.5471808,190591904.18872437,1083661.6415435672,False
844,208512343.56244457,187123056.64337057,188197721.33060527,1074664.6872346997,False
845,208472997.60139197,187240565.30275697,188309535.23011515,1068969.9273581803,False
846,211775922.6722901,190416988.10806042,191525369.35570943,1108381.247649014,False
847,212106064.01381662,190726340.77135473,191727344.0095965,1001003.2382417619,False
848,208659109.17061442,187369506.60288772,188482378.83327022,1112872.230382502,False
849,211304403.5008071,189771041.7540498,190861782.86159885,1090741.1075490415,False
850,210858239.81202915,189645855.77189928,190775255.9609477,1129400.1890484095,False
851,211028129.8339801,189819597.46051097,190917609.19901145,1098011.7385004759,False
852,207177953.4769497,185858894.1303509,187025843.8633873,1166949.733036399,False
853,210011091.3897253,188868484.40615183,189954996.85479602,1086512.448644191,False
854,212193187.7636416,191025663.5121397,192091906.5206849,1066243.00854519,False
855,210481325.26304173,189220984.60612783,190342510.16331512,1121525.557187289,False
856,211083375.73557234,189656370.59379643,190704966.03654274,1048595.4427463114,False
857,210050376.0102762,189085433.25250268,190074214.7087071,988781.4562044144,False
858,209237634.81218797,188064143.8839457,189147857.36950502,1083713.4855593145,False
859,208998634.30501217,188031245.2923129,189162987.63273865,1131742.3404257596,False
860,208521575.37927607,187538008.7803184,188614529.77632335,1076520.996004939,False
861,207992648.63373005,186844108.1162125,187922358.39509362,1078250.2788811326,False
862,208310398.2153344,187130679.26050785,188217816.4200888,1087137.159580946,False
863,211564143.68952388,189947019.68556246,191077461.0704818,1130441.3849193454,False
864,209726796.58329064,188507742.33584386,189428662.50022787,920920.1643840075,False
865,211841536.26993534,190659027.25320485,191711960.05421883,1052932.8010139763,False
866,207944273.96726474,186700488.4682374,187826502.51186088,1126014.0436234772,False
867,207631870.4058122,186770562.3918185,187911605.0399737,1141042.6481552124,False
868,208431473.9571181,187335962.20144206,188409026.4013497,1073064.1999076307,False
869,211982980.6538981,190575585.3337766,191617026.47763714,1041441.1438605487,False
870,210572067.504362,189091404.3766806,190207810.21679842,1116405.8401178122,False
871,202734338.1888014,182084305.50143734,183103226.12381887,1018920.6223815382,False
872,207892410.41222763,186935502.51431254,187978502.62029594,1043000.1059834063,False
873,213059040.0715841,191775209.62019035,192858055.2595958,1082845.6394054592,False
874,207151890.6973734,186075930.02860755,187219027.85533386,1143097.8267263174,False
875,210821160.50313282,189223580.45754188,190368515.51318973,1144935.05564785,False
876,210886216.94356126,189802171.97293437,190929819.9528688,1127647.9799344242,False
877,209935653.66817588,188373769.70241684,189407315.23753375,1033545.5351169109,False
878,207439379.51184708,186280890.34123567,187369026.12096903,1088135.7797333598,False
879,208238244.34649473,187130942.90412745,188192530.80373812,1061587.8996106684,False
880,209276407.06779596,187830653.03027403,188949701.34465224,1119048.314378202,False
881,209348969.29917926,188454456.91007066,189606300.43516442,1151843.525093764,False
882,208963760.37038514,187572274.71145496,188677861.02679026,1105586.3153353035,False
883,209204262.12753087,187868497.2886506,189032056.35185516,1163559.0632045567,False
884,209870899.0865803,188641681.21210402,189739686.46984988,1098005.257745862,False
885,207833129.15670162,186729595.1634008,187775755.85052913,1046160.6871283352,False
886,208347108.93192777,187416935.9871697,188492127.790219,1075191.8030492961,False
887,213198746.11244884,191769644.4557424,192863724.9064491,1094080.4507067204,False
888,211543352.23335513,190321539.13897556,191452711.86342296,1131172.7244473994,False
889,214860154.25714764,193143596.88976327,194207878.49004304,1064281.6002797782,False
890,208471969.0197659,186588044.90814418,187668253.2245729,1080208.316428721,False
891,209897519.73714504,188378351.91699585,189504435.13320148,1126083.2162056267,False
892,208235563.4986833,187151524.8159188,188146696.7968966,995171.9809778035,False
893,210427084.10217762,189172321.5829666,190241162.10138053,1068840.5184139311,False
894,208827438.6763538,187367185.60520202,188442486.04458874,1075300.4393867254,False
895,208212579.4141186,187129895.70593593,188232528.03780636,1102632.3318704367,False
896,209881838.53477046,188493397.04264292,189594823.541069,1101426.4984260798,False
897,207641500.95738873,186707179.46988797,187724299.72245842,1017120.2525704503,False
898,209189490.85464203,188190645.39775738,189267789.52911627,1077144.1313588917,False
899,210193192.19221598,188832539.18928266,189885420.14408514,1052880.9548024833,False
900,207694438.46955925,186571077.6591865,187732495.97034156,1161418.311155051,False
901,207011490.71014962,186166403.51622552,187139796.3440505,973392.82782498,False
902,212532949.25573343,191362436.348096,192440391.17181116,1077954.8237151504,False
903,211707039.4631153,190174972.01257718,191290453.3169361,1115481.3043589294,False
904,210404023.0992121,189020143.52225876,190099622.50836346,1079478.986104697,False
905,208940540.2103165,187889286.6787815,188940689.56916907,1051402.890387565,False
906,209068840.56351358,187792415.489294,188882093.950162,1089678.460868001,False
907,205380236.2821228,184510010.15093678,185599248.4167082,1089238.2657714188,False
908,212748488.71156484,191312033.72146004,192449538.5738086,1137504.852348566,False
909,210402733.21968833,189267567.38553914,190313031.14497158,1045463.759432435,False
910,208873099.73601562,187368259.90360907,188421498.6585019,1053238.754892826,False
911,206989937.0113193,185963487.58905667,187008496.8314963,1045009.2424396276,False
912,208305224.109798,187079975.04326126,188228969.91380674,1148994.8705454767,False
913,210556654.2780716,189561848.78508222,190572953.00738284,1011104.2223006189,False
914,208826285.14067668,187704738.2700144,188812092.39314222,1107354.123127818,False
915,210785313.12984785,189342596.33885816,190445696.42550087,1103100.0866427124,False
916,207808374.41459027,186517867.4239359,187596031.80792737,1078164.3839914799,False
917,210479336.26567453,188972575.80130896,190053956.37786752,1081380.5765585601,False
918,210822440.660127,189154008.49036998,190262331.30704895,1108322.816678971,False
919,206881825.6358758,185881836.53781784,187003198.416324,1121361.8785061538,False
920,209269878.74831834,187970601.6685972,189081162.09974226,1110560.431145072,False
921,211157719.15447506,189820714.35942763,190939599.8462534,1118885.4868257642,False
922,212731674.91770843,191369301.7011187,192496867.23637524,1127565.5352565348,False
923,209648492.1747538,188437697.65518844,189546464.39149174,1108766.7363032997,False
924,207101560.87995294,186204748.13399827,187273559.07864466,1068810.9446463883,False
925,207607360.12086955,186985176.43100965,187992015.90477145,1006839.473761797,False
926,208623899.17794976,187655945.72756517,188663383.11427587,1007437.3867107034,False
927,209941450.28931755,188519556.65124965,189640710.6651194,1121154.0138697624,False
928,206100906.31974232,185165862.99416697,186236710.13878366,1070847.1446166933,False
929,211152946.53973842,189130323.58477467,190197930.7087137,1067607.1239390373,False
930,208301747.63271496,186985767.99572375,188090358.65150136,1104590.6557776034,False
931,211066537.20016527,189828867.46376407,190861202.11759618,1032334.6538321078,False
932,210870872.79207218,189429923.2645453,190551736.20815128,1121812.9436059892,False
933,209609079.71059588,188500632.3553795,189572483.60970062,1071851.2543211281,False
934,205945796.29661697,184967541.7131296,186032802.61779407,1065260.9046644568,False
935,204585462.68209982,183917088.64276645,184916928.06140465,999839.4186381996,False
936,211173159.15637928,189911374.06195956,191014712.7799579,1103338.7179983258,False
937,212725462.86052176,191221153.3963495,192264353.88253516,1043200.4861856699,False
938,210190896.06591737,188769069.6441227,189775678.95307022,1006609.3089475334,False
939,210613466.98129106,189120190.94479156,190186786.18347713,1066595.238685578,False
940,210062081.77874172,188691467.17710868,189799065.71389255,1107598.536783874,False
941,209393712.28236973,188007990.09205806,189106846.27451226,1098856.1824541986,False
942,205187170.74088284,184115459.99989057,185217682.8160833,1102222.8161927462,False
943,208791134.83301157,187373495.16759998,188506260.02973565,1132764.8621356785,False
944,208491441.37692395,187236204.41917786,188190730.06031975,954525.6411418915,False
945,212669985.1052215,191054535.45470902,192145534.4865668,1090999.0318577886,False
946,210586250.88668707,189220827.3622374,190330990.1021562,1110162.7399187982,False
947,205747940.22994775,184912575.20979363,185988501.62666616,1075926.4168725312,False
948,212275279.1613047,190964832.53154302,192039091.33843032,1074258.8068872988,False
949,208987114.30449748,187341211.10858104,188400878.2157834,1059667.107202351,False
950,208611096.1366183,187295512.7980087,188426612.18437454,1131099.386365831,False
951,210455199.81224197,188922790.86543924,190003443.88058734,1080653.0151481032,False
952,207860710.8656686,186947447.34298995,187959161.53990048,1011714.1969105303,False
953,207848759.81334203,186952740.9464042,188018406.9229277,1065665.9765235186,False
954,207245304.3948863,185911315.44028708,186902720.68433788,991405.2440508008,False
955,211893865.60387465,190709005.92915425,191746195.32865685,1037189.3995026052,False
956,211330092.48871893,190111174.79251197,191138011.28580725,1026836.4932952821,False
957,209310410.69514567,188233589.49731436,189251373.94035965,1017784.4430452883,False
958,212167244.01988834,190841736.0489028,191975825.70143515,1134089.652532339,False
959,210106279.69270375,188476728.93364185,189508133.0068035,1031404.0731616616,False
960,210060967.10475716,188875545.94282937,189975364.4122178,1099818.4693884254,False
961,210197929.5946058,188894186.6349111,189960309.46786505,1066122.8329539597,False
962,211105457.31704846,189511219.88712916,190643209.66985002,1131989.7827208638,False
963,207490166.44843516,186425292.18033874,187402023.1598523,976730.9795135558,False
964,212205330.60156423,190695518.5974389,191774842.75680718,1079324.1593682766,False
965,211805836.25211546,190613747.67108095,191673223.8869316,1059476.2158506513,False
966,209078439.6721557,187712677.9115405,188773545.5187214,1060867.6071808934,False
967,212952829.12015098,191760626.94821176,192821234.0224208,1060607.0742090344,False
968,205958245.6366635,185015501.08850786,186047897.99598858,1032396.9074807167,False
969,205283288.4337693,184752929.61910063,185716024.81200606,963095.192905426,False
970,207132007.16944447,185955802.26955065,187068972.20968318,1113169.9401325285,False
971,208893654.70130938,187507678.93034568,188603439.32160297,1095760.391257286,False
972,209105833.06928512,188223372.2626686,189318866.19912994,1095493.9364613295,False
973,212274037.90909654,190784047.15584594,191892755.73647898,1108708.5806330442,False
974,209732185.90814567,188568876.35925362,189654174.5401746,1085298.1809209883,False
975,207447362.63496485,186387754.16982374,187452184.04821122,1064429.878387481,False
976,212265757.8830524,190703494.5973674,191838212.17911696,1134717.5817495584,False
977,209583739.5720498,188307815.28246337,189376776.8689286,1068961.5864652395,False
978,204782789.24040017,184074798.41649878,185131967.64877245,1057169.232273668,False
979,204770992.09675223,183976086.94217294,185004858.6499071,1028771.7077341676,False
980,212958870.2048779,191214866.4324363,192301093.91958883,1086227.4871525466,False
981,212707237.4243882,191472367.14269596,192589622.80274245,1117255.660046488,False
982,204613981.66691542,183745497.17174256,184832309.5997638,1086812.4280212522,False
983,210457058.10327604,189263990.7055587,190371526.03748512,1107535.3319264352,False
984,209399443.41416717,188403209.9693899,189412364.21704623,1009154.2476563454,False
985,209798864.6417912,188313145.31850046,189383544.85665968,1070399.5381592214,False
986,208876818.17905447,187820391.34847373,188838532.03483582,1018140.6863620877,False
987,208522631.0211975,187199412.83375937,188251169.02405828,1051756.190298915,False
988,214548103.77378544,193028096.36741027,194115781.84557542,1087685.4781651497,False
989,210442407.60170597,189045363.98127335,190072051.50996715,1026687.5286937952,False
990,209270520.4584292,187924342.02691507,188967468.9309954,1043126.9040803313,False
991,209849205.36857885,188506543.58358374,189523366.47340238,1016822.8898186386,False
992,210346617.65070736,188813642.5096462,189991563.3566706,1177920.8470243812,False
993,213706063.3822557,191870034.50050777,192969068.28111166,1099033.7806038857,False
994,207537956.01742926,186424609.14563903,187480138.13129666,1055528.9856576324,False
995,207944019.63969627,186733908.0070548,187861070.44660825,1127162.4395534396,False
996,209088280.69301072,187940057.28515857,189005157.76482397,1065100.4796653986,False
997,209887509.10828185,188742022.94786727,189825586.8653905,1083563.917523235,False
998,211048067.77087367,189486701.78481776,190620702.0233498,1134000.2385320365,False
999,210966057.31848723,189716122.2372826,190868255.66656116,1152133.4292785525,False
