shock_pct,solucion,label,total,packaging,flete,score,n_tipos
-20.0,Mark17_min,Indep. · warm mínimo,151580154.24,21825954.240000002,129754200.0,9.44387519699077,42
-20.0,Mark17_baseline,Indep. · warm baseline,151545632.25599998,21791432.255999997,129754200.0,9.464499117762115,42
-20.0,Mark17_mark15,Indep. · warm Mark15,151566078.144,21811878.144,129754200.0,9.452284455527996,43
-20.0,Best,Distribución Óptima,151031567.376,22092917.376,128938650.0,9.771608736851283,55
-10.0,Mark17_min,Indep. · warm mínimo,170431161.354,24462861.354,145968300.0,9.49512651338359,42
-10.0,Mark17_baseline,Indep. · warm baseline,170387202.65399998,24418902.654,145968300.0,9.518470111763902,42
-10.0,Mark17_mark15,Indep. · warm Mark15,170452389.024,24484089.024,145968300.0,9.4838538824134,43
-10.0,Best,Distribución Óptima,169574505.00599998,24523905.005999997,145050600.0,9.950040824717824,55
-5.0,Mark17_min,Indep. · warm mínimo,179821298.76,25748648.759999998,154072650.0,9.534498215493166,42
-5.0,Mark17_baseline,Indep. · warm baseline,179762503.944,25689853.944,154072650.0,9.564077039405817,42
-5.0,Mark17_mark15,Indep. · warm Mark15,179838173.781,25765523.780999996,154072650.0,9.526008635822036,43
-5.0,Best,Distribución Óptima,178843085.127,25738835.127,153104250.0,10.026623385158963,55
0.0,Mark17_min,Indep. · warm mínimo,189213871.5,27035371.499999996,162178500.0,9.568768825052484,42
0.0,Mark17_baseline,Indep. · warm baseline,189207125.57999998,27028625.58,162178500.0,9.571992911353203,42
0.0,Mark17_mark15,Indep. · warm Mark15,189194622.18,27016122.18,162178500.0,9.577968677542579,43
0.0,Best,Distribución Óptima,188079384.24,26921184.240000002,161158200.0,10.110975793604956,55
5.0,Mark17_min,Indep. · warm mínimo,198668026.635,28379776.635,170288250.0,9.571744944209662,42
5.0,Mark17_baseline,Indep. · warm baseline,198660943.419,28372693.418999996,170288250.0,9.57496903051037,42
5.0,Mark17_mark15,Indep. · warm Mark15,198647814.849,28359564.849,170288250.0,9.580944796699756,43
5.0,Best,Distribución Óptima,197478483.564,28261083.564,169217400.0,10.113192433502254,55
10.0,Mark17_min,Indep. · warm mínimo,208117257.80400002,29721957.804000005,178395300.0,9.576589886589721,42
10.0,Mark17_baseline,Indep. · warm baseline,208112870.916,29717570.916,178395300.0,9.578495914840008,42
10.0,Mark17_mark15,Indep. · warm Mark15,208069094.766,29673794.766,178395300.0,9.597515907734422,43
10.0,Best,Distribución Óptima,206871733.614,29597533.614,177274200.0,10.117748970785483,55
20.0,Mark17_min,Indep. · warm mínimo,226945287.264,32340687.263999995,194604600.0,9.613120266415663,42
20.0,Mark17_baseline,Indep. · warm baseline,226909021.944,32304421.944,194604600.0,9.627563875960751,42
20.0,Mark17_mark15,Indep. · warm Mark15,226895780.78399998,32291180.783999994,194604600.0,9.632837513280496,43
20.0,Best,Distribución Óptima,225596616.648,32215716.647999994,193380900.0,10.150263514633039,55
