planta,solucion,costo_total,costo_envio,costo_cajas,util_pallet_media_pct
Curitiba,Actual,74878226,64084500,10793726,82.5
Curitiba,Bajo Protocolo,67811003,58123500,9687503,93.0
Curitiba,Óptima,67336232,57683550,9652682,93.6
Santiago,Actual,53086259,45590850,7495409,83.4
Santiago,Bajo Protocolo,46907135,40301100,6606035,94.8
Santiago,Óptima,46702504,40097400,6605104,95.1
Buenos Aires,Actual,30418785,25981500,4437285,85.7
Buenos Aires,Bajo Protocolo,28507982,24568350,3939632,93.0
Buenos Aires,Óptima,28266606,24403950,3862656,94.9
Bakersfield,Actual,29282743,25119300,4163443,83.3
Bakersfield,Bajo Protocolo,25955846,22273800,3682046,95.2
Bakersfield,Óptima,25913479,22233000,3680479,95.5
Monterrey,Actual,21569082,18292650,3276432,81.8
Monterrey,Bajo Protocolo,20015984,16911750,3104234,91.8
Monterrey,Óptima,19860563,16740300,3120263,92.2
