grosor_mm,ECT,precio_base,viable,n_fail_ECT,flete_piso,pack_piso,total_piso,score_techo,delta_vs_3
2.5,600,0.6,False,69,,,,,
2.7,730,0.6,False,13,,,,,
3.0,1000,0.6,True,0,161104650.0,26216782.619999997,187321432.62,10.47322459504997,0.0
4.1,1200,0.65,True,0,165175200.0,28401514.505,193576714.505,7.483629605409397,6255281.88499999
4.5,1400,0.65,True,0,165968100.0,28401514.505,194369614.505,7.1046778793536465,7048181.88499999
4.6,1450,0.7,True,0,164904300.0,30586246.389999997,195490546.39,6.568949448767606,8169113.769999981
4.7,1500,0.7,True,0,165003600.0,30586246.389999997,195589846.39,6.5214908708922925,8268413.769999981
4.8,1550,0.7,True,0,165105900.0,30586246.389999997,195692146.39,6.472598499123465,8370713.769999981
5.0,1650,0.7,True,0,166336650.0,30586246.389999997,196922896.39,5.884384554309347,9601463.76999998
