delta_mm,alto_mm,best_total,best_score,best_util_pct,best_capas_mean,cota_total,cota_score,ahorro_best,ahorro_cota
0,1800.0,187584964.2,10.347274604999281,93.91657972533089,7.908665105386417,187321432.62,10.47322459504997,0.0,0.0
1,1801.0,187584964.2,10.347274604999281,93.86443281820964,7.908665105386417,187321432.62,10.47322459504997,0.0,0.0
10,1810.0,187584964.2,10.347274604999281,93.3977035942517,7.908665105386417,186735382.62,10.753316232147931,0.0,586050.0
20,1820.0,187584964.2,10.347274604999281,92.8845293986789,7.908665105386417,185245432.62,11.465409969361659,0.0,2076000.0
50,1850.0,187423564.2,10.424412716470334,91.48039954625885,7.925058548009368,182951632.62,12.561688780342463,161400.0,4369800.0
54,1854.0,187413814.2,10.429072546624255,91.29142580971187,7.927400468384075,182882332.62,12.594809419282635,171150.0,4439100.0
100,1900.0,184652164.2,11.748951515298566,90.72884144223347,8.01639344262295,179720782.62,14.105813113962364,2932800.0,7600650.0
150,1950.0,183739864.2,12.184968238316173,88.96186815978783,8.100702576112413,173130682.62,17.255428159844566,3845100.0,14190750.0
200,2000.0,178629514.2,14.627364446222597,90.14354708729448,8.510538641686182,169828582.62,18.833605098435424,8955450.0,17492850.0
