n_migrated,plants,total,packaging,flete,n_tipos_activos,savings_usd,pct_of_full,total_cost,savings_vs_official
0,(none),209364272.425,30295472.424999997,179068800.0,204,0.0,0.0,209364272.425,-129178.4850000143
1,buenos_aires,207453469.475,29797819.474999998,177655650.0,197,1910802.9500000179,9.475217333724474,207453469.475,1781624.4650000036
1,curitiba,202297049.095,29189249.094999995,173107800.0,207,7067223.330000013,35.04467951429398,202297049.095,6938044.844999999
1,santiago,203109613.615,29330563.615,173779050.0,210,6254658.810000002,31.015365332696376,203109613.615,6125480.324999988
1,monterrey,207811174.445,30123274.444999997,177687900.0,221,1553097.980000019,7.7014434696516,207811174.445,1423919.4950000048
1,bakersfield,205983732.31,29760432.31,176223300.0,208,3380540.1150000095,16.763294349633867,205983732.31,3251361.629999995
2,"buenos_aires,curitiba",200386246.145,28691596.145,171694650.0,178,8978026.280000001,44.519896848018305,200386246.145,8848847.794999987
2,"buenos_aires,santiago",201198810.665,28832910.664999995,172365900.0,183,8165461.76000002,40.49058266642085,201198810.665,8036283.275000006
2,"buenos_aires,monterrey",205900371.495,29625621.494999997,176274750.0,195,3463900.930000007,17.176660803375928,205900371.495,3334722.444999993
2,"buenos_aires,bakersfield",204072929.36,29262779.36,174810150.0,181,5291343.064999998,26.238511683358194,204072929.36,5162164.579999983
2,"curitiba,santiago",196042390.285,28224340.284999996,167818050.0,161,13321882.140000015,66.06004484699035,196042390.285,13192703.655000001
2,"curitiba,monterrey",200743951.115,29017051.114999995,171726900.0,202,8620321.310000002,42.74612298394543,200743951.115,8491142.824999988
2,"curitiba,bakersfield",198916508.98,28654208.979999997,170262300.0,189,10447763.445000023,51.80797386392784,198916508.98,10318584.960000008
2,"santiago,monterrey",201556515.635,29158365.634999998,172398150.0,209,7807756.790000021,38.71680880234798,201556515.635,7678578.305000007
2,"santiago,bakersfield",199729073.5,28795523.5,170933550.0,195,9635198.925000012,47.77865968233024,199729073.5,9506020.439999998
2,"monterrey,bakersfield",204430634.32999998,29588234.33,174842400.0,205,4933638.095000029,24.464737819285464,204430634.32999998,4804459.610000014
3,"buenos_aires,curitiba,santiago",194131587.335,27726687.334999997,166404900.0,126,15232685.090000004,75.5352621807147,194131587.335,15103506.60499999
3,"buenos_aires,curitiba,monterrey",198833148.165,28519398.165,170313750.0,170,10531124.26000002,52.221340317669906,198833148.165,10401945.775000006
3,"buenos_aires,curitiba,bakersfield",197005706.03,28156556.03,168849150.0,157,12358566.39500001,61.283191197652165,197005706.03,12229387.909999996
3,"buenos_aires,santiago,monterrey",199645712.685,28660712.684999995,170985000.0,180,9718559.74000001,48.1920261360723,199645712.685,9589381.254999995
3,"buenos_aires,santiago,bakersfield",197818270.55,28297870.549999997,169520400.0,165,11546001.875,57.25387701605457,197818270.55,11416823.389999986
3,"buenos_aires,monterrey,bakersfield",202519831.38,29090581.38,173429250.0,172,6844441.045000017,33.93995515300979,202519831.38,6715262.560000002
3,"curitiba,santiago,monterrey",194489292.305,28052142.304999996,166437150.0,154,14874980.120000005,73.7614883166418,194489292.305,14745801.63499999
3,"curitiba,santiago,bakersfield",192661850.17,27689300.169999998,164972550.0,131,16702422.255000025,82.82333919662422,192661850.17,16573243.77000001
3,"curitiba,monterrey,bakersfield",197363411.0,28482010.999999996,168881400.0,181,12000861.425000012,59.5094173335793,197363411.0,11871682.939999998
3,"santiago,monterrey,bakersfield",198175975.52,28623325.52,169552650.0,191,11188296.905000001,55.48010315198169,198175975.52,11059118.419999987
4,"buenos_aires,curitiba,santiago,monterrey",192578489.355,27554489.354999997,165024000.0,114,16785783.070000023,83.23670565036629,192578489.355,16656604.585000008
4,"buenos_aires,curitiba,santiago,bakersfield",190751047.22,27191647.22,163559400.0,93,18613225.205000013,92.29855653034855,190751047.22,18484046.72
4,"buenos_aires,curitiba,monterrey,bakersfield",195452608.05,27984358.05,167468250.0,142,13911664.375,68.98463466730362,195452608.05,13782485.889999986
4,"buenos_aires,santiago,monterrey,bakersfield",196265172.57,28125672.569999997,168139500.0,155,13099099.85500002,64.95532048570617,196265172.57,12969921.370000005
4,"curitiba,santiago,monterrey,bakersfield",191108752.19,27517102.189999998,163591650.0,118,18255520.235000014,90.52478266627567,191108752.19,18126341.75
5,"buenos_aires,curitiba,santiago,monterrey,bakersfield",189197949.24,27019449.24,162178500.0,41,20166323.185000002,100.0,189197949.24,20037144.699999988
