codigo_producto,largo,ancho,alto,cantidad_paquetes,peso_neto_paquete,peso_neto_caja
BR0001,386.0,286.0,303.0,5,2.5,12.5
BR0002,395.0,296.0,260.0,13,0.75,9.75
BR0003,388.0,288.0,164.0,13,0.75,9.75
BR0004,395.0,296.0,224.0,9,1.25,11.25
BR0005,386.0,286.0,253.0,13,0.75,9.75
BR0006,386.0,286.0,286.0,5,2.5,12.5
BR0007,395.0,296.0,291.0,13,0.75,9.75
BR0008,386.0,286.0,184.0,11,1.0,11.0
BR0009,386.0,286.0,179.0,5,2.5,12.5
BR0010,386.0,286.0,164.0,13,0.75,9.75
BR0011,388.0,288.0,283.0,13,0.75,9.75
BR0012,386.0,286.0,214.0,9,1.25,11.25
BR0013,395.0,296.0,224.0,13,0.5,6.5
BR0014,386.0,286.0,244.0,13,0.75,9.75
BR0015,386.0,286.0,244.0,13,0.75,9.75
BR0016,386.0,286.0,244.0,13,0.75,9.75
BR0017,395.0,296.0,224.0,13,0.75,9.75
BR0018,386.0,286.0,288.0,13,1.0,13.0
BR0019,393.0,255.0,260.0,13,0.5,6.5
BR0020,393.0,255.0,204.0,5,2.5,12.5
BR0021,383.0,248.0,199.0,5,2.5,12.5
BR0022,393.0,255.0,230.0,5,2.5,12.5
BR0023,383.0,248.0,179.0,5,2.5,12.5
BR0024,393.0,255.0,235.0,5,2.5,12.5
BR0025,386.0,286.0,179.0,5,2.5,12.5
BR0026,388.0,288.0,219.0,5,2.5,12.5
BR0027,386.0,286.0,171.0,5,2.5,12.5
BR0028,386.0,286.0,217.0,5,2.5,12.5
BR0029,386.0,286.0,171.0,5,2.5,12.5
BR0030,380.0,282.0,172.0,5,2.5,12.5
BR0031,386.0,286.0,169.0,5,2.5,12.5
BR0032,386.0,286.0,159.0,5,2.5,12.5
BR0033,388.0,288.0,184.0,11,1.0,11.0
BR0034,379.0,246.0,182.0,13,0.75,9.75
BR0035,395.0,296.0,214.0,5,2.5,12.5
BR0036,384.0,286.0,163.0,5,2.5,12.5
BR0037,393.0,255.0,245.0,5,2.5,12.5
BR0038,393.0,255.0,235.0,5,2.5,12.5
BR0039,393.0,255.0,245.0,5,2.5,12.5
BR0040,393.0,255.0,235.0,5,2.5,12.5
BR0041,393.0,255.0,235.0,5,2.5,12.5
BR0042,393.0,255.0,194.0,5,2.5,12.5
BR0043,380.0,252.0,144.0,2,2.5,5.0
BR0044,380.0,252.0,144.0,2,2.5,5.0
BR0045,375.0,182.0,152.0,2,2.5,5.0
BR0046,380.0,252.0,144.0,2,2.5,5.0
BR0047,380.0,252.0,144.0,2,2.5,5.0
BR0048,380.0,252.0,235.0,11,1.0,11.0
BR0049,380.0,252.0,245.0,13,1.0,13.0
BR0050,380.0,252.0,218.0,5,2.5,12.5
BR0051,380.0,252.0,228.0,13,0.75,9.75
BR0052,380.0,252.0,235.0,5,2.5,12.5
BR0053,380.0,252.0,218.0,5,2.5,12.5
BR0054,380.0,252.0,245.0,5,2.5,12.5
BR0055,380.0,252.0,235.0,5,2.5,12.5
BR0056,380.0,252.0,235.0,5,2.5,12.5
BR0057,380.0,252.0,226.0,5,2.5,12.5
BR0058,375.0,182.0,152.0,2,2.5,5.0
BR0059,380.0,252.0,245.0,5,2.5,12.5
BR0060,380.0,252.0,228.0,13,0.75,9.75
BR0061,380.0,252.0,228.0,13,0.75,9.75
BR0062,380.0,252.0,228.0,13,0.75,9.75
BR0063,380.0,252.0,228.0,13,0.75,9.75
BR0064,380.0,252.0,245.0,13,0.75,9.75
BR0065,388.0,288.0,169.0,5,2.5,12.5
BR0066,386.0,286.0,162.0,5,2.5,12.5
BR0067,393.0,255.0,250.0,13,0.5,6.5
BR0068,386.0,286.0,214.0,13,0.5,6.5
BR0069,393.0,255.0,214.0,5,2.5,12.5
BR0070,393.0,255.0,204.0,5,2.5,12.5
BR0071,393.0,255.0,219.0,11,1.0,11.0
BR0072,393.0,255.0,219.0,11,1.0,11.0
BR0073,388.0,288.0,164.0,13,0.75,9.75
BR0074,395.0,296.0,245.0,13,0.5,6.5
BR0075,395.0,296.0,260.0,13,0.75,9.75
BR0076,393.0,255.0,168.0,5,1.0,5.0
BR0077,386.0,286.0,253.0,5,2.5,12.5
BR0078,395.0,296.0,260.0,5,2.5,12.5
BR0079,393.0,255.0,265.0,13,0.5,6.5
BR0080,393.0,255.0,270.0,13,0.5,6.5
BR0081,393.0,255.0,275.0,19,0.5,9.5
BR0082,395.0,296.0,280.0,13,0.5,6.5
BR0083,395.0,296.0,260.0,13,0.5,6.5
BR0084,393.0,255.0,265.0,13,0.5,6.5
BR0085,393.0,255.0,270.0,13,0.5,6.5
BR0086,383.0,248.0,229.0,13,0.75,9.75
BR0087,383.0,248.0,214.0,13,0.5,6.5
BR0088,393.0,255.0,235.0,13,0.75,9.75
BR0089,383.0,248.0,239.0,5,2.5,12.5
BR0090,383.0,248.0,214.0,5,2.5,12.5
BR0091,383.0,248.0,209.0,5,2.5,12.5
BR0092,393.0,255.0,250.0,5,2.5,12.5
BR0092XL,393.0,294.0,224.0,5,2.5,12.5
BR0093,393.0,255.0,250.0,5,2.5,12.5
BR0094,393.0,255.0,224.0,5,2.5,12.5
BR0095,393.0,255.0,224.0,5,2.5,12.5
BR0096,393.0,255.0,204.0,5,2.5,12.5
BR0097,379.0,246.0,197.0,5,2.5,12.5
BR0098,393.0,255.0,209.0,5,2.5,12.5
BR0099,383.0,248.0,199.0,5,2.5,12.5
BR0100,380.0,282.0,181.0,5,2.5,12.5
BR0101,380.0,282.0,175.0,5,2.5,12.5
BR0102,395.0,296.0,178.0,5,2.5,12.5
BR0103,380.0,282.0,201.0,5,2.5,12.5
BR0104,386.0,286.0,201.0,5,2.5,12.5
BR0105,386.0,286.0,179.0,5,2.5,12.5
BR0106,391.0,255.0,230.0,5,2.5,12.5
BR0107,391.0,255.0,240.0,2,5.25,10.5
BR0108,395.0,296.0,301.0,11,1.0,11.0
BR0109,395.0,296.0,306.0,13,1.0,13.0
BR0110,393.0,255.0,224.0,5,2.5,12.5
BR0111,393.0,255.0,204.0,5,2.5,12.5
BR0112,393.0,255.0,209.0,5,2.5,12.5
BR0113,388.0,288.0,278.0,5,2.5,12.5
BR0114,395.0,296.0,255.0,5,1.75,8.75
BR0115,386.0,286.0,283.0,5,2.5,12.5
BR0116,386.0,286.0,164.0,5,2.5,12.5
BR0117,386.0,286.0,256.0,5,2.5,12.5
BR0118,395.0,296.0,219.0,13,0.5,6.5
BR0119,395.0,296.0,184.0,5,2.5,12.5
BR0120,380.0,287.0,219.0,11,1.0,11.0
BR0121,388.0,288.0,348.0,16,0.75,12.0
BR0122,395.0,296.0,352.0,16,0.75,12.0
BR0123,386.0,286.0,278.0,13,1.0,13.0
BR0124,395.0,296.0,352.0,16,0.75,12.0
BR0125,380.0,282.0,202.0,13,1.0,13.0
BR0126,380.0,282.0,256.0,13,1.0,13.0
BR0127,380.0,282.0,202.0,13,1.0,13.0
BR0128,393.0,255.0,209.0,5,2.5,12.5
BR0129,393.0,255.0,209.0,5,2.5,12.5
BR0130,395.0,296.0,250.0,13,0.75,9.75
BR0131,395.0,296.0,260.0,13,1.25,16.25
BR0132,395.0,245.0,230.0,11,1.0,11.0
BR0133,395.0,245.0,230.0,5,2.5,12.5
BR0134,386.0,286.0,268.0,11,1.25,13.75
BR0135,388.0,288.0,273.0,5,2.5,12.5
BR0136,379.0,281.0,289.0,5,2.5,12.5
BR0136XL,379.0,285.0,289.0,5,2.5,12.5
BR0137,393.0,255.0,311.0,5,2.5,12.5
BR0138,380.0,252.0,144.0,2,2.5,5.0
BR0139,395.0,296.0,270.0,5,1.75,8.75
BR0140,386.0,286.0,239.0,13,0.5,6.5
BR0141,386.0,286.0,239.0,13,0.5,6.5
BR0142,386.0,286.0,318.0,11,1.0,11.0
BR0143,380.0,282.0,266.0,5,2.5,12.5
BR0144,380.0,282.0,215.0,5,2.5,12.5
BR0145,388.0,288.0,179.0,5,2.5,12.5
BR0146,391.0,296.0,173.0,5,2.5,12.5
BR0147,388.0,288.0,214.0,5,2.5,12.5
BR0148,388.0,288.0,189.0,5,2.5,12.5
BR0149,388.0,288.0,174.0,5,2.5,12.5
BR0150,386.0,286.0,192.0,5,2.5,12.5
BR0151,386.0,286.0,229.0,5,2.5,12.5
BR0152,386.0,286.0,204.0,5,2.5,12.5
BR0153,386.0,286.0,232.0,5,2.5,12.5
BR0154,388.0,288.0,214.0,5,2.5,12.5
BR0155,386.0,286.0,204.0,5,2.5,12.5
BR0156,388.0,288.0,174.0,5,2.5,12.5
BR0157,386.0,286.0,256.0,5,2.5,12.5
BR0158,388.0,288.0,164.0,5,2.5,12.5
BR0159,386.0,286.0,164.0,5,2.5,12.5
BR0160,386.0,286.0,164.0,5,2.5,12.5
BR0161,388.0,288.0,189.0,5,2.5,12.5
BR0162,383.0,285.0,226.0,11,1.0,11.0
BR0163,386.0,286.0,214.0,5,2.5,12.5
BR0164,388.0,288.0,149.0,5,2.5,12.5
BR0165,383.0,285.0,191.0,5,2.5,12.5
BR0166,388.0,288.0,144.0,5,1.0,5.0
BR0167,395.0,296.0,148.0,5,1.0,5.0
BR0168,388.0,288.0,199.0,5,1.0,5.0
BR0169,383.0,285.0,211.0,11,1.0,11.0
BR0170,388.0,288.0,144.0,5,1.0,5.0
BR0171,380.0,282.0,167.0,11,1.0,11.0
BR0172,386.0,286.0,229.0,5,1.75,8.75
BR0173,386.0,286.0,209.0,5,1.75,8.75
BR0174,386.0,286.0,164.0,5,1.75,8.75
BR0175,386.0,286.0,288.0,5,1.75,8.75
BR0176,393.0,255.0,168.0,5,1.0,5.0
BR0177,393.0,255.0,168.0,5,1.0,5.0
BR0178,393.0,250.0,168.0,5,1.0,5.0
BR0179,384.0,286.0,148.0,5,1.0,5.0
BR0180,393.0,255.0,168.0,5,1.0,5.0
BR0181,393.0,255.0,168.0,5,1.0,5.0
BR0182,395.0,292.0,245.0,5,2.5,12.5
BR0183,393.0,255.0,219.0,5,2.5,12.5
BR0184,386.0,286.0,194.0,5,2.5,12.5
BR0185,393.0,255.0,286.0,5,2.5,12.5
BR0186,386.0,286.0,204.0,5,2.5,12.5
BR0187,393.0,255.0,291.0,5,2.5,12.5
BR0188,395.0,292.0,194.0,5,2.5,12.5
BR0189,393.0,255.0,245.0,5,2.5,12.5
BR0190,393.0,255.0,245.0,5,2.5,12.5
BR0191,393.0,255.0,219.0,5,2.5,12.5
BR0192,383.0,248.0,199.0,5,2.5,12.5
BR0193,393.0,255.0,286.0,5,2.5,12.5
BR0194,395.0,296.0,286.0,5,1.75,8.75
BR0195,395.0,296.0,291.0,5,2.5,12.5
BR0196,388.0,288.0,268.0,5,2.5,12.5
BR0197,388.0,288.0,194.0,5,2.5,12.5
BR0198,381.0,283.0,188.0,5,2.5,12.5
BR0199,388.0,288.0,219.0,5,2.5,12.5
BR0200,386.0,286.0,171.0,5,2.5,12.5
BR0201,395.0,296.0,214.0,5,2.5,12.5
BR0202,388.0,288.0,169.0,5,2.5,12.5
BR0203,393.0,255.0,209.0,5,2.5,12.5
BR0204,393.0,255.0,224.0,5,2.5,12.5
BR0205,386.0,286.0,229.0,5,2.5,12.5
BR0206,386.0,286.0,199.0,5,2.5,12.5
BR0207,386.0,286.0,199.0,5,2.5,12.5
BR0208,393.0,255.0,235.0,5,2.5,12.5
BR0209,384.0,284.0,179.0,5,2.5,12.5
BR0209XL,384.0,286.0,184.0,5,2.5,12.5
BR0210,388.0,288.0,169.0,5,2.5,12.5
BR0211,388.0,288.0,169.0,5,2.5,12.5
BR0212,388.0,288.0,353.0,5,2.5,12.5
BR0213,395.0,296.0,194.0,11,0.5,5.5
BR0214,395.0,296.0,178.0,11,0.5,5.5
BR0215,395.0,296.0,178.0,9,0.5,4.5
BR0216,393.0,255.0,168.0,11,0.5,5.5
BR0217,395.0,296.0,163.0,9,0.75,6.75
BR0218,386.0,286.0,169.0,13,0.75,9.75
BR0219,395.0,296.0,158.0,9,0.75,6.75
BR0220,393.0,255.0,184.0,9,0.5,4.5
BR0221,393.0,255.0,173.0,9,0.5,4.5
BR0222,393.0,255.0,199.0,9,0.5,4.5
BR0223,393.0,255.0,184.0,9,0.75,6.75
BR0224,393.0,255.0,148.0,9,0.5,4.5
BR0225,383.0,248.0,154.0,9,0.75,6.75
BR0226,393.0,255.0,184.0,11,0.75,8.25
BR0227,383.0,248.0,179.0,9,0.75,6.75
BR0228,393.0,255.0,184.0,9,0.75,6.75
BR0229,393.0,255.0,199.0,9,0.5,4.5
BR0230,395.0,296.0,138.0,9,0.75,6.75
BR0231,395.0,296.0,168.0,9,0.75,6.75
BR0232,386.0,286.0,256.0,5,2.5,12.5
BR0233,395.0,296.0,291.0,5,2.5,12.5
BR0234,393.0,255.0,184.0,5,2.5,12.5
BR0235,393.0,255.0,265.0,5,2.5,12.5
BR0236,393.0,255.0,260.0,5,2.5,12.5
BR0237,388.0,288.0,229.0,5,2.5,12.5
BR0238,380.0,282.0,271.0,5,1.75,8.75
BR0239,383.0,248.0,253.0,5,2.5,12.5
BR0240,383.0,248.0,253.0,5,2.5,12.5
BR0241,380.0,282.0,251.0,5,2.5,12.5
BR0242,386.0,286.0,253.0,5,1.75,8.75
BR0243,386.0,286.0,283.0,5,2.5,12.5
BR0244,386.0,286.0,253.0,5,2.5,12.5
BR0245,378.0,245.0,235.0,11,1.0,11.0
BR0246,378.0,245.0,245.0,11,1.0,11.0
BR0247,385.0,255.0,318.0,5,2.5,12.5
BR0248,395.0,264.0,330.0,5,2.5,12.5
BR0249,386.0,286.0,288.0,5,2.5,12.5
BR0250,386.0,286.0,288.0,5,2.5,12.5
BR0251,385.0,255.0,328.0,5,2.5,12.5
BR0252,385.0,255.0,328.0,5,2.5,12.5
BR0253,395.0,264.0,330.0,5,2.5,12.5
BR0254,395.0,264.0,330.0,5,2.5,12.5
BR0255,379.0,268.0,363.0,5,2.5,12.5
BR0256,379.0,268.0,358.0,5,2.5,12.5
BR0257,386.0,286.0,288.0,5,2.5,12.5
BR0258,386.0,286.0,288.0,5,2.5,12.5
BR0259,383.0,248.0,244.0,5,2.5,12.5
BR0260,393.0,255.0,209.0,5,2.5,12.5
BR0261,393.0,255.0,194.0,5,2.5,12.5
BR0262,393.0,255.0,194.0,11,1.0,11.0
BR0263,383.0,248.0,194.0,5,2.5,12.5
BR0264,383.0,248.0,199.0,5,2.5,12.5
BR0265,383.0,248.0,184.0,5,2.5,12.5
BR0266,395.0,296.0,250.0,13,0.75,9.75
BR0267,385.0,255.0,318.0,5,2.5,12.5
BR0268,386.0,286.0,179.0,5,2.5,12.5
BR0269,386.0,286.0,184.0,11,1.0,11.0
BR0270,388.0,288.0,194.0,5,2.5,12.5
BR0271,386.0,286.0,199.0,13,0.75,9.75
BR0272,388.0,288.0,239.0,13,0.75,9.75
BR0273,386.0,286.0,214.0,5,2.5,12.5
BR0274,386.0,286.0,263.0,13,1.0,13.0
BR0275,388.0,288.0,164.0,13,0.75,9.75
BR0276,386.0,286.0,164.0,5,2.5,12.5
BR0277,386.0,286.0,283.0,13,0.75,9.75
BR0278,386.0,286.0,283.0,5,2.5,12.5
BR0279,386.0,286.0,263.0,13,0.75,9.75
BR0280,386.0,286.0,256.0,5,2.5,12.5
BR0281,381.0,283.0,229.0,11,1.0,11.0
BR0282,395.0,296.0,255.0,13,0.5,6.5
BR0283,388.0,288.0,227.0,11,1.0,11.0
BR0284,380.0,282.0,210.0,11,1.0,11.0
BR0285,384.0,286.0,167.0,11,1.0,11.0
BR0286,380.0,282.0,185.0,11,1.0,11.0
BR0287,386.0,286.0,283.0,5,2.5,12.5
BR0288,395.0,245.0,214.0,5,2.5,12.5
BR0289,383.0,248.0,204.0,5,2.5,12.5
BR0290,395.0,296.0,291.0,5,2.5,12.5
BR0291,395.0,296.0,189.0,5,2.5,12.5
BR0292,395.0,296.0,275.0,16,0.5,8.0
BR0293,388.0,288.0,219.0,16,0.75,12.0
BR0294,395.0,296.0,173.0,13,0.75,9.75
BR0295,395.0,296.0,224.0,13,0.5,6.5
BR0296,395.0,296.0,224.0,11,1.25,13.75
BR0297,388.0,288.0,144.0,13,0.5,6.5
BR0298,386.0,286.0,144.0,13,0.5,6.5
BR0299,386.0,286.0,219.0,13,1.0,13.0
BR0300,379.0,246.0,212.0,13,0.75,9.75
BR0301,379.0,246.0,251.0,11,1.0,11.0
BR0302,379.0,246.0,207.0,5,1.75,8.75
BR0303,380.0,252.0,144.0,2,3.0,6.0
BR0304,393.0,250.0,168.0,5,1.0,5.0
BR0305,379.0,281.0,271.0,5,2.5,12.5
BR0306,386.0,286.0,258.0,5,2.5,12.5
BR0307,380.0,282.0,261.0,5,2.5,12.5
BR0308,380.0,282.0,212.0,11,1.0,11.0
BR0309,384.0,286.0,167.0,11,1.0,11.0
BR0310,393.0,255.0,291.0,5,1.0,5.0
BR0310XL,393.0,297.0,257.0,5,1.0,5.0
BR0311,395.0,296.0,204.0,5,1.0,5.0
BR0312,395.0,296.0,204.0,5,1.0,5.0
BR0313,395.0,296.0,204.0,5,1.0,5.0
BR0314,384.0,284.0,179.0,5,2.5,12.5
BR0314XL,384.0,286.0,179.0,5,2.5,12.5
BR0315,385.0,285.0,170.0,5,2.5,12.5
BR0316,380.0,282.0,163.0,5,2.5,12.5
BR0317,380.0,282.0,163.0,5,2.5,12.5
BR0318,386.0,286.0,194.0,5,2.5,12.5
BR0319,380.0,282.0,158.0,5,2.5,12.5
BR0320,387.0,287.0,214.0,5,2.5,12.5
BR0321,383.0,248.0,244.0,5,2.5,12.5
BR0322,386.0,286.0,229.0,5,2.5,12.5
BR0323,395.0,296.0,235.0,5,2.5,12.5
BR0324,383.0,248.0,189.0,5,2.5,12.5
BR0325,393.0,255.0,265.0,13,0.5,6.5
BR0326,383.0,248.0,258.0,13,0.5,6.5
BR0327,383.0,248.0,268.0,13,0.5,6.5
BR0328,383.0,248.0,214.0,9,0.75,6.75
BR0329,383.0,248.0,224.0,9,0.75,6.75
BR0330,383.0,248.0,214.0,9,0.75,6.75
BR0331,383.0,248.0,224.0,9,0.75,6.75
BR0332,393.0,255.0,255.0,5,2.5,12.5
BR0333,380.0,282.0,212.0,5,2.5,12.5
BR0334,393.0,255.0,235.0,5,2.5,12.5
BR0335,393.0,255.0,235.0,5,2.5,12.5
BR0336,380.0,282.0,192.0,5,2.5,12.5
BR0337,383.0,248.0,209.0,5,2.5,12.5
BR0338,386.0,286.0,174.0,5,2.5,12.5
BR0339,383.0,248.0,248.0,5,2.5,12.5
BR0340,393.0,255.0,224.0,5,2.5,12.5
BR0340XL,393.0,255.0,235.0,5,2.5,12.5
BR0341,383.0,248.0,214.0,5,2.5,12.5
BR0342,393.0,255.0,235.0,5,2.5,12.5
BR0343,393.0,255.0,321.0,5,2.5,12.5
BR0344,393.0,255.0,291.0,5,2.5,12.5
BR0345,391.0,292.0,316.0,5,2.5,12.5
BR0346,386.0,286.0,239.0,5,2.5,12.5
BR0347,386.0,286.0,239.0,5,2.5,12.5
BR0348,380.0,282.0,305.0,5,2.5,12.5
BR0349,395.0,296.0,245.0,5,2.5,12.5
BR0350,383.0,285.0,206.0,11,1.0,11.0
BR0351,383.0,285.0,206.0,11,1.0,11.0
BR0352,393.0,255.0,291.0,5,2.5,12.5
BR0353,380.0,252.0,245.0,13,0.75,9.75
BR0354,393.0,255.0,270.0,13,0.5,6.5
BR0355,393.0,255.0,204.0,13,0.5,6.5
BR0356,393.0,255.0,265.0,13,0.5,6.5
BR0357,383.0,248.0,229.0,13,0.75,9.75
BR0358,395.0,296.0,245.0,13,0.75,9.75
BR0359,380.0,252.0,228.0,13,0.75,9.75
BR0360,386.0,286.0,199.0,5,2.5,12.5
BR0361,386.0,286.0,164.0,5,2.5,12.5
BR0362,395.0,296.0,260.0,5,2.5,12.5
BR0363,386.0,286.0,273.0,5,2.5,12.5
BR0364,395.0,296.0,219.0,5,2.5,12.5
BR0365,386.0,286.0,179.0,5,2.5,12.5
BR0366,395.0,294.0,214.0,5,2.5,12.5
BR0367,386.0,286.0,199.0,5,2.5,12.5
BR0368,386.0,286.0,184.0,5,2.5,12.5
BR0369,395.0,296.0,260.0,5,2.5,12.5
BR0370,395.0,296.0,224.0,11,1.25,13.75
BR0371,395.0,296.0,240.0,13,1.0,13.0
BR0372,395.0,296.0,250.0,13,0.75,9.75
BR0373,395.0,296.0,286.0,16,0.5,8.0
BR0374,395.0,296.0,245.0,13,1.0,13.0
BR0375,386.0,286.0,263.0,11,1.25,13.75
BR0376,395.0,294.0,250.0,13,0.75,9.75
BR0377,395.0,294.0,250.0,13,0.75,9.75
BR0378,393.0,255.0,250.0,5,2.5,12.5
BR0379,393.0,255.0,250.0,5,2.5,12.5
BR0380,393.0,255.0,250.0,5,2.5,12.5
BR0381,393.0,255.0,230.0,5,2.5,12.5
BR0382,393.0,255.0,230.0,5,2.5,12.5
BR0383,393.0,255.0,230.0,5,2.5,12.5
BR0384,393.0,255.0,214.0,5,2.5,12.5
BR0385,393.0,255.0,214.0,5,2.5,12.5
BR0386,386.0,286.0,229.0,5,2.5,12.5
BR0387,386.0,286.0,199.0,5,2.5,12.5
BR0388,383.0,248.0,224.0,5,2.5,12.5
BR0389,393.0,255.0,219.0,5,2.5,12.5
BR0390,393.0,255.0,250.0,5,2.5,12.5
BR0391,393.0,255.0,194.0,5,2.5,12.5
BR0392,391.0,292.0,172.0,5,2.5,12.5
BR0393,393.0,255.0,194.0,11,1.0,11.0
BR0394,383.0,248.0,194.0,5,2.5,12.5
BR0395,383.0,248.0,189.0,5,2.5,12.5
BR0396,388.0,288.0,209.0,5,2.5,12.5
BR0397,395.0,296.0,214.0,5,2.5,12.5
BR0398,386.0,286.0,209.0,5,2.5,12.5
BR0399,386.0,286.0,298.0,5,2.5,12.5
BR0400,388.0,288.0,293.0,5,2.5,12.5
BR0401,395.0,296.0,194.0,5,2.5,12.5
BR0402,386.0,286.0,174.0,13,0.75,9.75
BR0403,383.0,248.0,318.0,5,2.5,12.5
BR0404,383.0,248.0,234.0,11,1.0,11.0
BR0405,386.0,286.0,179.0,5,2.5,12.5
BR0406,386.0,286.0,303.0,5,2.5,12.5
BR0407,386.0,286.0,263.0,5,2.5,12.5
BR0408,386.0,286.0,303.0,11,1.0,11.0
BR0409,383.0,248.0,234.0,5,2.5,12.5
BR0410,380.0,282.0,286.0,5,1.75,8.75
BR0411,386.0,286.0,204.0,5,2.5,12.5
BR0412,386.0,286.0,229.0,5,2.5,12.5
BR0413,386.0,286.0,239.0,5,2.5,12.5
BR0414,386.0,286.0,179.0,11,0.5,5.5
BR0415,383.0,248.0,253.0,5,2.5,12.5
BR0416,386.0,286.0,179.0,5,2.5,12.5
BR0417,383.0,248.0,234.0,11,0.75,8.25
BR0418,383.0,248.0,234.0,11,0.75,8.25
BR0419,395.0,296.0,173.0,5,2.5,12.5
BR0420,393.0,255.0,204.0,5,2.5,12.5
BR0421,393.0,255.0,224.0,5,2.5,12.5
